metric,sn,scan_id,scan_processed_date,mean,median,min,max
Core Area (mm²),LLAQ33T068462,1767,1/24/2024 18:22,13.366,13.36871,13.30246,13.45808
Anode Overhang (All) (mm),LLAQ33T068462,1767,1/24/2024 18:22,0.726,0.7344,0.576,0.8784
Anode Overhang (Top) (mm),LLAQ33T068462,1767,1/24/2024 18:22,0.786,0.78938,0.648,0.86412
Anode Overhang (Bottom) (mm),LLAQ33T068462,1767,1/24/2024 18:22,0.665,0.6663,0.576,0.8784
Cathode Width (mm),LLAQ33T068462,1767,1/24/2024 18:22,57.906,57.90244,57.744,58.0179
Core Area (mm²),KLAQ23T048098,1768,1/24/2024 18:32,13.199,13.20106,13.1516,13.26098
Anode Overhang (All) (mm),KLAQ23T048098,1768,1/24/2024 18:32,0.711,0.70619,0.5616,0.85009
Anode Overhang (Top) (mm),KLAQ23T048098,1768,1/24/2024 18:32,0.725,0.72014,0.58741,0.85009
Anode Overhang (Bottom) (mm),KLAQ23T048098,1768,1/24/2024 18:32,0.697,0.7056,0.5616,0.77973
Cathode Width (mm),KLAQ23T048098,1768,1/24/2024 18:32,57.866,57.8592,57.71522,57.97443
Core Area (mm²),LLAQ33T068517,1769,1/24/2024 18:41,13.12,13.11459,13.05248,13.26368
Anode Overhang (All) (mm),LLAQ33T068517,1769,1/24/2024 18:41,0.727,0.72058,0.53976,0.89326
Anode Overhang (Top) (mm),LLAQ33T068517,1769,1/24/2024 18:41,0.812,0.80653,0.64816,0.89326
Anode Overhang (Bottom) (mm),LLAQ33T068517,1769,1/24/2024 18:41,0.642,0.64864,0.53976,0.82131
Cathode Width (mm),LLAQ33T068517,1769,1/24/2024 18:41,57.9,57.90244,57.7584,58.0179
Anode Overhang (All) (mm),LLAQ33T078749,1770,1/24/2024 18:51,0.735,0.73475,0.576,0.89326
Anode Overhang (Top) (mm),LLAQ33T078749,1770,1/24/2024 18:51,0.688,0.67818,0.576,0.82131
Anode Overhang (Bottom) (mm),LLAQ33T078749,1770,1/24/2024 18:51,0.779,0.77973,0.63376,0.89326
Cathode Width (mm),LLAQ33T078749,1770,1/24/2024 18:51,57.908,57.91702,57.7584,58.01782
Core Area (mm²),LLAQ33T078749,1770,1/24/2024 18:51,13.147,13.12278,13.07788,13.31085
Core Area (mm²),LLAQ33T068534,1771,1/24/2024 19:00,12.996,12.98851,12.95005,13.09416
Anode Overhang (All) (mm),LLAQ33T068534,1771,1/24/2024 19:00,0.728,0.7223,0.5904,0.85009
Anode Overhang (Top) (mm),LLAQ33T068534,1771,1/24/2024 19:00,0.754,0.73454,0.648,0.85009
Anode Overhang (Bottom) (mm),LLAQ33T068534,1771,1/24/2024 19:00,0.702,0.72014,0.5904,0.83532
Cathode Width (mm),LLAQ33T068534,1771,1/24/2024 19:00,57.892,57.88802,57.74404,58.01774
Core Area (mm²),LLAQ21T000980,1772,1/24/2024 19:09,12.778,12.78654,12.62501,12.9009
Anode Overhang (All) (mm),LLAQ21T000980,1772,1/24/2024 19:09,0.738,0.73567,0.67496,0.7967
Anode Overhang (Top) (mm),LLAQ21T000980,1772,1/24/2024 19:09,0.737,0.73666,0.67496,0.79252
Anode Overhang (Bottom) (mm),LLAQ21T000980,1772,1/24/2024 19:09,0.739,0.73496,0.67695,0.7967
Cathode Width (mm),LLAQ21T000980,1772,1/24/2024 19:09,57.886,57.88804,57.672,58.00322
Core Area (mm²),KLAQ31T069139,1773,1/24/2024 19:19,13.119,13.11894,13.07954,13.15855
Anode Overhang (All) (mm),KLAQ31T069139,1773,1/24/2024 19:19,0.719,0.67614,0.4896,0.96491
Anode Overhang (Top) (mm),KLAQ31T069139,1773,1/24/2024 19:19,0.85,0.8496,0.59738,0.96491
Anode Overhang (Bottom) (mm),KLAQ31T069139,1773,1/24/2024 19:19,0.588,0.6048,0.4896,0.68427
Cathode Width (mm),KLAQ31T069139,1773,1/24/2024 19:19,57.908,57.9168,57.7584,58.01764
Core Area (mm²),KLAQ34T029055,1774,1/24/2024 19:28,13.23,13.21536,13.14776,13.38084
Anode Overhang (All) (mm),KLAQ34T029055,1774,1/24/2024 19:28,0.713,0.72,0.61567,0.80033
Anode Overhang (Top) (mm),KLAQ34T029055,1774,1/24/2024 19:28,0.685,0.69135,0.61567,0.73666
Anode Overhang (Bottom) (mm),KLAQ34T029055,1774,1/24/2024 19:28,0.739,0.73454,0.67695,0.80033
Cathode Width (mm),KLAQ34T029055,1774,1/24/2024 19:28,57.914,57.91685,57.7728,58.03201
Core Area (mm²),LLAQ21T001026,1775,1/24/2024 19:37,13.113,13.12361,12.95658,13.25051
Anode Overhang (All) (mm),LLAQ21T001026,1775,1/24/2024 19:37,0.741,0.7488,0.57762,0.89384
Anode Overhang (Top) (mm),LLAQ21T001026,1775,1/24/2024 19:37,0.695,0.67925,0.57762,0.82093
Anode Overhang (Bottom) (mm),LLAQ21T001026,1775,1/24/2024 19:37,0.786,0.79213,0.6768,0.89384
Cathode Width (mm),LLAQ21T001026,1775,1/24/2024 19:37,57.896,57.90242,57.6576,58.01774
Core Area (mm²),KLAQ33T009369,1776,1/24/2024 19:47,13.207,13.21142,13.14144,13.27145
Anode Overhang (All) (mm),KLAQ33T009369,1776,1/24/2024 19:47,0.722,0.72014,0.6048,0.83532
Anode Overhang (Top) (mm),KLAQ33T009369,1776,1/24/2024 19:47,0.732,0.73666,0.63376,0.83532
Anode Overhang (Bottom) (mm),KLAQ33T009369,1776,1/24/2024 19:47,0.712,0.70619,0.6048,0.80691
Cathode Width (mm),KLAQ33T009369,1776,1/24/2024 19:47,57.91,57.91698,57.7584,58.00329
Core Area (mm²),KLAQ34T029138,1777,1/24/2024 19:56,13.016,12.99764,12.93284,13.20033
Anode Overhang (All) (mm),KLAQ34T029138,1777,1/24/2024 19:56,0.719,0.72058,0.56234,0.86831
Anode Overhang (Top) (mm),KLAQ34T029138,1777,1/24/2024 19:56,0.649,0.63425,0.56234,0.73666
Anode Overhang (Bottom) (mm),KLAQ34T029138,1777,1/24/2024 19:56,0.786,0.79213,0.69135,0.86831
Cathode Width (mm),KLAQ34T029138,1777,1/24/2024 19:56,57.92,57.91695,57.7872,58.032
Core Area (mm²),LLAQ33T068692,1778,1/24/2024 20:05,13.25,13.24595,13.20603,13.2981
Anode Overhang (All) (mm),LLAQ33T068692,1778,1/24/2024 20:05,0.727,0.74894,0.51135,0.93611
Anode Overhang (Top) (mm),LLAQ33T068692,1778,1/24/2024 20:05,0.833,0.82282,0.6912,0.93611
Anode Overhang (Bottom) (mm),LLAQ33T068692,1778,1/24/2024 20:05,0.62,0.62337,0.51135,0.792
Cathode Width (mm),LLAQ33T068692,1778,1/24/2024 20:05,57.894,57.888,57.74401,58.0179
Core Area (mm²),LLAQ33T068540,1779,1/24/2024 20:14,12.946,12.93937,12.89178,13.00541
Anode Overhang (All) (mm),LLAQ33T068540,1779,1/24/2024 20:14,0.723,0.73475,0.4464,0.97962
Anode Overhang (Top) (mm),LLAQ33T068540,1779,1/24/2024 20:14,0.842,0.80756,0.6912,0.97962
Anode Overhang (Bottom) (mm),LLAQ33T068540,1779,1/24/2024 20:14,0.605,0.6336,0.4464,0.79252
Cathode Width (mm),LLAQ33T068540,1779,1/24/2024 20:14,57.895,57.87382,57.7728,58.01764
Core Area (mm²),KLAQ34T029012,1780,1/24/2024 20:24,13.084,13.06658,12.99722,13.21381
Anode Overhang (All) (mm),KLAQ34T029012,1780,1/24/2024 20:24,0.717,0.72,0.6336,0.79839
Anode Overhang (Top) (mm),KLAQ34T029012,1780,1/24/2024 20:24,0.696,0.69494,0.6336,0.74894
Anode Overhang (Bottom) (mm),KLAQ34T029012,1780,1/24/2024 20:24,0.736,0.73454,0.6912,0.79839
Cathode Width (mm),KLAQ34T029012,1780,1/24/2024 20:24,57.917,57.91695,57.7872,58.032
Anode Overhang (All) (mm),KLAQ34T029063,1781,1/24/2024 20:33,0.715,0.7344,0.5328,0.9072
Anode Overhang (Top) (mm),KLAQ34T029063,1781,1/24/2024 20:33,0.61,0.60497,0.5328,0.73454
Anode Overhang (Bottom) (mm),KLAQ34T029063,1781,1/24/2024 20:33,0.82,0.82194,0.7344,0.9072
Cathode Width (mm),KLAQ34T029063,1781,1/24/2024 20:33,57.918,57.91696,57.7728,58.03203
Core Area (mm²),KLAQ34T029063,1781,1/24/2024 20:33,13.169,13.16809,12.99162,13.29623
Core Area (mm²),LLAQ33T068490,1782,1/24/2024 20:42,13.134,13.13864,13.0728,13.21806
Anode Overhang (All) (mm),LLAQ33T068490,1782,1/24/2024 20:42,0.725,0.7344,0.5186,0.92171
Anode Overhang (Top) (mm),LLAQ33T068490,1782,1/24/2024 20:42,0.83,0.82093,0.7344,0.92171
Anode Overhang (Bottom) (mm),LLAQ33T068490,1782,1/24/2024 20:42,0.619,0.62071,0.5186,0.79213
Cathode Width (mm),LLAQ33T068490,1782,1/24/2024 20:42,57.895,57.88824,57.7584,58.01766
Anode Overhang (All) (mm),KLAQ31T085039,1783,1/24/2024 20:52,0.707,0.72014,0.4896,0.9216
Anode Overhang (Top) (mm),KLAQ31T085039,1783,1/24/2024 20:52,0.826,0.82093,0.72,0.9216
Anode Overhang (Bottom) (mm),KLAQ31T085039,1783,1/24/2024 20:52,0.588,0.5932,0.4896,0.73454
Cathode Width (mm),KLAQ31T085039,1783,1/24/2024 20:52,57.897,57.9024,57.77302,58.00322
Core Area (mm²),KLAQ31T085039,1783,1/24/2024 20:52,13.042,13.04046,12.96425,13.11915
Core Area (mm²),KLAQ31T085071,1784,1/24/2024 21:01,13.097,13.09354,13.03475,13.15616
Anode Overhang (All) (mm),KLAQ31T085071,1784,1/24/2024 21:01,0.711,0.73001,0.56126,0.86412
Anode Overhang (Top) (mm),KLAQ31T085071,1784,1/24/2024 21:01,0.78,0.7776,0.69851,0.86412
Anode Overhang (Bottom) (mm),KLAQ31T085071,1784,1/24/2024 21:01,0.64,0.64864,0.56126,0.71276
Cathode Width (mm),KLAQ31T085071,1784,1/24/2024 21:01,57.892,57.888,57.744,58.00342
Core Area (mm²),KLAQ23T032168,1785,1/24/2024 21:11,13.38,13.36404,13.26606,13.55212
Anode Overhang (All) (mm),KLAQ23T032168,1785,1/24/2024 21:11,0.711,0.72,0.5616,0.85009
Anode Overhang (Top) (mm),KLAQ23T032168,1785,1/24/2024 21:11,0.784,0.78239,0.58475,0.85009
Anode Overhang (Bottom) (mm),KLAQ23T032168,1785,1/24/2024 21:11,0.638,0.63768,0.5616,0.77773
Cathode Width (mm),KLAQ23T032168,1785,1/24/2024 21:11,57.924,57.9312,57.7728,58.04644
Core Area (mm²),LLAQ21T036966,1786,1/24/2024 21:20,13.192,13.18789,13.16093,13.23662
Anode Overhang (All) (mm),LLAQ21T036966,1786,1/24/2024 21:20,0.724,0.7223,0.6048,0.8357
Anode Overhang (Top) (mm),LLAQ21T036966,1786,1/24/2024 21:20,0.738,0.73792,0.63425,0.8357
Anode Overhang (Bottom) (mm),LLAQ21T036966,1786,1/24/2024 21:20,0.709,0.70575,0.6048,0.83532
Cathode Width (mm),LLAQ21T036966,1786,1/24/2024 21:20,57.896,57.88809,57.7728,58.00324
Core Area (mm²),KLAQ34T029044,1787,1/24/2024 21:29,12.999,13.008,12.87623,13.12278
Anode Overhang (All) (mm),KLAQ34T029044,1787,1/24/2024 21:29,0.716,0.72,0.64864,0.78093
Anode Overhang (Top) (mm),KLAQ34T029044,1787,1/24/2024 21:29,0.691,0.69135,0.64864,0.73454
Anode Overhang (Bottom) (mm),KLAQ34T029044,1787,1/24/2024 21:29,0.741,0.73666,0.6912,0.78093
Cathode Width (mm),KLAQ34T029044,1787,1/24/2024 21:29,57.928,57.9312,57.78721,58.03201
Core Area (mm²),KLAQ31T068978,1788,1/24/2024 21:39,13.158,13.14579,13.10754,13.25559
Anode Overhang (All) (mm),KLAQ31T068978,1788,1/24/2024 21:39,0.712,0.70926,0.576,0.85009
Anode Overhang (Top) (mm),KLAQ31T068978,1788,1/24/2024 21:39,0.743,0.73454,0.66068,0.85009
Anode Overhang (Bottom) (mm),KLAQ31T068978,1788,1/24/2024 21:39,0.682,0.69255,0.576,0.74935
Cathode Width (mm),KLAQ31T068978,1788,1/24/2024 21:39,57.914,57.91682,57.75844,58.0179
Core Area (mm²),KLAQ34T029045,1789,1/24/2024 21:48,13.435,13.43548,13.3827,13.49063
Anode Overhang (All) (mm),KLAQ34T029045,1789,1/24/2024 21:48,0.719,0.73567,0.57329,0.85556
Anode Overhang (Top) (mm),KLAQ34T029045,1789,1/24/2024 21:48,0.652,0.64944,0.57329,0.72058
Anode Overhang (Bottom) (mm),KLAQ34T029045,1789,1/24/2024 21:48,0.784,0.77813,0.72014,0.85556
Cathode Width (mm),KLAQ34T029045,1789,1/24/2024 21:48,57.916,57.9312,57.77282,58.032
Core Area (mm²),KLAQ34T029074,1790,1/24/2024 21:58,13.188,13.18903,13.13221,13.23206
Anode Overhang (All) (mm),KLAQ34T029074,1790,1/24/2024 21:58,0.715,0.72,0.59477,0.82884
Anode Overhang (Top) (mm),KLAQ34T029074,1790,1/24/2024 21:58,0.7,0.70575,0.59477,0.79252
Anode Overhang (Bottom) (mm),KLAQ34T029074,1790,1/24/2024 21:58,0.73,0.72129,0.648,0.82884
Cathode Width (mm),KLAQ34T029074,1790,1/24/2024 21:58,57.93,57.9456,57.7728,58.03202
Core Area (mm²),KLAQ34T029135,1791,1/24/2024 22:07,13.266,13.26606,13.19172,13.34216
Anode Overhang (All) (mm),KLAQ34T029135,1791,1/24/2024 22:07,0.717,0.71474,0.55192,0.864
Anode Overhang (Top) (mm),KLAQ34T029135,1791,1/24/2024 22:07,0.629,0.61987,0.55192,0.69494
Anode Overhang (Bottom) (mm),KLAQ34T029135,1791,1/24/2024 22:07,0.805,0.80653,0.73454,0.864
Cathode Width (mm),KLAQ34T029135,1791,1/24/2024 22:07,57.923,57.9312,57.7872,58.01769
Core Area (mm²),LLAQ33T068703,1792,1/24/2024 22:17,12.96,12.95513,12.87229,13.12921
Anode Overhang (All) (mm),LLAQ33T068703,1792,1/24/2024 22:17,0.725,0.72129,0.6192,0.82533
Anode Overhang (Top) (mm),LLAQ33T068703,1792,1/24/2024 22:17,0.746,0.7223,0.648,0.82533
Anode Overhang (Bottom) (mm),LLAQ33T068703,1792,1/24/2024 22:17,0.705,0.72014,0.6192,0.80653
Cathode Width (mm),LLAQ33T068703,1792,1/24/2024 22:17,57.897,57.88816,57.75842,58.01761
Core Area (mm²),KLAQ31T085057,1793,1/24/2024 22:26,13.243,13.2501,13.17057,13.32464
Anode Overhang (All) (mm),KLAQ31T085057,1793,1/24/2024 22:26,0.709,0.69877,0.5184,0.87887
Anode Overhang (Top) (mm),KLAQ31T085057,1793,1/24/2024 22:26,0.802,0.79839,0.68108,0.87887
Anode Overhang (Bottom) (mm),KLAQ31T085057,1793,1/24/2024 22:26,0.616,0.63376,0.5184,0.70575
Cathode Width (mm),KLAQ31T085057,1793,1/24/2024 22:26,57.889,57.90241,57.75844,57.9891
Anode Overhang (All) (mm),KLAQ31T084947,1794,1/24/2024 22:35,0.709,0.69255,0.4896,0.89326
Anode Overhang (Top) (mm),KLAQ31T084947,1794,1/24/2024 22:35,0.811,0.79839,0.67741,0.89326
Anode Overhang (Bottom) (mm),KLAQ31T084947,1794,1/24/2024 22:35,0.607,0.62071,0.4896,0.69255
Cathode Width (mm),KLAQ31T084947,1794,1/24/2024 22:35,57.9,57.9168,57.744,58.00342
Core Area (mm²),KLAQ31T084947,1794,1/24/2024 22:35,13.179,13.19017,13.0726,13.25341
Core Area (mm²),KLAQ31T084979,1795,1/24/2024 22:45,13.201,13.20043,13.15523,13.26928
Anode Overhang (All) (mm),KLAQ31T084979,1795,1/24/2024 22:45,0.712,0.72129,0.49179,0.89326
Anode Overhang (Top) (mm),KLAQ31T084979,1795,1/24/2024 22:45,0.815,0.8064,0.72014,0.89326
Anode Overhang (Bottom) (mm),KLAQ31T084979,1795,1/24/2024 22:45,0.608,0.6336,0.49179,0.69255
Cathode Width (mm),KLAQ31T084979,1795,1/24/2024 22:45,57.892,57.9024,57.7584,57.98915
Core Area (mm²),LLAQ21T062654,1796,1/24/2024 22:54,13.234,13.22998,13.1177,13.36954
Anode Overhang (All) (mm),LLAQ21T062654,1796,1/24/2024 22:54,0.705,0.70575,0.5616,0.85009
Anode Overhang (Top) (mm),LLAQ21T062654,1796,1/24/2024 22:54,0.736,0.72,0.64399,0.85009
Anode Overhang (Bottom) (mm),LLAQ21T062654,1796,1/24/2024 22:54,0.675,0.7056,0.5616,0.75101
Cathode Width (mm),LLAQ21T062654,1796,1/24/2024 22:54,57.905,57.9028,57.7584,58.0179
Core Area (mm²),KLAQ23T055340,1797,1/24/2024 23:04,13.329,13.32941,13.18571,13.48089
Anode Overhang (All) (mm),KLAQ23T055340,1797,1/24/2024 23:04,0.743,0.74894,0.576,0.90823
Anode Overhang (Top) (mm),KLAQ23T055340,1797,1/24/2024 23:04,0.667,0.64944,0.576,0.83532
Anode Overhang (Bottom) (mm),KLAQ23T055340,1797,1/24/2024 23:04,0.819,0.82395,0.6912,0.90823
Cathode Width (mm),KLAQ23T055340,1797,1/24/2024 23:04,57.885,57.9024,57.7296,57.9747
Core Area (mm²),KLAQ31T069154,1798,1/24/2024 23:13,13.098,13.10049,13.03849,13.17068
Anode Overhang (All) (mm),KLAQ31T069154,1798,1/24/2024 23:13,0.717,0.72007,0.5616,0.87946
Anode Overhang (Top) (mm),KLAQ31T069154,1798,1/24/2024 23:13,0.79,0.77813,0.69135,0.87946
Anode Overhang (Bottom) (mm),KLAQ31T069154,1798,1/24/2024 23:13,0.644,0.65055,0.5616,0.72702
Cathode Width (mm),KLAQ31T069154,1798,1/24/2024 23:13,57.92,57.9312,57.744,58.01774
Core Area (mm²),KLAQ34T029106,1799,1/24/2024 23:23,13.115,13.11583,13.05507,13.15388
Anode Overhang (All) (mm),KLAQ34T029106,1799,1/24/2024 23:23,0.717,0.72014,0.61853,0.81102
Anode Overhang (Top) (mm),KLAQ34T029106,1799,1/24/2024 23:23,0.704,0.72,0.61853,0.78093
Anode Overhang (Bottom) (mm),KLAQ34T029106,1799,1/24/2024 23:23,0.729,0.7344,0.64816,0.81102
Cathode Width (mm),KLAQ34T029106,1799,1/24/2024 23:23,57.924,57.91698,57.7584,58.01782
Core Area (mm²),LLAQ21T037509,1800,1/24/2024 23:32,13.399,13.38602,13.32744,13.52589
Anode Overhang (All) (mm),LLAQ21T037509,1800,1/24/2024 23:32,0.718,0.72,0.5616,0.86448
Anode Overhang (Top) (mm),LLAQ21T037509,1800,1/24/2024 23:32,0.731,0.73157,0.63376,0.86448
Anode Overhang (Bottom) (mm),LLAQ21T037509,1800,1/24/2024 23:32,0.704,0.7056,0.5616,0.80691
Cathode Width (mm),LLAQ21T037509,1800,1/24/2024 23:32,57.887,57.87395,57.7296,58.0036
Core Area (mm²),LLAQ33T068690,1801,1/24/2024 23:41,13.189,13.18975,13.13449,13.25373
Anode Overhang (All) (mm),LLAQ33T068690,1801,1/24/2024 23:41,0.722,0.73454,0.46639,0.96491
Anode Overhang (Top) (mm),LLAQ33T068690,1801,1/24/2024 23:41,0.833,0.82194,0.64816,0.96491
Anode Overhang (Bottom) (mm),LLAQ33T068690,1801,1/24/2024 23:41,0.611,0.61987,0.46639,0.79409
Cathode Width (mm),LLAQ33T068690,1801,1/24/2024 23:41,57.889,57.88801,57.744,58.00338
Core Area (mm²),LLAQ33T078737,1802,1/24/2024 23:51,13.131,13.13045,13.04253,13.20634
Anode Overhang (All) (mm),LLAQ33T078737,1802,1/24/2024 23:51,0.732,0.7344,0.5904,0.87887
Anode Overhang (Top) (mm),LLAQ33T078737,1802,1/24/2024 23:51,0.697,0.67787,0.5904,0.8357
Anode Overhang (Bottom) (mm),LLAQ33T078737,1802,1/24/2024 23:51,0.766,0.77973,0.60497,0.87887
Cathode Width (mm),LLAQ33T078737,1802,1/24/2024 23:51,57.91,57.91681,57.7584,58.03209
Core Area (mm²),KLAQ23T032104,1803,1/25/2024 0:00,13.332,13.32184,13.25518,13.4501
Anode Overhang (All) (mm),KLAQ23T032104,1803,1/25/2024 0:00,0.714,0.70692,0.5184,0.9072
Anode Overhang (Top) (mm),KLAQ23T032104,1803,1/25/2024 0:00,0.792,0.792,0.6048,0.9072
Anode Overhang (Bottom) (mm),KLAQ23T032104,1803,1/25/2024 0:00,0.635,0.63621,0.5184,0.84972
Cathode Width (mm),KLAQ23T032104,1803,1/25/2024 0:00,57.928,57.9312,57.7728,58.03222
Core Area (mm²),LLAQ21T062584,1804,1/25/2024 0:09,13.327,13.33003,13.24159,13.42957
Anode Overhang (All) (mm),LLAQ21T062584,1804,1/25/2024 0:09,0.734,0.73567,0.6048,0.86699
Anode Overhang (Top) (mm),LLAQ21T062584,1804,1/25/2024 0:09,0.687,0.67695,0.6048,0.80691
Anode Overhang (Bottom) (mm),LLAQ21T062584,1804,1/25/2024 0:09,0.781,0.77773,0.6912,0.86699
Cathode Width (mm),LLAQ21T062584,1804,1/25/2024 0:09,57.873,57.87371,57.74402,57.97451
Core Area (mm²),LLAQ21T062614,1805,1/25/2024 0:19,13.58,13.58239,13.52661,13.63112
Anode Overhang (All) (mm),LLAQ21T062614,1805,1/25/2024 0:19,0.707,0.70575,0.576,0.8357
Anode Overhang (Top) (mm),LLAQ21T062614,1805,1/25/2024 0:19,0.748,0.72058,0.6649,0.8357
Anode Overhang (Bottom) (mm),LLAQ21T062614,1805,1/25/2024 0:19,0.666,0.6912,0.576,0.73496
Cathode Width (mm),LLAQ21T062614,1805,1/25/2024 0:19,57.895,57.9024,57.74404,58.01761
Core Area (mm²),KLAQ23T032122,1806,1/25/2024 0:28,13.145,13.14621,13.0559,13.2531
Anode Overhang (All) (mm),KLAQ23T032122,1806,1/25/2024 0:28,0.723,0.72014,0.51832,0.89326
Anode Overhang (Top) (mm),KLAQ23T032122,1806,1/25/2024 0:28,0.812,0.82181,0.66303,0.89326
Anode Overhang (Bottom) (mm),KLAQ23T032122,1806,1/25/2024 0:28,0.633,0.63425,0.51832,0.75005
Cathode Width (mm),KLAQ23T032122,1806,1/25/2024 0:28,57.89,57.90242,57.7584,58.0176
Core Area (mm²),KLAQ34T029151,1807,1/25/2024 0:38,13.005,13.00375,12.81754,13.19276
Anode Overhang (All) (mm),KLAQ34T029151,1807,1/25/2024 0:38,0.718,0.73496,0.55398,0.85556
Anode Overhang (Top) (mm),KLAQ34T029151,1807,1/25/2024 0:38,0.64,0.63376,0.55398,0.69658
Anode Overhang (Bottom) (mm),KLAQ34T029151,1807,1/25/2024 0:38,0.795,0.79252,0.72014,0.85556
Cathode Width (mm),KLAQ34T029151,1807,1/25/2024 0:38,57.933,57.94561,57.8016,58.04643
Core Area (mm²),KLAQ34T029077,1808,1/25/2024 0:47,13.16,13.16767,13.00614,13.29883
Anode Overhang (All) (mm),KLAQ34T029077,1808,1/25/2024 0:47,0.717,0.72,0.63914,0.79409
Anode Overhang (Top) (mm),KLAQ34T029077,1808,1/25/2024 0:47,0.697,0.7056,0.63914,0.75101
Anode Overhang (Bottom) (mm),KLAQ34T029077,1808,1/25/2024 0:47,0.736,0.73454,0.67695,0.79409
Cathode Width (mm),KLAQ34T029077,1808,1/25/2024 0:47,57.914,57.9168,57.7728,58.01778
Anode Overhang (All) (mm),KLAQ34T029021,1809,1/25/2024 0:57,0.72,0.72129,0.58741,0.84972
Anode Overhang (Top) (mm),KLAQ34T029021,1809,1/25/2024 0:57,0.66,0.64864,0.58741,0.7223
Anode Overhang (Bottom) (mm),KLAQ34T029021,1809,1/25/2024 0:57,0.779,0.77773,0.70619,0.84972
Cathode Width (mm),KLAQ34T029021,1809,1/25/2024 0:57,57.916,57.9312,57.7728,58.0179
Core Area (mm²),KLAQ34T029021,1809,1/25/2024 0:57,13.399,13.40157,13.31645,13.47747
Core Area (mm²),KLAQ34T029007,1810,1/25/2024 1:06,13.231,13.24419,13.08836,13.35378
Anode Overhang (All) (mm),KLAQ34T029007,1810,1/25/2024 1:06,0.717,0.71567,0.56178,0.89326
Anode Overhang (Top) (mm),KLAQ34T029007,1810,1/25/2024 1:06,0.611,0.60907,0.56178,0.65373
Anode Overhang (Bottom) (mm),KLAQ34T029007,1810,1/25/2024 1:06,0.823,0.82162,0.7776,0.89326
Cathode Width (mm),KLAQ34T029007,1810,1/25/2024 1:06,57.926,57.91683,57.72961,58.04654
Anode Overhang (All) (mm),KLAQ34T029037,1811,1/25/2024 1:15,0.716,0.72014,0.6252,0.79839
Anode Overhang (Top) (mm),KLAQ34T029037,1811,1/25/2024 1:15,0.688,0.6912,0.6252,0.75377
Anode Overhang (Bottom) (mm),KLAQ34T029037,1811,1/25/2024 1:15,0.742,0.73567,0.67695,0.79839
Cathode Width (mm),KLAQ34T029037,1811,1/25/2024 1:15,57.917,57.91691,57.78721,58.03211
Core Area (mm²),KLAQ34T029037,1811,1/25/2024 1:15,13.04,13.04647,12.92527,13.15606
Anode Overhang (All) (mm),LLAQ33T068557,1812,1/25/2024 1:25,0.727,0.7776,0.504,0.936
Anode Overhang (Top) (mm),LLAQ33T068557,1812,1/25/2024 1:25,0.844,0.83097,0.7776,0.936
Anode Overhang (Bottom) (mm),LLAQ33T068557,1812,1/25/2024 1:25,0.61,0.61937,0.504,0.76374
Cathode Width (mm),LLAQ33T068557,1812,1/25/2024 1:25,57.895,57.88822,57.72961,58.03209
Core Area (mm²),LLAQ33T068557,1812,1/25/2024 1:25,13.221,13.2165,13.17006,13.33138
Core Area (mm²),LLAQ21T036990,1813,1/25/2024 1:34,13.329,13.32755,13.28006,13.37638
Anode Overhang (All) (mm),LLAQ21T036990,1813,1/25/2024 1:34,0.725,0.73001,0.5904,0.8507
Anode Overhang (Top) (mm),LLAQ21T036990,1813,1/25/2024 1:34,0.704,0.70926,0.5904,0.85009
Anode Overhang (Bottom) (mm),LLAQ21T036990,1813,1/25/2024 1:34,0.747,0.74935,0.5904,0.8507
Cathode Width (mm),LLAQ21T036990,1813,1/25/2024 1:34,57.909,57.90266,57.744,58.01825
Core Area (mm²),KLAQ31T084945,1814,1/25/2024 1:44,13.214,13.21806,13.14403,13.27985
Anode Overhang (All) (mm),KLAQ31T084945,1814,1/25/2024 1:44,0.71,0.70575,0.56157,0.84972
Anode Overhang (Top) (mm),KLAQ31T084945,1814,1/25/2024 1:44,0.772,0.76334,0.6768,0.84972
Anode Overhang (Bottom) (mm),KLAQ31T084945,1814,1/25/2024 1:44,0.648,0.66256,0.56157,0.72014
Cathode Width (mm),KLAQ31T084945,1814,1/25/2024 1:44,57.895,57.90244,57.75843,58.00326
Core Area (mm²),LLAQ21T036951,1815,1/25/2024 1:53,13.258,13.25777,13.22221,13.32661
Anode Overhang (All) (mm),LLAQ21T036951,1815,1/25/2024 1:53,0.727,0.7344,0.5328,0.90766
Anode Overhang (Top) (mm),LLAQ21T036951,1815,1/25/2024 1:53,0.75,0.75377,0.6192,0.90766
Anode Overhang (Bottom) (mm),LLAQ21T036951,1815,1/25/2024 1:53,0.703,0.69658,0.5328,0.8357
Cathode Width (mm),LLAQ21T036951,1815,1/25/2024 1:53,57.903,57.9168,57.7584,58.01812
Core Area (mm²),LLAQ21T062767,1816,1/25/2024 2:03,13.232,13.23247,13.17845,13.29064
Anode Overhang (All) (mm),LLAQ21T062767,1816,1/25/2024 2:03,0.706,0.70619,0.63946,0.76659
Anode Overhang (Top) (mm),LLAQ21T062767,1816,1/25/2024 2:03,0.71,0.70575,0.63946,0.76442
Anode Overhang (Bottom) (mm),LLAQ21T062767,1816,1/25/2024 2:03,0.703,0.70619,0.648,0.76659
Cathode Width (mm),LLAQ21T062767,1816,1/25/2024 2:03,57.903,57.9168,57.75842,58.01769
Core Area (mm²),LLAQ21T072663,1817,1/25/2024 2:12,13.275,13.27726,13.24035,13.31635
Anode Overhang (All) (mm),LLAQ21T072663,1817,1/25/2024 2:12,0.719,0.72,0.5616,0.87946
Anode Overhang (Top) (mm),LLAQ21T072663,1817,1/25/2024 2:12,0.661,0.64864,0.5616,0.76374
Anode Overhang (Bottom) (mm),LLAQ21T072663,1817,1/25/2024 2:12,0.777,0.79252,0.61937,0.87946
Cathode Width (mm),LLAQ21T072663,1817,1/25/2024 2:12,57.926,57.93123,57.75842,58.04644
Core Area (mm²),KLAQ34T029179,1818,1/25/2024 2:21,13.114,13.10899,13.02926,13.24595
Anode Overhang (All) (mm),KLAQ34T029179,1818,1/25/2024 2:21,0.716,0.70795,0.54644,0.87852
Anode Overhang (Top) (mm),KLAQ34T029179,1818,1/25/2024 2:21,0.639,0.64399,0.54644,0.72129
Anode Overhang (Bottom) (mm),KLAQ34T029179,1818,1/25/2024 2:21,0.792,0.79213,0.55022,0.87852
Cathode Width (mm),KLAQ34T029179,1818,1/25/2024 2:21,57.922,57.91695,57.75841,58.03211
Core Area (mm²),KLAQ34T029053,1819,1/25/2024 2:31,13.121,13.13854,12.99722,13.18457
Anode Overhang (All) (mm),KLAQ34T029053,1819,1/25/2024 2:31,0.717,0.72058,0.64672,0.78411
Anode Overhang (Top) (mm),KLAQ34T029053,1819,1/25/2024 2:31,0.699,0.7056,0.64672,0.75225
Anode Overhang (Bottom) (mm),KLAQ34T029053,1819,1/25/2024 2:31,0.735,0.73454,0.67695,0.78411
Cathode Width (mm),KLAQ34T029053,1819,1/25/2024 2:31,57.926,57.93131,57.7728,58.03218
Core Area (mm²),KLAQ34T029235,1820,1/25/2024 2:40,12.936,12.93978,12.78717,13.04948
Anode Overhang (All) (mm),KLAQ34T029235,1820,1/25/2024 2:40,0.714,0.72,0.6663,0.75993
Anode Overhang (Top) (mm),KLAQ34T029235,1820,1/25/2024 2:40,0.704,0.7056,0.6663,0.75101
Anode Overhang (Bottom) (mm),KLAQ34T029235,1820,1/25/2024 2:40,0.724,0.72058,0.6912,0.75993
Cathode Width (mm),KLAQ34T029235,1820,1/25/2024 2:40,57.925,57.9312,57.75841,58.04642
Core Area (mm²),KLAQ23T048019,1821,1/25/2024 2:50,13.206,13.20717,13.15295,13.25341
Anode Overhang (All) (mm),KLAQ23T048019,1821,1/25/2024 2:50,0.718,0.72014,0.5616,0.87887
Anode Overhang (Top) (mm),KLAQ23T048019,1821,1/25/2024 2:50,0.737,0.73792,0.6336,0.87887
Anode Overhang (Bottom) (mm),KLAQ23T048019,1821,1/25/2024 2:50,0.698,0.69255,0.5616,0.79318
Cathode Width (mm),KLAQ23T048019,1821,1/25/2024 2:50,57.889,57.88802,57.7296,58.00323
Core Area (mm²),KLAQ31T085023,1822,1/25/2024 2:59,13.221,13.22231,13.17856,13.28587
Anode Overhang (All) (mm),KLAQ31T085023,1822,1/25/2024 2:59,0.709,0.72014,0.50297,0.9072
Anode Overhang (Top) (mm),KLAQ31T085023,1822,1/25/2024 2:59,0.806,0.80653,0.7056,0.87852
Anode Overhang (Bottom) (mm),KLAQ31T085023,1822,1/25/2024 2:59,0.612,0.61937,0.50297,0.9072
Cathode Width (mm),KLAQ31T085023,1822,1/25/2024 2:59,57.894,57.88803,57.7584,58.01763
Core Area (mm²),LLAQ21T062668,1824,1/25/2024 3:18,13.417,13.40593,13.28649,13.60344
Anode Overhang (All) (mm),LLAQ21T062668,1824,1/25/2024 3:18,0.725,0.72058,0.5328,0.90766
Anode Overhang (Top) (mm),LLAQ21T062668,1824,1/25/2024 3:18,0.747,0.76157,0.6336,0.90766
Anode Overhang (Bottom) (mm),LLAQ21T062668,1824,1/25/2024 3:18,0.703,0.6918,0.5328,0.82533
Cathode Width (mm),LLAQ21T062668,1824,1/25/2024 3:18,57.895,57.90241,57.7584,58.0032
Core Area (mm²),KLAQ34T028378,1825,1/25/2024 3:28,13.145,13.12102,13.07,13.29852
Anode Overhang (All) (mm),KLAQ34T028378,1825,1/25/2024 3:28,0.721,0.72058,0.6048,0.83632
Anode Overhang (Top) (mm),KLAQ34T028378,1825,1/25/2024 3:28,0.746,0.73666,0.6192,0.83632
Anode Overhang (Bottom) (mm),KLAQ34T028378,1825,1/25/2024 3:28,0.695,0.70575,0.6048,0.82093
Cathode Width (mm),KLAQ34T028378,1825,1/25/2024 3:28,57.911,57.90246,57.78722,58.0179
Core Area (mm²),LLAQ33T068471,1827,1/25/2024 3:46,12.977,12.98478,12.91739,13.02439
Anode Overhang (All) (mm),LLAQ33T068471,1827,1/25/2024 3:46,0.71,0.70575,0.4032,0.99621
Anode Overhang (Top) (mm),LLAQ33T068471,1827,1/25/2024 3:46,0.853,0.82533,0.72,0.99621
Anode Overhang (Bottom) (mm),LLAQ33T068471,1827,1/25/2024 3:46,0.581,0.6048,0.4032,0.76442
Cathode Width (mm),LLAQ33T068471,1827,1/25/2024 3:46,57.891,57.888,57.7008,58.01795
Anode Overhang (All) (mm),KLAQ31T084459,1828,1/25/2024 3:56,0.709,0.72,0.45537,0.93611
Anode Overhang (Top) (mm),KLAQ31T084459,1828,1/25/2024 3:56,0.829,0.82395,0.45537,0.93611
Anode Overhang (Bottom) (mm),KLAQ31T084459,1828,1/25/2024 3:56,0.59,0.5911,0.47233,0.79318
Cathode Width (mm),KLAQ31T084459,1828,1/25/2024 3:56,57.902,57.90242,57.7728,58.00346
Core Area (mm²),KLAQ31T084459,1828,1/25/2024 3:56,12.963,12.95782,12.88452,13.0473
Core Area (mm²),KLAQ34T029004,1829,1/25/2024 4:05,13.096,13.10577,12.95907,13.19566
Anode Overhang (All) (mm),KLAQ34T029004,1829,1/25/2024 4:05,0.714,0.70758,0.5328,0.92171
Anode Overhang (Top) (mm),KLAQ34T029004,1829,1/25/2024 4:05,0.608,0.60549,0.5328,0.68062
Anode Overhang (Bottom) (mm),KLAQ34T029004,1829,1/25/2024 4:05,0.819,0.82093,0.73454,0.92171
Cathode Width (mm),KLAQ34T029004,1829,1/25/2024 4:05,57.924,57.91685,57.75841,58.03222
Core Area (mm²),LLAQ33T068452,1830,1/25/2024 4:15,13.071,13.06337,12.99069,13.18229
Anode Overhang (All) (mm),LLAQ33T068452,1830,1/25/2024 4:15,0.728,0.74894,0.5184,0.92205
Anode Overhang (Top) (mm),LLAQ33T068452,1830,1/25/2024 4:15,0.824,0.80756,0.64816,0.92205
Anode Overhang (Bottom) (mm),LLAQ33T068452,1830,1/25/2024 4:15,0.632,0.63768,0.5184,0.89326
Cathode Width (mm),LLAQ33T068452,1830,1/25/2024 4:15,57.901,57.9024,57.75842,58.0324
Core Area (mm²),LLAQ33T068539,1831,1/25/2024 4:24,13.066,13.06389,13.02387,13.13532
Anode Overhang (All) (mm),LLAQ33T068539,1831,1/25/2024 4:24,0.726,0.72058,0.4464,0.99402
Anode Overhang (Top) (mm),LLAQ33T068539,1831,1/25/2024 4:24,0.852,0.8496,0.7056,0.99402
Anode Overhang (Bottom) (mm),LLAQ33T068539,1831,1/25/2024 4:24,0.599,0.61305,0.4464,0.74935
Cathode Width (mm),LLAQ33T068539,1831,1/25/2024 4:24,57.885,57.88803,57.70082,58.00342
Core Area (mm²),KLAQ31T085009,1832,1/25/2024 4:33,13.11,13.11324,13.02521,13.16487
Anode Overhang (All) (mm),KLAQ31T085009,1832,1/25/2024 4:33,0.706,0.70898,0.46639,0.8928
Anode Overhang (Top) (mm),KLAQ31T085009,1832,1/25/2024 4:33,0.822,0.82131,0.46639,0.8928
Anode Overhang (Bottom) (mm),KLAQ31T085009,1832,1/25/2024 4:33,0.59,0.59198,0.4915,0.7776
Cathode Width (mm),KLAQ31T085009,1832,1/25/2024 4:33,57.897,57.90244,57.7584,58.00342
Core Area (mm²),LLAQ21T072769,1833,1/25/2024 4:43,13.171,13.174,13.12641,13.22169
Anode Overhang (All) (mm),LLAQ21T072769,1833,1/25/2024 4:43,0.715,0.72,0.5616,0.86592
Anode Overhang (Top) (mm),LLAQ21T072769,1833,1/25/2024 4:43,0.667,0.66256,0.5616,0.79252
Anode Overhang (Bottom) (mm),LLAQ21T072769,1833,1/25/2024 4:43,0.764,0.77773,0.60497,0.86592
Cathode Width (mm),LLAQ21T072769,1833,1/25/2024 4:43,57.914,57.9312,57.7584,58.03211
Core Area (mm²),LLAQ21T037039,1834,1/25/2024 4:52,13.201,13.20365,13.13926,13.25518
Anode Overhang (All) (mm),LLAQ21T037039,1834,1/25/2024 4:52,0.731,0.7344,0.6192,0.8357
Anode Overhang (Top) (mm),LLAQ21T037039,1834,1/25/2024 4:52,0.738,0.73666,0.64816,0.8357
Anode Overhang (Bottom) (mm),LLAQ21T037039,1834,1/25/2024 4:52,0.724,0.72129,0.6192,0.80653
Cathode Width (mm),LLAQ21T037039,1834,1/25/2024 4:52,57.904,57.90255,57.74402,58.01795
Anode Overhang (All) (mm),KLAQ31T084946,1835,1/25/2024 5:02,0.712,0.72,0.5328,0.89292
Anode Overhang (Top) (mm),KLAQ31T084946,1835,1/25/2024 5:02,0.804,0.80653,0.67695,0.89292
Anode Overhang (Bottom) (mm),KLAQ31T084946,1835,1/25/2024 5:02,0.62,0.62071,0.5328,0.80756
Cathode Width (mm),KLAQ31T084946,1835,1/25/2024 5:02,57.898,57.9024,57.74401,58.0032
Core Area (mm²),KLAQ31T084946,1835,1/25/2024 5:02,13.212,13.21132,13.17109,13.25538
Core Area (mm²),KLAQ34T028410,1836,1/25/2024 5:11,13.131,13.13657,13.06389,13.1854
Anode Overhang (All) (mm),KLAQ34T028410,1836,1/25/2024 5:11,0.718,0.72036,0.4608,0.96523
Anode Overhang (Top) (mm),KLAQ34T028410,1836,1/25/2024 5:11,0.832,0.80653,0.7056,0.96523
Anode Overhang (Bottom) (mm),KLAQ34T028410,1836,1/25/2024 5:11,0.604,0.63376,0.4608,0.73454
Cathode Width (mm),KLAQ34T028410,1836,1/25/2024 5:11,57.92,57.91702,57.75841,58.03214
Core Area (mm²),KLAQ34T029115,1837,1/25/2024 5:20,13.169,13.17078,13.11936,13.20562
Anode Overhang (All) (mm),KLAQ34T029115,1837,1/25/2024 5:20,0.716,0.72014,0.66083,0.76807
Anode Overhang (Top) (mm),KLAQ34T029115,1837,1/25/2024 5:20,0.709,0.70795,0.66083,0.75101
Anode Overhang (Bottom) (mm),KLAQ34T029115,1837,1/25/2024 5:20,0.724,0.72014,0.6768,0.76807
Cathode Width (mm),KLAQ34T029115,1837,1/25/2024 5:20,57.929,57.93122,57.7872,58.03209
Core Area (mm²),KLAQ31T084490,1838,1/25/2024 5:30,13.046,13.04813,12.9797,13.08887
Anode Overhang (All) (mm),KLAQ31T084490,1838,1/25/2024 5:30,0.709,0.72014,0.504,0.89292
Anode Overhang (Top) (mm),KLAQ31T084490,1838,1/25/2024 5:30,0.797,0.79213,0.67741,0.89292
Anode Overhang (Bottom) (mm),KLAQ31T084490,1838,1/25/2024 5:30,0.62,0.63507,0.504,0.72129
Cathode Width (mm),KLAQ31T084490,1838,1/25/2024 5:30,57.907,57.91689,57.77281,58.01769
Core Area (mm²),KLAQ33T009402,1839,1/25/2024 5:39,13.563,13.55409,13.45621,13.6615
Anode Overhang (All) (mm),KLAQ33T009402,1839,1/25/2024 5:39,0.725,0.72014,0.576,0.86448
Anode Overhang (Top) (mm),KLAQ33T009402,1839,1/25/2024 5:39,0.764,0.76334,0.66256,0.86448
Anode Overhang (Bottom) (mm),KLAQ33T009402,1839,1/25/2024 5:39,0.683,0.67818,0.576,0.77773
Cathode Width (mm),KLAQ33T009402,1839,1/25/2024 5:39,57.914,57.91683,57.7008,58.03218
Core Area (mm²),KLAQ34T029005,1840,1/25/2024 5:49,13.476,13.49447,13.3376,13.6391
Anode Overhang (All) (mm),KLAQ34T029005,1840,1/25/2024 5:49,0.719,0.7344,0.55398,0.87852
Anode Overhang (Top) (mm),KLAQ34T029005,1840,1/25/2024 5:49,0.644,0.64816,0.55398,0.70575
Anode Overhang (Bottom) (mm),KLAQ34T029005,1840,1/25/2024 5:49,0.792,0.79213,0.72,0.87852
Cathode Width (mm),KLAQ34T029005,1840,1/25/2024 5:49,57.921,57.9312,57.7584,58.03211
Core Area (mm²),LLAQ21T001011,1841,1/25/2024 5:58,12.982,12.98011,12.77711,13.21941
Anode Overhang (All) (mm),LLAQ21T001011,1841,1/25/2024 5:58,0.737,0.73514,0.5472,0.90903
Anode Overhang (Top) (mm),LLAQ21T001011,1841,1/25/2024 5:58,0.634,0.63376,0.5472,0.69255
Anode Overhang (Bottom) (mm),LLAQ21T001011,1841,1/25/2024 5:58,0.84,0.83532,0.77773,0.90903
Cathode Width (mm),LLAQ21T001011,1841,1/25/2024 5:58,57.9,57.9027,57.68644,58.032
Core Area (mm²),LLAQ21T036931,1842,1/25/2024 6:07,13.514,13.50588,13.42542,13.60447
Anode Overhang (All) (mm),LLAQ21T036931,1842,1/25/2024 6:07,0.726,0.72359,0.5616,0.87946
Anode Overhang (Top) (mm),LLAQ21T036931,1842,1/25/2024 6:07,0.716,0.72014,0.5904,0.87887
Anode Overhang (Bottom) (mm),LLAQ21T036931,1842,1/25/2024 6:07,0.736,0.73454,0.5616,0.87946
Cathode Width (mm),LLAQ21T036931,1842,1/25/2024 6:07,57.898,57.9168,57.744,58.01763
Core Area (mm²),LLAQ21T037031,1843,1/25/2024 6:17,13.385,13.38623,13.31262,13.4417
Anode Overhang (All) (mm),LLAQ21T037031,1843,1/25/2024 6:17,0.726,0.72014,0.5472,0.89326
Anode Overhang (Top) (mm),LLAQ21T037031,1843,1/25/2024 6:17,0.783,0.78411,0.6768,0.89326
Anode Overhang (Bottom) (mm),LLAQ21T037031,1843,1/25/2024 6:17,0.666,0.66256,0.5472,0.77973
Cathode Width (mm),LLAQ21T037031,1843,1/25/2024 6:17,57.901,57.90243,57.744,58.00346
Core Area (mm²),LLAQ21T062571,1844,1/25/2024 6:26,13.486,13.48825,13.4559,13.53646
Anode Overhang (All) (mm),LLAQ21T062571,1844,1/25/2024 6:26,0.707,0.70575,0.5184,0.89326
Anode Overhang (Top) (mm),LLAQ21T062571,1844,1/25/2024 6:26,0.751,0.7344,0.66941,0.89326
Anode Overhang (Bottom) (mm),LLAQ21T062571,1844,1/25/2024 6:26,0.663,0.67741,0.5184,0.75005
Cathode Width (mm),LLAQ21T062571,1844,1/25/2024 6:26,57.904,57.90266,57.7584,58.00346
Core Area (mm²),LLAQ21T072669,1845,1/25/2024 6:35,13.182,13.18499,13.12599,13.23257
Anode Overhang (All) (mm),LLAQ21T072669,1845,1/25/2024 6:35,0.717,0.72,0.5472,0.89384
Anode Overhang (Top) (mm),LLAQ21T072669,1845,1/25/2024 6:35,0.667,0.65579,0.5472,0.84972
Anode Overhang (Bottom) (mm),LLAQ21T072669,1845,1/25/2024 6:35,0.768,0.78093,0.57672,0.89384
Cathode Width (mm),LLAQ21T072669,1845,1/25/2024 6:35,57.911,57.91681,57.74401,58.01786
Core Area (mm²),LLAQ21T037042,1846,1/25/2024 6:45,13.385,13.38571,13.3292,13.43071
Anode Overhang (All) (mm),LLAQ21T037042,1846,1/25/2024 6:45,0.729,0.7344,0.5472,0.89384
Anode Overhang (Top) (mm),LLAQ21T037042,1846,1/25/2024 6:45,0.773,0.792,0.64816,0.89384
Anode Overhang (Bottom) (mm),LLAQ21T037042,1846,1/25/2024 6:45,0.682,0.67234,0.5472,0.80756
Cathode Width (mm),LLAQ21T037042,1846,1/25/2024 6:45,57.909,57.91683,57.7584,58.01764
Core Area (mm²),LLAQ21T000995,1847,1/25/2024 6:54,12.938,12.92174,12.74673,13.11759
Anode Overhang (All) (mm),LLAQ21T000995,1847,1/25/2024 6:54,0.737,0.74935,0.57329,0.87946
Anode Overhang (Top) (mm),LLAQ21T000995,1847,1/25/2024 6:54,0.66,0.67118,0.57329,0.70926
Anode Overhang (Bottom) (mm),LLAQ21T000995,1847,1/25/2024 6:54,0.813,0.80653,0.73426,0.87946
Cathode Width (mm),LLAQ21T000995,1847,1/25/2024 6:54,57.903,57.91684,57.7008,58.01795
Anode Overhang (All) (mm),KLAQ31T054089,1848,1/25/2024 7:04,0.731,0.73454,0.6624,0.79527
Anode Overhang (Top) (mm),KLAQ31T054089,1848,1/25/2024 7:04,0.757,0.7632,0.67003,0.79527
Anode Overhang (Bottom) (mm),KLAQ31T054089,1848,1/25/2024 7:04,0.705,0.7056,0.6624,0.79213
Cathode Width (mm),KLAQ31T054089,1848,1/25/2024 7:04,57.88,57.88802,57.744,58.0036
Core Area (mm²),KLAQ31T054089,1848,1/25/2024 7:04,13.268,13.24647,13.18841,13.41153
Core Area (mm²),KLAQ33T009370,1849,1/25/2024 7:13,13.205,13.19846,13.12008,13.27654
Anode Overhang (All) (mm),KLAQ33T009370,1849,1/25/2024 7:13,0.721,0.72129,0.5904,0.8357
Anode Overhang (Top) (mm),KLAQ33T009370,1849,1/25/2024 7:13,0.737,0.7488,0.63376,0.8357
Anode Overhang (Bottom) (mm),KLAQ33T009370,1849,1/25/2024 7:13,0.704,0.7056,0.5904,0.79527
Cathode Width (mm),KLAQ33T009370,1849,1/25/2024 7:13,57.917,57.93121,57.7296,58.03203
Core Area (mm²),KLAQ34T029023,1850,1/25/2024 7:22,13.314,13.31065,13.15191,13.50339
Anode Overhang (All) (mm),KLAQ34T029023,1850,1/25/2024 7:22,0.717,0.72183,0.52417,0.91641
Anode Overhang (Top) (mm),KLAQ34T029023,1850,1/25/2024 7:22,0.606,0.60497,0.52417,0.67925
Anode Overhang (Bottom) (mm),KLAQ34T029023,1850,1/25/2024 7:22,0.829,0.82093,0.76442,0.91641
Cathode Width (mm),KLAQ34T029023,1850,1/25/2024 7:22,57.919,57.91691,57.7728,58.032
Core Area (mm²),KLAQ23T055274,1851,1/25/2024 7:32,13.332,13.30536,13.25082,13.60313
Anode Overhang (All) (mm),KLAQ23T055274,1851,1/25/2024 7:32,0.743,0.7488,0.68427,0.79527
Anode Overhang (Top) (mm),KLAQ23T055274,1851,1/25/2024 7:32,0.753,0.74935,0.68427,0.79318
Anode Overhang (Bottom) (mm),KLAQ23T055274,1851,1/25/2024 7:32,0.734,0.73454,0.6912,0.79527
Cathode Width (mm),KLAQ23T055274,1851,1/25/2024 7:32,57.876,57.87375,57.74403,57.98881
Core Area (mm²),LLAQ21T000929,1852,1/25/2024 7:41,12.744,12.75938,12.51179,12.9431
Anode Overhang (All) (mm),LLAQ21T000929,1852,1/25/2024 7:41,0.735,0.73454,0.576,0.89326
Anode Overhang (Top) (mm),LLAQ21T000929,1852,1/25/2024 7:41,0.686,0.67818,0.576,0.79213
Anode Overhang (Bottom) (mm),LLAQ21T000929,1852,1/25/2024 7:41,0.781,0.79213,0.7056,0.89326
Cathode Width (mm),LLAQ21T000929,1852,1/25/2024 7:41,57.892,57.88846,57.68643,58.01762
Core Area (mm²),KLAQ31T085135,1853,1/25/2024 7:51,13.167,13.17234,13.12298,13.20012
Anode Overhang (All) (mm),KLAQ31T085135,1853,1/25/2024 7:51,0.709,0.70575,0.517,0.9072
Anode Overhang (Top) (mm),KLAQ31T085135,1853,1/25/2024 7:51,0.794,0.792,0.6912,0.9072
Anode Overhang (Bottom) (mm),KLAQ31T085135,1853,1/25/2024 7:51,0.622,0.63621,0.517,0.70692
Cathode Width (mm),KLAQ31T085135,1853,1/25/2024 7:51,57.908,57.9168,57.7728,58.0176
Core Area (mm²),KLAQ33T007805,1854,1/25/2024 8:00,13.325,13.31542,13.23569,13.47301
Anode Overhang (All) (mm),KLAQ33T007805,1854,1/25/2024 8:00,0.725,0.72058,0.5904,0.84972
Anode Overhang (Top) (mm),KLAQ33T007805,1854,1/25/2024 8:00,0.778,0.77813,0.6912,0.84972
Anode Overhang (Bottom) (mm),KLAQ33T007805,1854,1/25/2024 8:00,0.671,0.67695,0.5904,0.76374
Cathode Width (mm),KLAQ33T007805,1854,1/25/2024 8:00,57.879,57.888,57.68643,57.98883
Core Area (mm²),KLAQ34T028458,1855,1/25/2024 8:12,13.19,13.19214,13.13667,13.23423
Anode Overhang (All) (mm),KLAQ34T028458,1855,1/25/2024 8:12,0.715,0.72014,0.4608,0.96577
Anode Overhang (Top) (mm),KLAQ34T028458,1855,1/25/2024 8:12,0.816,0.79141,0.6336,0.96577
Anode Overhang (Bottom) (mm),KLAQ34T028458,1855,1/25/2024 8:12,0.615,0.648,0.4608,0.8208
Cathode Width (mm),KLAQ34T028458,1855,1/25/2024 8:12,57.926,57.93121,57.7296,58.0464
Core Area (mm²),LLAQ21T062664,1856,1/25/2024 8:51,13.297,13.30007,13.22158,13.3601
Anode Overhang (All) (mm),LLAQ21T062664,1856,1/25/2024 8:51,0.706,0.70575,0.648,0.76442
Anode Overhang (Top) (mm),LLAQ21T062664,1856,1/25/2024 8:51,0.711,0.70575,0.648,0.76374
Anode Overhang (Bottom) (mm),LLAQ21T062664,1856,1/25/2024 8:51,0.701,0.70575,0.648,0.76442
Cathode Width (mm),LLAQ21T062664,1856,1/25/2024 8:51,57.9,57.9024,57.7296,58.00331
Core Area (mm²),KLAQ34T029153,1857,1/25/2024 9:22,13.215,13.20862,13.12692,13.32879
Anode Overhang (All) (mm),KLAQ34T029153,1857,1/25/2024 9:22,0.717,0.70847,0.55022,0.92205
Anode Overhang (Top) (mm),KLAQ34T029153,1857,1/25/2024 9:22,0.615,0.6192,0.55022,0.66801
Anode Overhang (Bottom) (mm),KLAQ34T029153,1857,1/25/2024 9:22,0.82,0.82093,0.74894,0.92205
Cathode Width (mm),KLAQ34T029153,1857,1/25/2024 9:22,57.93,57.9456,57.7728,58.032
Anode Overhang (All) (mm),KLAQ34T029083,1858,1/25/2024 9:32,0.717,0.72,0.6649,0.76659
Anode Overhang (Top) (mm),KLAQ34T029083,1858,1/25/2024 9:32,0.719,0.72,0.6649,0.76537
Anode Overhang (Bottom) (mm),KLAQ34T029083,1858,1/25/2024 9:32,0.715,0.72,0.6649,0.76659
Cathode Width (mm),KLAQ34T029083,1858,1/25/2024 9:32,57.927,57.93122,57.75841,58.03218
Core Area (mm²),KLAQ34T029083,1858,1/25/2024 9:32,12.976,12.98934,12.86223,13.05259
Core Area (mm²),LLAQ33T068488,1859,1/25/2024 9:41,13.201,13.20251,13.14735,13.24398
Anode Overhang (All) (mm),LLAQ33T068488,1859,1/25/2024 9:41,0.726,0.7344,0.5328,0.90766
Anode Overhang (Top) (mm),LLAQ33T068488,1859,1/25/2024 9:41,0.829,0.80845,0.7056,0.90766
Anode Overhang (Bottom) (mm),LLAQ33T068488,1859,1/25/2024 9:41,0.622,0.63425,0.5328,0.77773
Cathode Width (mm),LLAQ33T068488,1859,1/25/2024 9:41,57.898,57.9024,57.75841,58.01774
Core Area (mm²),KLAQ34T029039,1860,1/25/2024 9:51,13.405,13.40728,13.3262,13.46129
Anode Overhang (All) (mm),KLAQ34T029039,1860,1/25/2024 9:51,0.719,0.71478,0.55585,0.86699
Anode Overhang (Top) (mm),KLAQ34T029039,1860,1/25/2024 9:51,0.636,0.63466,0.55585,0.68062
Anode Overhang (Bottom) (mm),KLAQ34T029039,1860,1/25/2024 9:51,0.802,0.8064,0.74894,0.86699
Cathode Width (mm),KLAQ34T029039,1860,1/25/2024 9:51,57.924,57.9313,57.7728,58.04654
Core Area (mm²),KLAQ34T029052,1861,1/25/2024 10:00,13.218,13.21495,13.14517,13.28296
Anode Overhang (All) (mm),KLAQ34T029052,1861,1/25/2024 10:00,0.72,0.73454,0.58351,0.85265
Anode Overhang (Top) (mm),KLAQ34T029052,1861,1/25/2024 10:00,0.656,0.6624,0.58351,0.73496
Anode Overhang (Bottom) (mm),KLAQ34T029052,1861,1/25/2024 10:00,0.784,0.77813,0.69135,0.85265
Cathode Width (mm),KLAQ34T029052,1861,1/25/2024 10:00,57.928,57.9312,57.78722,58.03211
Core Area (mm²),KLAQ33T009339,1862,1/25/2024 10:09,13.383,13.3656,13.29748,13.49768
Anode Overhang (All) (mm),KLAQ33T009339,1862,1/25/2024 10:09,0.728,0.7223,0.576,0.86448
Anode Overhang (Top) (mm),KLAQ33T009339,1862,1/25/2024 10:09,0.736,0.73496,0.6048,0.86448
Anode Overhang (Bottom) (mm),KLAQ33T009339,1862,1/25/2024 10:09,0.718,0.72,0.576,0.8357
Cathode Width (mm),KLAQ33T009339,1862,1/25/2024 10:09,57.922,57.93138,57.744,58.03201
Core Area (mm²),LLAQ21T072608,1863,1/25/2024 10:19,13.201,13.19992,13.16829,13.25476
Anode Overhang (All) (mm),LLAQ21T072608,1863,1/25/2024 10:19,0.716,0.70575,0.504,0.93644
Anode Overhang (Top) (mm),LLAQ21T072608,1863,1/25/2024 10:19,0.611,0.60497,0.504,0.74894
Anode Overhang (Bottom) (mm),LLAQ21T072608,1863,1/25/2024 10:19,0.82,0.83532,0.6912,0.93644
Cathode Width (mm),LLAQ21T072608,1863,1/25/2024 10:19,57.918,57.91682,57.7296,58.03211
Core Area (mm²),KLAQ31T084976,1864,1/25/2024 10:28,13.06,13.0531,12.99318,13.1798
Anode Overhang (All) (mm),KLAQ31T084976,1864,1/25/2024 10:28,0.708,0.70575,0.47542,0.89326
Anode Overhang (Top) (mm),KLAQ31T084976,1864,1/25/2024 10:28,0.833,0.82194,0.55192,0.89326
Anode Overhang (Bottom) (mm),KLAQ31T084976,1864,1/25/2024 10:28,0.583,0.5911,0.47542,0.76374
Cathode Width (mm),KLAQ31T084976,1864,1/25/2024 10:28,57.906,57.91689,57.72995,58.01771
Core Area (mm²),LLAQ21T036929,1865,1/25/2024 10:38,13.578,13.57596,13.50359,13.67622
Anode Overhang (All) (mm),LLAQ21T036929,1865,1/25/2024 10:38,0.726,0.72058,0.5616,0.87946
Anode Overhang (Top) (mm),LLAQ21T036929,1865,1/25/2024 10:38,0.767,0.76537,0.6624,0.87946
Anode Overhang (Bottom) (mm),LLAQ21T036929,1865,1/25/2024 10:38,0.683,0.68229,0.5616,0.7788
Cathode Width (mm),LLAQ21T036929,1865,1/25/2024 10:38,57.897,57.90246,57.744,58.00329
Core Area (mm²),LLAQ21T072655,1866,1/25/2024 10:47,13.168,13.17006,13.12941,13.20593
Anode Overhang (All) (mm),LLAQ21T072655,1866,1/25/2024 10:47,0.717,0.72,0.58048,0.85155
Anode Overhang (Top) (mm),LLAQ21T072655,1866,1/25/2024 10:47,0.674,0.6649,0.58048,0.77813
Anode Overhang (Bottom) (mm),LLAQ21T072655,1866,1/25/2024 10:47,0.76,0.76537,0.6336,0.85155
Cathode Width (mm),LLAQ21T072655,1866,1/25/2024 10:47,57.907,57.91681,57.74402,58.01766
Core Area (mm²),KLAQ31T085151,1867,1/25/2024 10:56,13.107,13.12361,12.9796,13.22656
Anode Overhang (All) (mm),KLAQ31T085151,1867,1/25/2024 10:56,0.711,0.70795,0.53596,0.85009
Anode Overhang (Top) (mm),KLAQ31T085151,1867,1/25/2024 10:56,0.784,0.7788,0.58494,0.85009
Anode Overhang (Bottom) (mm),KLAQ31T085151,1867,1/25/2024 10:56,0.637,0.64864,0.53596,0.72359
Cathode Width (mm),KLAQ31T085151,1867,1/25/2024 10:56,57.885,57.88806,57.75842,58.00322
Anode Overhang (All) (mm),KLAQ31T084927,1868,1/25/2024 11:06,0.71,0.70619,0.50421,0.92171
Anode Overhang (Top) (mm),KLAQ31T084927,1868,1/25/2024 11:06,0.815,0.81012,0.58475,0.92171
Anode Overhang (Bottom) (mm),KLAQ31T084927,1868,1/25/2024 11:06,0.605,0.60549,0.50421,0.88264
Cathode Width (mm),KLAQ31T084927,1868,1/25/2024 11:06,57.899,57.9024,57.7584,57.98902
Core Area (mm²),KLAQ31T084927,1868,1/25/2024 11:06,13.028,13.03548,12.9713,13.06689
Core Area (mm²),KLAQ23T065323,1869,1/25/2024 11:15,13.361,13.3657,13.30857,13.41163
Anode Overhang (All) (mm),KLAQ23T065323,1869,1/25/2024 11:15,0.714,0.72,0.576,0.83532
Anode Overhang (Top) (mm),KLAQ23T065323,1869,1/25/2024 11:15,0.775,0.77933,0.67818,0.83532
Anode Overhang (Bottom) (mm),KLAQ23T065323,1869,1/25/2024 11:15,0.651,0.65055,0.576,0.74935
Cathode Width (mm),KLAQ23T065323,1869,1/25/2024 11:15,57.895,57.88818,57.75841,58.00322
Core Area (mm²),KLAQ33T010499,1870,1/25/2024 11:25,13.009,13.01236,12.97286,13.04844
Anode Overhang (All) (mm),KLAQ33T010499,1870,1/25/2024 11:25,0.721,0.70926,0.576,0.87887
Anode Overhang (Top) (mm),KLAQ33T010499,1870,1/25/2024 11:25,0.788,0.77813,0.65199,0.87887
Anode Overhang (Bottom) (mm),KLAQ33T010499,1870,1/25/2024 11:25,0.658,0.66801,0.576,0.74129
Cathode Width (mm),KLAQ33T010499,1870,1/25/2024 11:25,57.886,57.88804,57.7296,58.00329
Core Area (mm²),KLAQ31T085040,1871,1/25/2024 11:34,13.165,13.16498,13.11345,13.2248
Anode Overhang (All) (mm),KLAQ31T085040,1871,1/25/2024 11:34,0.712,0.70575,0.5472,0.86412
Anode Overhang (Top) (mm),KLAQ31T085040,1871,1/25/2024 11:34,0.782,0.77773,0.66256,0.86412
Anode Overhang (Bottom) (mm),KLAQ31T085040,1871,1/25/2024 11:34,0.64,0.65373,0.5472,0.73454
Cathode Width (mm),KLAQ31T085040,1871,1/25/2024 11:34,57.903,57.90244,57.75841,58.01786
Core Area (mm²),KLAQ33T007742,1872,1/25/2024 11:43,13.479,13.46689,13.41619,13.59151
Anode Overhang (All) (mm),KLAQ33T007742,1872,1/25/2024 11:43,0.728,0.72058,0.60754,0.8357
Anode Overhang (Top) (mm),KLAQ33T007742,1872,1/25/2024 11:43,0.772,0.7776,0.7056,0.8357
Anode Overhang (Bottom) (mm),KLAQ33T007742,1872,1/25/2024 11:43,0.683,0.6912,0.60754,0.82093
Cathode Width (mm),KLAQ33T007742,1872,1/25/2024 11:43,57.873,57.87384,57.7296,57.96003
Core Area (mm²),KLAQ33T013248,1873,1/25/2024 11:53,13.231,13.22718,13.19432,13.30328
Anode Overhang (All) (mm),KLAQ33T013248,1873,1/25/2024 11:53,0.726,0.7344,0.5616,0.87887
Anode Overhang (Top) (mm),KLAQ33T013248,1873,1/25/2024 11:53,0.775,0.77773,0.6768,0.87887
Anode Overhang (Bottom) (mm),KLAQ33T013248,1873,1/25/2024 11:53,0.677,0.67741,0.5616,0.77813
Cathode Width (mm),KLAQ33T013248,1873,1/25/2024 11:53,57.879,57.87361,57.70082,58.00321
Core Area (mm²),LLAQ21T036883,1874,1/25/2024 12:02,13.243,13.23216,13.16435,13.32309
Anode Overhang (All) (mm),LLAQ21T036883,1874,1/25/2024 12:02,0.72,0.72014,0.59477,0.8383
Anode Overhang (Top) (mm),LLAQ21T036883,1874,1/25/2024 12:02,0.695,0.69494,0.6048,0.8357
Anode Overhang (Bottom) (mm),LLAQ21T036883,1874,1/25/2024 12:02,0.744,0.7488,0.59477,0.8383
Cathode Width (mm),LLAQ21T036883,1874,1/25/2024 12:02,57.903,57.9168,57.75841,58.01786
Anode Overhang (All) (mm),KLAQ33T013311,1875,1/25/2024 12:12,0.729,0.7344,0.4752,0.96523
Anode Overhang (Top) (mm),KLAQ33T013311,1875,1/25/2024 12:12,0.805,0.82093,0.6768,0.96523
Anode Overhang (Bottom) (mm),KLAQ33T013311,1875,1/25/2024 12:12,0.651,0.63425,0.4752,0.79213
Cathode Width (mm),KLAQ33T013311,1875,1/25/2024 12:12,57.885,57.88802,57.7152,58.00323
Core Area (mm²),KLAQ33T013311,1875,1/25/2024 12:12,13.314,13.31645,13.25487,13.37399
Core Area (mm²),KLAQ34T022490,1876,1/25/2024 12:21,13.484,13.45912,13.39017,13.62946
Anode Overhang (All) (mm),KLAQ34T022490,1876,1/25/2024 12:21,0.715,0.72,0.648,0.78239
Anode Overhang (Top) (mm),KLAQ34T022490,1876,1/25/2024 12:21,0.714,0.70619,0.64864,0.77813
Anode Overhang (Bottom) (mm),KLAQ34T022490,1876,1/25/2024 12:21,0.716,0.72058,0.648,0.78239
Cathode Width (mm),KLAQ34T022490,1876,1/25/2024 12:21,57.937,57.94571,57.744,58.0464
Core Area (mm²),KLAQ33T007772,1877,1/25/2024 12:31,13.291,13.28276,13.21733,13.43641
Anode Overhang (All) (mm),KLAQ33T007772,1877,1/25/2024 12:31,0.729,0.7344,0.576,0.87887
Anode Overhang (Top) (mm),KLAQ33T007772,1877,1/25/2024 12:31,0.759,0.76442,0.58758,0.87887
Anode Overhang (Bottom) (mm),KLAQ33T007772,1877,1/25/2024 12:31,0.697,0.69135,0.576,0.80653
Cathode Width (mm),KLAQ33T007772,1877,1/25/2024 12:31,57.873,57.87363,57.7008,58.0036
Core Area (mm²),KLAQ31T084928,1878,1/25/2024 12:40,12.972,12.97182,12.91936,13.00562
Anode Overhang (All) (mm),KLAQ31T084928,1878,1/25/2024 12:40,0.713,0.70619,0.5616,0.86412
Anode Overhang (Top) (mm),KLAQ31T084928,1878,1/25/2024 12:40,0.781,0.77773,0.6912,0.86412
Anode Overhang (Bottom) (mm),KLAQ31T084928,1878,1/25/2024 12:40,0.644,0.65373,0.5616,0.72129
Cathode Width (mm),KLAQ31T084928,1878,1/25/2024 12:40,57.902,57.91682,57.75858,58.01763
Core Area (mm²),KLAQ33T007848,1879,1/25/2024 12:49,13.292,13.28255,13.21993,13.41733
Anode Overhang (All) (mm),KLAQ33T007848,1879,1/25/2024 12:49,0.727,0.72359,0.6048,0.83632
Anode Overhang (Top) (mm),KLAQ33T007848,1879,1/25/2024 12:49,0.726,0.7218,0.6048,0.83632
Anode Overhang (Bottom) (mm),KLAQ33T007848,1879,1/25/2024 12:49,0.727,0.72517,0.6048,0.83632
Cathode Width (mm),KLAQ33T007848,1879,1/25/2024 12:49,57.876,57.87371,57.7008,57.9892
Core Area (mm²),LLAQ21T072831,1880,1/25/2024 12:59,13.307,13.30691,13.26316,13.37856
Anode Overhang (All) (mm),LLAQ21T072831,1880,1/25/2024 12:59,0.716,0.71287,0.48981,0.93611
Anode Overhang (Top) (mm),LLAQ21T072831,1880,1/25/2024 12:59,0.606,0.60549,0.48981,0.69135
Anode Overhang (Bottom) (mm),LLAQ21T072831,1880,1/25/2024 12:59,0.826,0.8352,0.7344,0.93611
Cathode Width (mm),LLAQ21T072831,1880,1/25/2024 12:59,57.91,57.90255,57.75841,58.018
Core Area (mm²),KLAQ33T007756,1881,1/25/2024 13:08,13.257,13.24968,13.18053,13.36715
Anode Overhang (All) (mm),KLAQ33T007756,1881,1/25/2024 13:08,0.729,0.7344,0.56583,0.87852
Anode Overhang (Top) (mm),KLAQ33T007756,1881,1/25/2024 13:08,0.778,0.77773,0.56583,0.87852
Anode Overhang (Bottom) (mm),KLAQ33T007756,1881,1/25/2024 13:08,0.676,0.67695,0.576,0.79252
Cathode Width (mm),KLAQ33T007756,1881,1/25/2024 13:08,57.878,57.88801,57.7152,57.98906
Core Area (mm²),LLAQ21T072796,1882,1/25/2024 13:18,13.341,13.33563,13.28348,13.42532
Anode Overhang (All) (mm),LLAQ21T072796,1882,1/25/2024 13:18,0.716,0.7344,0.504,0.937
Anode Overhang (Top) (mm),LLAQ21T072796,1882,1/25/2024 13:18,0.616,0.62337,0.504,0.70619
Anode Overhang (Bottom) (mm),LLAQ21T072796,1882,1/25/2024 13:18,0.815,0.80756,0.72014,0.937
Cathode Width (mm),LLAQ21T072796,1882,1/25/2024 13:18,57.909,57.90278,57.7584,58.01762
Anode Overhang (All) (mm),KLAQ33T013244,1883,1/25/2024 13:27,0.725,0.72014,0.5472,0.90766
Anode Overhang (Top) (mm),KLAQ33T013244,1883,1/25/2024 13:27,0.787,0.792,0.67695,0.90766
Anode Overhang (Bottom) (mm),KLAQ33T013244,1883,1/25/2024 13:27,0.665,0.6649,0.5472,0.76334
Cathode Width (mm),KLAQ33T013244,1883,1/25/2024 13:27,57.871,57.888,57.72962,57.96002
Core Area (mm²),KLAQ33T013244,1883,1/25/2024 13:27,13.278,13.28898,13.19442,13.3573
Core Area (mm²),KLAQ33T013263,1884,1/25/2024 13:37,13.377,13.36746,13.30588,13.47
Anode Overhang (All) (mm),KLAQ33T013263,1884,1/25/2024 13:37,0.725,0.73454,0.4752,0.95084
Anode Overhang (Top) (mm),KLAQ33T013263,1884,1/25/2024 13:37,0.792,0.80768,0.63376,0.95084
Anode Overhang (Bottom) (mm),KLAQ33T013263,1884,1/25/2024 13:37,0.656,0.63621,0.4752,0.80653
Cathode Width (mm),KLAQ33T013263,1884,1/25/2024 13:37,57.887,57.87362,57.7008,57.98881
Core Area (mm²),KLAQ34T029237,1885,1/25/2024 13:46,13.134,13.13584,13.05134,13.22044
Anode Overhang (All) (mm),KLAQ34T029237,1885,1/25/2024 13:46,0.718,0.72014,0.56234,0.85556
Anode Overhang (Top) (mm),KLAQ34T029237,1885,1/25/2024 13:46,0.649,0.648,0.56234,0.70926
Anode Overhang (Bottom) (mm),KLAQ34T029237,1885,1/25/2024 13:46,0.786,0.792,0.70575,0.85556
Cathode Width (mm),KLAQ34T029237,1885,1/25/2024 13:46,57.92,57.91698,57.7872,58.03202
Core Area (mm²),KLAQ34T029223,1886,1/25/2024 13:56,13.053,13.06565,12.83704,13.24512
Anode Overhang (All) (mm),KLAQ34T029223,1886,1/25/2024 13:56,0.713,0.71475,0.5328,0.90766
Anode Overhang (Top) (mm),KLAQ34T029223,1886,1/25/2024 13:56,0.61,0.6192,0.5328,0.6663
Anode Overhang (Bottom) (mm),KLAQ34T029223,1886,1/25/2024 13:56,0.816,0.80691,0.7632,0.90766
Cathode Width (mm),KLAQ34T029223,1886,1/25/2024 13:56,57.924,57.93138,57.77284,58.03211
Anode Overhang (All) (mm),KLAQ33T007740,1887,1/25/2024 14:05,0.725,0.73426,0.576,0.86448
Anode Overhang (Top) (mm),KLAQ33T007740,1887,1/25/2024 14:05,0.734,0.74338,0.59058,0.86448
Anode Overhang (Bottom) (mm),KLAQ33T007740,1887,1/25/2024 14:05,0.716,0.70619,0.576,0.85009
Cathode Width (mm),KLAQ33T007740,1887,1/25/2024 14:05,57.88,57.88802,57.6864,57.98891
Core Area (mm²),KLAQ33T007740,1887,1/25/2024 14:05,13.265,13.24678,13.18302,13.41028
Core Area (mm²),KLAQ33T007865,1888,1/25/2024 14:15,13.279,13.26762,13.22065,13.33449
Anode Overhang (All) (mm),KLAQ33T007865,1888,1/25/2024 14:15,0.726,0.7344,0.504,0.95084
Anode Overhang (Top) (mm),KLAQ33T007865,1888,1/25/2024 14:15,0.789,0.78093,0.66256,0.95084
Anode Overhang (Bottom) (mm),KLAQ33T007865,1888,1/25/2024 14:15,0.663,0.66381,0.504,0.7967
Cathode Width (mm),KLAQ33T007865,1888,1/25/2024 14:15,57.876,57.87378,57.7296,57.97486
Core Area (mm²),KLAQ33T007932,1889,1/25/2024 20:30,13.395,13.37928,13.32972,13.53304
Anode Overhang (All) (mm),KLAQ33T007932,1889,1/25/2024 20:30,0.728,0.7344,0.5904,0.85009
Anode Overhang (Top) (mm),KLAQ33T007932,1889,1/25/2024 20:30,0.756,0.7632,0.66256,0.85009
Anode Overhang (Bottom) (mm),KLAQ33T007932,1889,1/25/2024 20:30,0.698,0.6918,0.5904,0.77813
Cathode Width (mm),KLAQ33T007932,1889,1/25/2024 20:30,57.875,57.88801,57.68641,57.98898
Core Area (mm²),KLAQ23T032105,1890,1/25/2024 15:31,13.409,13.39162,13.34517,13.4982
Anode Overhang (All) (mm),KLAQ23T032105,1890,1/25/2024 15:31,0.711,0.72072,0.5472,0.85009
Anode Overhang (Top) (mm),KLAQ23T032105,1890,1/25/2024 15:31,0.791,0.792,0.67234,0.85009
Anode Overhang (Bottom) (mm),KLAQ23T032105,1890,1/25/2024 15:31,0.631,0.63376,0.5472,0.74935
Cathode Width (mm),KLAQ23T032105,1890,1/25/2024 15:31,57.924,57.91698,57.74401,58.03226
Core Area (mm²),KLAQ33T007802,1891,1/25/2024 15:40,13.237,13.22967,13.18426,13.33999
Anode Overhang (All) (mm),KLAQ33T007802,1891,1/25/2024 15:40,0.726,0.72058,0.5904,0.85009
Anode Overhang (Top) (mm),KLAQ33T007802,1891,1/25/2024 15:40,0.776,0.77773,0.67925,0.85009
Anode Overhang (Bottom) (mm),KLAQ33T007802,1891,1/25/2024 15:40,0.673,0.67741,0.5904,0.74894
Cathode Width (mm),KLAQ33T007802,1891,1/25/2024 15:40,57.873,57.87366,57.7008,57.9888
Core Area (mm²),KLAQ33T007771,1892,1/25/2024 15:49,13.313,13.31251,13.25093,13.41298
Anode Overhang (All) (mm),KLAQ33T007771,1892,1/25/2024 15:49,0.724,0.72058,0.5616,0.87946
Anode Overhang (Top) (mm),KLAQ33T007771,1892,1/25/2024 15:49,0.762,0.75005,0.6768,0.87946
Anode Overhang (Bottom) (mm),KLAQ33T007771,1892,1/25/2024 15:49,0.685,0.6936,0.5616,0.77773
Cathode Width (mm),KLAQ33T007771,1892,1/25/2024 15:49,57.875,57.88801,57.7152,57.98882
Core Area (mm²),KLAQ34T022475,1893,1/25/2024 15:59,13.346,13.33843,13.29903,13.40292
Anode Overhang (All) (mm),KLAQ34T022475,1893,1/25/2024 15:59,0.718,0.72014,0.5904,0.85009
Anode Overhang (Top) (mm),KLAQ34T022475,1893,1/25/2024 15:59,0.78,0.77773,0.68427,0.85009
Anode Overhang (Bottom) (mm),KLAQ34T022475,1893,1/25/2024 15:59,0.659,0.66256,0.5904,0.73666
Cathode Width (mm),KLAQ34T022475,1893,1/25/2024 15:59,57.897,57.90241,57.7584,58.00331
Core Area (mm²),KLAQ33T013180,1894,1/25/2024 16:09,13.309,13.30722,13.24543,13.37275
Anode Overhang (All) (mm),KLAQ33T013180,1894,1/25/2024 16:09,0.724,0.7344,0.576,0.86448
Anode Overhang (Top) (mm),KLAQ33T013180,1894,1/25/2024 16:09,0.747,0.74935,0.6336,0.86448
Anode Overhang (Bottom) (mm),KLAQ33T013180,1894,1/25/2024 16:09,0.7,0.69135,0.576,0.80691
Cathode Width (mm),KLAQ33T013180,1894,1/25/2024 16:09,57.871,57.8736,57.70081,57.98883
Core Area (mm²),KLAQ34T022541,1895,1/25/2024 16:18,13.11,13.11314,13.05746,13.17037
Anode Overhang (All) (mm),KLAQ34T022541,1895,1/25/2024 16:18,0.724,0.72007,0.576,0.87852
Anode Overhang (Top) (mm),KLAQ34T022541,1895,1/25/2024 16:18,0.793,0.79082,0.72,0.87852
Anode Overhang (Bottom) (mm),KLAQ34T022541,1895,1/25/2024 16:18,0.655,0.66256,0.576,0.72359
Cathode Width (mm),KLAQ34T022541,1895,1/25/2024 16:18,57.895,57.8883,57.744,58.00346
Core Area (mm²),KLAQ34T016795,1896,1/25/2024 16:28,13.321,13.32195,13.24999,13.37949
Anode Overhang (All) (mm),KLAQ34T016795,1896,1/25/2024 16:28,0.729,0.72517,0.6192,0.8357
Anode Overhang (Top) (mm),KLAQ34T016795,1896,1/25/2024 16:28,0.721,0.72014,0.6192,0.8357
Anode Overhang (Bottom) (mm),KLAQ34T016795,1896,1/25/2024 16:28,0.736,0.73567,0.6192,0.82131
Cathode Width (mm),KLAQ34T016795,1896,1/25/2024 16:28,57.902,57.90241,57.72962,58.0179
Core Area (mm²),KLAQ33T007839,1897,1/25/2024 16:38,13.315,13.29229,13.21039,13.5037
Anode Overhang (All) (mm),KLAQ33T007839,1897,1/25/2024 16:38,0.728,0.72058,0.5328,0.90766
Anode Overhang (Top) (mm),KLAQ33T007839,1897,1/25/2024 16:38,0.792,0.79252,0.67741,0.90766
Anode Overhang (Bottom) (mm),KLAQ33T007839,1897,1/25/2024 16:38,0.659,0.66256,0.5328,0.7632
Cathode Width (mm),KLAQ33T007839,1897,1/25/2024 16:38,57.876,57.888,57.67203,58.00346
Core Area (mm²),KLAQ33T007918,1898,1/25/2024 16:47,13.484,13.46015,13.41028,13.63734
Anode Overhang (All) (mm),KLAQ33T007918,1898,1/25/2024 16:47,0.725,0.72517,0.6048,0.8357
Anode Overhang (Top) (mm),KLAQ33T007918,1898,1/25/2024 16:47,0.729,0.7344,0.6192,0.8357
Anode Overhang (Bottom) (mm),KLAQ33T007918,1898,1/25/2024 16:47,0.721,0.72014,0.6048,0.82131
Cathode Width (mm),KLAQ33T007918,1898,1/25/2024 16:47,57.891,57.88815,57.672,57.98932
Core Area (mm²),LLAQ21T037061,1899,1/25/2024 16:57,13.353,13.35626,13.28991,13.42096
Anode Overhang (All) (mm),LLAQ21T037061,1899,1/25/2024 16:57,0.722,0.72014,0.61853,0.82131
Anode Overhang (Top) (mm),LLAQ21T037061,1899,1/25/2024 16:57,0.734,0.7344,0.61853,0.82131
Anode Overhang (Bottom) (mm),LLAQ21T037061,1899,1/25/2024 16:57,0.709,0.70926,0.6192,0.7788
Cathode Width (mm),LLAQ21T037061,1899,1/25/2024 16:57,57.9,57.9024,57.72963,58.01761
Core Area (mm²),KLAQ33T007817,1900,1/25/2024 17:07,13.316,13.30785,13.2475,13.45404
Anode Overhang (All) (mm),KLAQ33T007817,1900,1/25/2024 17:07,0.73,0.7344,0.5328,0.92205
Anode Overhang (Top) (mm),KLAQ33T007817,1900,1/25/2024 17:07,0.749,0.7488,0.5911,0.92205
Anode Overhang (Bottom) (mm),KLAQ33T007817,1900,1/25/2024 17:07,0.71,0.70575,0.5328,0.85009
Cathode Width (mm),KLAQ33T007817,1900,1/25/2024 17:07,57.874,57.87395,57.71521,57.98881
Core Area (mm²),KLAQ33T007964,1901,1/25/2024 17:16,13.29,13.28659,13.2193,13.38156
Anode Overhang (All) (mm),KLAQ33T007964,1901,1/25/2024 17:16,0.726,0.72014,0.4896,0.95084
Anode Overhang (Top) (mm),KLAQ33T007964,1901,1/25/2024 17:16,0.802,0.79527,0.50949,0.95084
Anode Overhang (Bottom) (mm),KLAQ33T007964,1901,1/25/2024 17:16,0.648,0.64864,0.4896,0.76374
Cathode Width (mm),KLAQ33T007964,1901,1/25/2024 17:16,57.885,57.88801,57.71522,58.0035
Core Area (mm²),KLAQ23T032296,1902,1/25/2024 17:26,13.394,13.391,13.30173,13.49634
Anode Overhang (All) (mm),KLAQ23T032296,1902,1/25/2024 17:26,0.713,0.72,0.5328,0.87852
Anode Overhang (Top) (mm),KLAQ23T032296,1902,1/25/2024 17:26,0.797,0.79409,0.63572,0.87852
Anode Overhang (Bottom) (mm),KLAQ23T032296,1902,1/25/2024 17:26,0.628,0.62337,0.5328,0.76334
Cathode Width (mm),KLAQ23T032296,1902,1/25/2024 17:26,57.933,57.93121,57.7728,58.04658
Anode Overhang (All) (mm),KLAQ33T013216,1903,1/25/2024 17:36,0.724,0.7344,0.5472,0.89326
Anode Overhang (Top) (mm),KLAQ33T013216,1903,1/25/2024 17:36,0.771,0.76374,0.61853,0.89326
Anode Overhang (Bottom) (mm),KLAQ33T013216,1903,1/25/2024 17:36,0.676,0.67741,0.5472,0.76374
Cathode Width (mm),KLAQ33T013216,1903,1/25/2024 17:36,57.873,57.85935,57.7008,57.98883
Core Area (mm²),KLAQ33T013216,1903,1/25/2024 17:36,13.247,13.25103,13.17068,13.32485
Anode Overhang (All) (mm),KLAQ33T013200,1904,1/25/2024 17:46,0.726,0.7223,0.5904,0.86448
Anode Overhang (Top) (mm),KLAQ33T013200,1904,1/25/2024 17:46,0.738,0.7344,0.61937,0.86448
Anode Overhang (Bottom) (mm),KLAQ33T013200,1904,1/25/2024 17:46,0.714,0.72014,0.5904,0.80653
Cathode Width (mm),KLAQ33T013200,1904,1/25/2024 17:46,57.88,57.88802,57.74401,57.97444
Core Area (mm²),KLAQ33T013200,1904,1/25/2024 17:46,13.227,13.2248,13.19525,13.28877
Core Area (mm²),KLAQ34T029209,1905,1/25/2024 17:55,13.238,13.23361,13.10971,13.34134
Anode Overhang (All) (mm),KLAQ34T029209,1905,1/25/2024 17:55,0.72,0.7272,0.5904,0.85009
Anode Overhang (Top) (mm),KLAQ34T029209,1905,1/25/2024 17:55,0.657,0.66256,0.5904,0.70575
Anode Overhang (Bottom) (mm),KLAQ34T029209,1905,1/25/2024 17:55,0.782,0.77773,0.72,0.85009
Cathode Width (mm),KLAQ34T029209,1905,1/25/2024 17:55,57.928,57.93134,57.7872,58.03204
Core Area (mm²),KLAQ34T016711,1906,1/25/2024 18:05,13.3,13.31065,13.16301,13.42791
Anode Overhang (All) (mm),KLAQ34T016711,1906,1/25/2024 18:05,0.727,0.7223,0.648,0.79982
Anode Overhang (Top) (mm),KLAQ34T016711,1906,1/25/2024 18:05,0.743,0.7488,0.66303,0.79982
Anode Overhang (Bottom) (mm),KLAQ34T016711,1906,1/25/2024 18:05,0.709,0.70619,0.648,0.79213
Cathode Width (mm),KLAQ34T016711,1906,1/25/2024 18:05,57.896,57.90244,57.744,58.01778
Core Area (mm²),KLAQ33T010318,1907,1/25/2024 18:15,13.064,13.06824,13.00987,13.11428
Anode Overhang (All) (mm),KLAQ33T010318,1907,1/25/2024 18:15,0.722,0.70619,0.50421,0.92171
Anode Overhang (Top) (mm),KLAQ33T010318,1907,1/25/2024 18:15,0.826,0.80756,0.50912,0.92171
Anode Overhang (Bottom) (mm),KLAQ33T010318,1907,1/25/2024 18:15,0.618,0.63425,0.50421,0.72014
Cathode Width (mm),KLAQ33T010318,1907,1/25/2024 18:15,57.894,57.88824,57.7296,58.00355
Core Area (mm²),KLAQ34T016760,1908,1/25/2024 18:24,13.149,13.14538,13.08317,13.2221
Anode Overhang (All) (mm),KLAQ34T016760,1908,1/25/2024 18:24,0.712,0.70692,0.61517,0.81675
Anode Overhang (Top) (mm),KLAQ34T016760,1908,1/25/2024 18:24,0.693,0.69135,0.61517,0.80691
Anode Overhang (Bottom) (mm),KLAQ34T016760,1908,1/25/2024 18:24,0.731,0.73567,0.6192,0.81675
Cathode Width (mm),KLAQ34T016760,1908,1/25/2024 18:24,57.921,57.9312,57.7296,58.01786
Core Area (mm²),KLAQ34T016775,1909,1/25/2024 18:34,13.508,13.51293,13.46254,13.55471
Anode Overhang (All) (mm),KLAQ34T016775,1909,1/25/2024 18:34,0.717,0.72,0.5328,0.89326
Anode Overhang (Top) (mm),KLAQ34T016775,1909,1/25/2024 18:34,0.744,0.74935,0.6048,0.89326
Anode Overhang (Bottom) (mm),KLAQ34T016775,1909,1/25/2024 18:34,0.688,0.67818,0.5328,0.82093
Cathode Width (mm),KLAQ34T016775,1909,1/25/2024 18:34,57.908,57.9312,57.7296,58.00346
Core Area (mm²),KLAQ33T007983,1910,1/25/2024 18:44,13.29,13.27508,13.22532,13.4022
Anode Overhang (All) (mm),KLAQ33T007983,1910,1/25/2024 18:44,0.728,0.7344,0.576,0.87887
Anode Overhang (Top) (mm),KLAQ33T007983,1910,1/25/2024 18:44,0.727,0.74575,0.5904,0.87887
Anode Overhang (Bottom) (mm),KLAQ33T007983,1910,1/25/2024 18:44,0.73,0.72,0.576,0.86448
Cathode Width (mm),KLAQ33T007983,1910,1/25/2024 18:44,57.889,57.88804,57.72966,58.00366
Anode Overhang (All) (mm),KLAQ31T084977,1911,1/25/2024 18:53,0.71,0.70092,0.4608,0.92205
Anode Overhang (Top) (mm),KLAQ31T084977,1911,1/25/2024 18:53,0.848,0.83632,0.75129,0.92205
Anode Overhang (Bottom) (mm),KLAQ31T084977,1911,1/25/2024 18:53,0.572,0.59058,0.4608,0.65055
Cathode Width (mm),KLAQ31T084977,1911,1/25/2024 18:53,57.895,57.90246,57.75841,58.00331
Core Area (mm²),KLAQ31T084977,1911,1/25/2024 18:53,13.056,13.0613,12.99629,13.09395
Core Area (mm²),KLAQ33T007886,1912,1/25/2024 19:03,13.421,13.39162,13.32827,13.56508
Anode Overhang (All) (mm),KLAQ33T007886,1912,1/25/2024 19:03,0.726,0.7223,0.5904,0.8507
Anode Overhang (Top) (mm),KLAQ33T007886,1912,1/25/2024 19:03,0.716,0.72058,0.5904,0.85009
Anode Overhang (Bottom) (mm),KLAQ33T007886,1912,1/25/2024 19:03,0.737,0.7344,0.5904,0.8507
Cathode Width (mm),KLAQ33T007886,1912,1/25/2024 19:03,57.88,57.87395,57.71522,57.98898
Core Area (mm²),KLAQ34T029175,1913,1/25/2024 19:12,13.33,13.33574,13.22034,13.47042
Anode Overhang (All) (mm),KLAQ34T029175,1913,1/25/2024 19:12,0.713,0.71295,0.504,0.93644
Anode Overhang (Top) (mm),KLAQ34T029175,1913,1/25/2024 19:12,0.6,0.61094,0.504,0.66256
Anode Overhang (Bottom) (mm),KLAQ34T029175,1913,1/25/2024 19:12,0.827,0.8208,0.76334,0.93644
Cathode Width (mm),KLAQ34T029175,1913,1/25/2024 19:12,57.92,57.91706,57.7584,58.01774
Core Area (mm²),KLAQ34T022459,1914,1/25/2024 19:22,13.45,13.43247,13.39131,13.54662
Anode Overhang (All) (mm),KLAQ34T022459,1914,1/25/2024 19:22,0.714,0.72,0.65579,0.76537
Anode Overhang (Top) (mm),KLAQ34T022459,1914,1/25/2024 19:22,0.716,0.71262,0.65579,0.76374
Anode Overhang (Bottom) (mm),KLAQ34T022459,1914,1/25/2024 19:22,0.712,0.72,0.65585,0.76537
Cathode Width (mm),KLAQ34T022459,1914,1/25/2024 19:22,57.908,57.91684,57.7152,58.01762
Core Area (mm²),LLAQ21T037016,1915,1/25/2024 19:32,13.567,13.57275,13.46378,13.66285
Anode Overhang (All) (mm),LLAQ21T037016,1915,1/25/2024 19:32,0.728,0.72058,0.56234,0.86448
Anode Overhang (Top) (mm),LLAQ21T037016,1915,1/25/2024 19:32,0.76,0.75005,0.65816,0.86448
Anode Overhang (Bottom) (mm),LLAQ21T037016,1915,1/25/2024 19:32,0.693,0.7056,0.56234,0.76374
Cathode Width (mm),LLAQ21T037016,1915,1/25/2024 19:32,57.899,57.9027,57.74402,58.00346
Core Area (mm²),KLAQ34T022457,1916,1/25/2024 19:42,13.098,13.0981,13.00251,13.19909
Anode Overhang (All) (mm),KLAQ34T022457,1916,1/25/2024 19:42,0.721,0.72,0.56178,0.89326
Anode Overhang (Top) (mm),KLAQ34T022457,1916,1/25/2024 19:42,0.802,0.79357,0.72,0.89326
Anode Overhang (Bottom) (mm),KLAQ34T022457,1916,1/25/2024 19:42,0.64,0.64816,0.56178,0.72014
Cathode Width (mm),KLAQ34T022457,1916,1/25/2024 19:42,57.9,57.90262,57.75841,58.00324
Core Area (mm²),KLAQ33T010517,1917,1/25/2024 19:51,13.041,13.04574,12.99556,13.08141
Anode Overhang (All) (mm),KLAQ33T010517,1917,1/25/2024 19:51,0.724,0.72058,0.6048,0.86448
Anode Overhang (Top) (mm),KLAQ33T010517,1917,1/25/2024 19:51,0.79,0.792,0.7174,0.86448
Anode Overhang (Bottom) (mm),KLAQ33T010517,1917,1/25/2024 19:51,0.659,0.6624,0.6048,0.73496
Cathode Width (mm),KLAQ33T010517,1917,1/25/2024 19:51,57.894,57.9024,57.72962,58.00342
Core Area (mm²),LLAQ21T037009,1918,1/25/2024 20:01,13.438,13.44014,13.39141,13.51894
Anode Overhang (All) (mm),LLAQ21T037009,1918,1/25/2024 20:01,0.726,0.72058,0.5472,0.89326
Anode Overhang (Top) (mm),LLAQ21T037009,1918,1/25/2024 20:01,0.757,0.74686,0.67695,0.89326
Anode Overhang (Bottom) (mm),LLAQ21T037009,1918,1/25/2024 20:01,0.692,0.7056,0.5472,0.76374
Cathode Width (mm),LLAQ21T037009,1918,1/25/2024 20:01,57.893,57.88802,57.7296,58.00366
Core Area (mm²),KLAQ33T010553,1919,1/25/2024 20:11,13.084,13.08079,13.0474,13.14154
Anode Overhang (All) (mm),KLAQ33T010553,1919,1/25/2024 20:11,0.724,0.72916,0.6192,0.82093
Anode Overhang (Top) (mm),KLAQ33T010553,1919,1/25/2024 20:11,0.775,0.77773,0.72,0.82093
Anode Overhang (Bottom) (mm),KLAQ33T010553,1919,1/25/2024 20:11,0.672,0.67695,0.6192,0.73496
Cathode Width (mm),KLAQ33T010553,1919,1/25/2024 20:11,57.894,57.8883,57.7296,58.018
Core Area (mm²),KLAQ33T010548,1920,1/25/2024 20:21,13.111,13.11065,13.04471,13.20811
Anode Overhang (All) (mm),KLAQ33T010548,1920,1/25/2024 20:21,0.725,0.72014,0.576,0.87887
Anode Overhang (Top) (mm),KLAQ33T010548,1920,1/25/2024 20:21,0.813,0.82093,0.72014,0.87887
Anode Overhang (Bottom) (mm),KLAQ33T010548,1920,1/25/2024 20:21,0.637,0.63376,0.576,0.72014
Cathode Width (mm),KLAQ33T010548,1920,1/25/2024 20:21,57.887,57.9024,57.7296,57.98902
Core Area (mm²),KLAQ33T010458,1921,1/25/2024 20:40,13.177,13.18063,13.09136,13.26212
Anode Overhang (All) (mm),KLAQ33T010458,1921,1/25/2024 20:40,0.724,0.72077,0.48981,0.99402
Anode Overhang (Top) (mm),KLAQ33T010458,1921,1/25/2024 20:40,0.86,0.84972,0.77773,0.99402
Anode Overhang (Bottom) (mm),KLAQ33T010458,1921,1/25/2024 20:40,0.588,0.59894,0.48981,0.66381
Cathode Width (mm),KLAQ33T010458,1921,1/25/2024 20:40,57.901,57.9168,57.7152,58.01763
Core Area (mm²),KLAQ34T016748,1922,1/25/2024 20:50,13.291,13.27985,13.16072,13.43112
Anode Overhang (All) (mm),KLAQ34T016748,1922,1/25/2024 20:50,0.729,0.72517,0.5472,0.90766
Anode Overhang (Top) (mm),KLAQ34T016748,1922,1/25/2024 20:50,0.721,0.72517,0.56178,0.90766
Anode Overhang (Bottom) (mm),KLAQ34T016748,1922,1/25/2024 20:50,0.738,0.72702,0.5472,0.89292
Cathode Width (mm),KLAQ34T016748,1922,1/25/2024 20:50,57.894,57.90975,57.71523,58.00338
Core Area (mm²),KLAQ34T016649,1923,1/25/2024 20:59,13.559,13.54507,13.46627,13.67705
Anode Overhang (All) (mm),KLAQ34T016649,1923,1/25/2024 20:59,0.719,0.72014,0.5616,0.86508
Anode Overhang (Top) (mm),KLAQ34T016649,1923,1/25/2024 20:59,0.74,0.73666,0.6336,0.86508
Anode Overhang (Bottom) (mm),KLAQ34T016649,1923,1/25/2024 20:59,0.696,0.69255,0.5616,0.79318
Cathode Width (mm),KLAQ34T016649,1923,1/25/2024 20:59,57.909,57.91695,57.7584,58.00331
Core Area (mm²),KLAQ34T016824,1924,1/25/2024 21:09,13.388,13.38768,13.34538,13.42801
Anode Overhang (All) (mm),KLAQ34T016824,1924,1/25/2024 21:09,0.72,0.72058,0.5184,0.92205
Anode Overhang (Top) (mm),KLAQ34T016824,1924,1/25/2024 21:09,0.69,0.69851,0.5328,0.92205
Anode Overhang (Bottom) (mm),KLAQ34T016824,1924,1/25/2024 21:09,0.751,0.73792,0.5184,0.90903
Cathode Width (mm),KLAQ34T016824,1924,1/25/2024 21:09,57.913,57.9312,57.74404,58.01771
Anode Overhang (All) (mm),KLAQ34T022425,1925,1/25/2024 21:19,0.724,0.72058,0.49224,0.95051
Anode Overhang (Top) (mm),KLAQ34T022425,1925,1/25/2024 21:19,0.83,0.80845,0.70692,0.95051
Anode Overhang (Bottom) (mm),KLAQ34T022425,1925,1/25/2024 21:19,0.619,0.63425,0.49224,0.72058
Cathode Width (mm),KLAQ34T022425,1925,1/25/2024 21:19,57.903,57.90241,57.78735,58.01761
Core Area (mm²),KLAQ34T022425,1925,1/25/2024 21:19,13.201,13.20334,13.14766,13.25424
Core Area (mm²),KLAQ34T016633,1926,1/26/2024 8:39,13.41,13.40178,13.29582,13.59183
Anode Overhang (All) (mm),KLAQ34T016633,1926,1/26/2024 8:39,0.722,0.72014,0.6912,0.75446
Anode Overhang (Top) (mm),KLAQ34T016633,1926,1/26/2024 8:39,0.714,0.72,0.6912,0.75446
Anode Overhang (Bottom) (mm),KLAQ34T016633,1926,1/26/2024 8:39,0.73,0.7344,0.6936,0.75377
Cathode Width (mm),KLAQ34T016633,1926,1/26/2024 8:39,57.911,57.90255,57.74401,58.0179
Core Area (mm²),KLAQ33T010538,1927,1/26/2024 8:48,13.062,13.05767,13.01205,13.15087
Anode Overhang (All) (mm),KLAQ33T010538,1927,1/26/2024 8:48,0.722,0.72058,0.576,0.85009
Anode Overhang (Top) (mm),KLAQ33T010538,1927,1/26/2024 8:48,0.794,0.79252,0.72,0.85009
Anode Overhang (Bottom) (mm),KLAQ33T010538,1927,1/26/2024 8:48,0.65,0.64944,0.576,0.7344
Cathode Width (mm),KLAQ33T010538,1927,1/26/2024 8:48,57.889,57.88805,57.67201,58.00355
Anode Overhang (All) (mm),KLAQ33T010488,1928,1/26/2024 8:58,0.726,0.73426,0.576,0.87887
Anode Overhang (Top) (mm),KLAQ33T010488,1928,1/26/2024 8:58,0.772,0.76157,0.63311,0.87887
Anode Overhang (Bottom) (mm),KLAQ33T010488,1928,1/26/2024 8:58,0.68,0.6936,0.576,0.77973
Cathode Width (mm),KLAQ33T010488,1928,1/26/2024 8:58,57.895,57.88824,57.70081,58.01774
Core Area (mm²),KLAQ33T010488,1928,1/26/2024 8:58,13.21,13.21059,13.13854,13.29872
Core Area (mm²),KLAQ34T016747,1929,1/26/2024 9:07,13.338,13.33791,13.23589,13.42729
Anode Overhang (All) (mm),KLAQ34T016747,1929,1/26/2024 9:07,0.728,0.7344,0.5472,0.89384
Anode Overhang (Top) (mm),KLAQ34T016747,1929,1/26/2024 9:07,0.757,0.75101,0.6624,0.89384
Anode Overhang (Bottom) (mm),KLAQ34T016747,1929,1/26/2024 9:07,0.698,0.7056,0.5472,0.80691
Cathode Width (mm),KLAQ34T016747,1929,1/26/2024 9:07,57.903,57.91681,57.74401,58.00338
Core Area (mm²),KLAQ33T007911,1930,1/26/2024 9:17,13.468,13.44595,13.39774,13.63392
Anode Overhang (All) (mm),KLAQ33T007911,1930,1/26/2024 9:17,0.727,0.7223,0.6048,0.85009
Anode Overhang (Top) (mm),KLAQ33T007911,1930,1/26/2024 9:17,0.726,0.73426,0.6192,0.85009
Anode Overhang (Bottom) (mm),KLAQ33T007911,1930,1/26/2024 9:17,0.727,0.72058,0.6048,0.8357
Cathode Width (mm),KLAQ33T007911,1930,1/26/2024 9:17,57.879,57.87366,57.7008,57.98881
Core Area (mm²),KLAQ34T016616,1931,1/26/2024 9:26,13.412,13.4023,13.33221,13.54196
Anode Overhang (All) (mm),KLAQ34T016616,1931,1/26/2024 9:26,0.715,0.72,0.576,0.86508
Anode Overhang (Top) (mm),KLAQ34T016616,1931,1/26/2024 9:26,0.682,0.67695,0.576,0.85009
Anode Overhang (Bottom) (mm),KLAQ34T016616,1931,1/26/2024 9:26,0.749,0.7632,0.576,0.86508
Cathode Width (mm),KLAQ34T016616,1931,1/26/2024 9:26,57.902,57.90251,57.7728,58.01761
Core Area (mm²),KLAQ34T016631,1932,1/26/2024 9:36,13.45,13.44657,13.39888,13.49447
Anode Overhang (All) (mm),KLAQ34T016631,1932,1/26/2024 9:36,0.717,0.72014,0.5472,0.87946
Anode Overhang (Top) (mm),KLAQ34T016631,1932,1/26/2024 9:36,0.7,0.6936,0.5472,0.87946
Anode Overhang (Bottom) (mm),KLAQ34T016631,1932,1/26/2024 9:36,0.734,0.73567,0.5472,0.87887
Cathode Width (mm),KLAQ34T016631,1932,1/26/2024 9:36,57.903,57.9168,57.744,58.0179
Core Area (mm²),KLAQ34T029120,1933,1/26/2024 9:45,13.104,13.09406,12.96705,13.20925
Anode Overhang (All) (mm),KLAQ34T029120,1933,1/26/2024 9:45,0.713,0.72727,0.5616,0.86448
Anode Overhang (Top) (mm),KLAQ34T029120,1933,1/26/2024 9:45,0.641,0.64816,0.5616,0.6918
Anode Overhang (Bottom) (mm),KLAQ34T029120,1933,1/26/2024 9:45,0.784,0.77813,0.72014,0.86448
Cathode Width (mm),KLAQ34T029120,1933,1/26/2024 9:45,57.927,57.93122,57.7872,58.03211
Anode Overhang (All) (mm),KLAQ33T013372,1934,1/26/2024 9:55,0.72,0.72859,0.5904,0.86508
Anode Overhang (Top) (mm),KLAQ33T013372,1934,1/26/2024 9:55,0.744,0.74894,0.6192,0.86508
Anode Overhang (Bottom) (mm),KLAQ33T013372,1934,1/26/2024 9:55,0.698,0.68062,0.5904,0.82093
Cathode Width (mm),KLAQ33T013372,1934,1/26/2024 9:55,57.881,57.88801,57.7296,57.97441
Core Area (mm²),KLAQ33T013372,1934,1/26/2024 9:55,13.256,13.25798,13.19981,13.35544
Core Area (mm²),KLAQ33T007738,1935,1/26/2024 10:04,13.191,13.18156,13.10287,13.30899
Anode Overhang (All) (mm),KLAQ33T007738,1935,1/26/2024 10:04,0.727,0.72129,0.5328,0.92171
Anode Overhang (Top) (mm),KLAQ33T007738,1935,1/26/2024 10:04,0.717,0.72058,0.5616,0.92171
Anode Overhang (Bottom) (mm),KLAQ33T007738,1935,1/26/2024 10:04,0.738,0.7344,0.5328,0.88029
Cathode Width (mm),KLAQ33T007738,1935,1/26/2024 10:04,57.875,57.88803,57.70081,57.98906
Core Area (mm²),KLAQ33T010457,1936,1/26/2024 10:14,13.13,13.129,13.08172,13.21267
Anode Overhang (All) (mm),KLAQ33T010457,1936,1/26/2024 10:14,0.724,0.70692,0.5616,0.89326
Anode Overhang (Top) (mm),KLAQ33T010457,1936,1/26/2024 10:14,0.805,0.80646,0.72,0.89326
Anode Overhang (Bottom) (mm),KLAQ33T010457,1936,1/26/2024 10:14,0.645,0.64816,0.5616,0.73567
Cathode Width (mm),KLAQ33T010457,1936,1/26/2024 10:14,57.885,57.888,57.7008,57.9891
Core Area (mm²),KLAQ33T007855,1937,1/26/2024 10:25,13.288,13.27654,13.19566,13.45196
Anode Overhang (All) (mm),KLAQ33T007855,1937,1/26/2024 10:25,0.726,0.7223,0.6048,0.83632
Anode Overhang (Top) (mm),KLAQ33T007855,1937,1/26/2024 10:25,0.719,0.70575,0.61987,0.83632
Anode Overhang (Bottom) (mm),KLAQ33T007855,1937,1/26/2024 10:25,0.734,0.74894,0.6048,0.8357
Cathode Width (mm),KLAQ33T007855,1937,1/26/2024 10:25,57.88,57.88802,57.68641,57.98932
Core Area (mm²),KLAQ33T007797,1938,1/26/2024 10:34,13.231,13.21609,13.13584,13.40572
Anode Overhang (All) (mm),KLAQ33T007797,1938,1/26/2024 10:34,0.727,0.73157,0.5904,0.84972
Anode Overhang (Top) (mm),KLAQ33T007797,1938,1/26/2024 10:34,0.774,0.77773,0.648,0.84972
Anode Overhang (Bottom) (mm),KLAQ33T007797,1938,1/26/2024 10:34,0.675,0.67695,0.5904,0.77773
Cathode Width (mm),KLAQ33T007797,1938,1/26/2024 10:34,57.879,57.87366,57.7152,58.00342
Core Area (mm²),KLAQ34T016615,1939,1/26/2024 10:44,13.544,13.54154,13.50276,13.60085
Anode Overhang (All) (mm),KLAQ34T016615,1939,1/26/2024 10:44,0.721,0.72058,0.64672,0.78833
Anode Overhang (Top) (mm),KLAQ34T016615,1939,1/26/2024 10:44,0.736,0.73567,0.67695,0.78833
Anode Overhang (Bottom) (mm),KLAQ34T016615,1939,1/26/2024 10:44,0.704,0.70692,0.64672,0.76374
Cathode Width (mm),KLAQ34T016615,1939,1/26/2024 10:44,57.907,57.90241,57.6864,58.01782
Core Area (mm²),KLAQ34T016731,1940,1/26/2024 10:53,13.617,13.6165,13.55792,13.67767
Anode Overhang (All) (mm),KLAQ34T016731,1940,1/26/2024 10:53,0.729,0.7344,0.5616,0.89326
Anode Overhang (Top) (mm),KLAQ34T016731,1940,1/26/2024 10:53,0.75,0.75101,0.6192,0.89326
Anode Overhang (Bottom) (mm),KLAQ34T016731,1940,1/26/2024 10:53,0.707,0.7056,0.5616,0.83718
Cathode Width (mm),KLAQ34T016731,1940,1/26/2024 10:53,57.89,57.9024,57.7584,58.00324
Core Area (mm²),KLAQ34T016762,1941,1/26/2024 11:03,13.445,13.44025,13.39794,13.49551
Anode Overhang (All) (mm),KLAQ34T016762,1941,1/26/2024 11:03,0.732,0.73447,0.576,0.87887
Anode Overhang (Top) (mm),KLAQ34T016762,1941,1/26/2024 11:03,0.762,0.76334,0.6768,0.87887
Anode Overhang (Bottom) (mm),KLAQ34T016762,1941,1/26/2024 11:03,0.7,0.70575,0.576,0.79318
Cathode Width (mm),KLAQ34T016762,1941,1/26/2024 11:03,57.892,57.9024,57.7584,58.00329
Core Area (mm²),KLAQ33T010472,1942,1/26/2024 11:12,12.953,12.95233,12.90038,13.00697
Anode Overhang (All) (mm),KLAQ33T010472,1942,1/26/2024 11:12,0.724,0.72749,0.59058,0.86448
Anode Overhang (Top) (mm),KLAQ33T010472,1942,1/26/2024 11:12,0.795,0.79318,0.7344,0.86448
Anode Overhang (Bottom) (mm),KLAQ33T010472,1942,1/26/2024 11:12,0.653,0.65199,0.59058,0.72058
Cathode Width (mm),KLAQ33T010472,1942,1/26/2024 11:12,57.893,57.90241,57.744,58.00342
Core Area (mm²),KLAQ34T029215,1943,1/26/2024 11:22,13.2,13.20624,13.11365,13.30204
Anode Overhang (All) (mm),KLAQ34T029215,1943,1/26/2024 11:22,0.718,0.72014,0.57329,0.86448
Anode Overhang (Top) (mm),KLAQ34T029215,1943,1/26/2024 11:22,0.669,0.6624,0.57329,0.83532
Anode Overhang (Bottom) (mm),KLAQ34T029215,1943,1/26/2024 11:22,0.766,0.76537,0.648,0.86448
Cathode Width (mm),KLAQ34T029215,1943,1/26/2024 11:22,57.915,57.91681,57.7872,58.01764
Core Area (mm²),KLAQ33T007787,1944,1/26/2024 11:34,13.31,13.30422,13.22739,13.40054
Anode Overhang (All) (mm),KLAQ33T007787,1944,1/26/2024 11:34,0.729,0.7218,0.5328,0.90766
Anode Overhang (Top) (mm),KLAQ33T007787,1944,1/26/2024 11:34,0.77,0.77413,0.67003,0.90766
Anode Overhang (Bottom) (mm),KLAQ33T007787,1944,1/26/2024 11:34,0.686,0.6912,0.5328,0.79318
Cathode Width (mm),KLAQ33T007787,1944,1/26/2024 11:34,57.874,57.888,57.70082,57.98884
Anode Overhang (All) (mm),KLAQ34T029189,1945,1/26/2024 12:05,0.719,0.69307,0.53435,0.90766
Anode Overhang (Top) (mm),KLAQ34T029189,1945,1/26/2024 12:05,0.628,0.6336,0.53435,0.6936
Anode Overhang (Bottom) (mm),KLAQ34T029189,1945,1/26/2024 12:05,0.81,0.80653,0.74894,0.90766
Cathode Width (mm),KLAQ34T029189,1945,1/26/2024 12:05,57.933,57.9456,57.80161,58.04651
Core Area (mm²),KLAQ34T029189,1945,1/26/2024 12:05,13.059,13.07809,12.90785,13.21215
Core Area (mm²),KLAQ33T013165,1946,1/26/2024 12:48,13.268,13.27135,13.2165,13.34776
Anode Overhang (All) (mm),KLAQ33T013165,1946,1/26/2024 12:48,0.727,0.7344,0.62735,0.82866
Anode Overhang (Top) (mm),KLAQ33T013165,1946,1/26/2024 12:48,0.739,0.73722,0.66068,0.82866
Anode Overhang (Bottom) (mm),KLAQ33T013165,1946,1/26/2024 12:48,0.716,0.72517,0.62735,0.77813
Cathode Width (mm),KLAQ33T013165,1946,1/26/2024 12:48,57.881,57.88804,57.74403,57.97441
Core Area (mm²),KLAQ34T016807,1947,1/26/2024 13:26,13.401,13.40209,13.34258,13.45912
Anode Overhang (All) (mm),KLAQ34T016807,1947,1/26/2024 13:26,0.72,0.72014,0.576,0.86448
Anode Overhang (Top) (mm),KLAQ34T016807,1947,1/26/2024 13:26,0.72,0.73496,0.5904,0.86448
Anode Overhang (Bottom) (mm),KLAQ34T016807,1947,1/26/2024 13:26,0.72,0.70692,0.576,0.83632
Cathode Width (mm),KLAQ34T016807,1947,1/26/2024 13:26,57.898,57.90255,57.72962,58.00326
Core Area (mm²),KLAQ34T016664,1948,1/26/2024 13:36,13.661,13.66347,13.62106,13.69437
Anode Overhang (All) (mm),KLAQ34T016664,1948,1/26/2024 13:36,0.718,0.71087,0.6336,0.80653
Anode Overhang (Top) (mm),KLAQ34T016664,1948,1/26/2024 13:36,0.749,0.75761,0.64816,0.80653
Anode Overhang (Bottom) (mm),KLAQ34T016664,1948,1/26/2024 13:36,0.687,0.69135,0.6336,0.7788
Cathode Width (mm),KLAQ34T016664,1948,1/26/2024 13:36,57.92,57.91686,57.744,58.01764
Core Area (mm²),KLAQ33T010425,1949,1/26/2024 13:45,13.213,13.21132,13.16031,13.30017
Anode Overhang (All) (mm),KLAQ33T010425,1949,1/26/2024 13:45,0.731,0.7488,0.54796,0.89326
Anode Overhang (Top) (mm),KLAQ33T010425,1949,1/26/2024 13:45,0.789,0.77773,0.68418,0.89326
Anode Overhang (Bottom) (mm),KLAQ33T010425,1949,1/26/2024 13:45,0.669,0.67925,0.54796,0.74894
Cathode Width (mm),KLAQ33T010425,1949,1/26/2024 13:45,57.9,57.90241,57.6864,58.00366
Core Area (mm²),KLAQ33T010408,1950,1/26/2024 13:56,13.223,13.21993,13.15471,13.31241
Anode Overhang (All) (mm),KLAQ33T010408,1950,1/26/2024 13:56,0.712,0.64157,0.4464,0.99454
Anode Overhang (Top) (mm),KLAQ33T010408,1950,1/26/2024 13:56,0.871,0.8643,0.74129,0.99454
Anode Overhang (Bottom) (mm),KLAQ33T010408,1950,1/26/2024 13:56,0.566,0.57762,0.4464,0.68427
Cathode Width (mm),KLAQ33T010408,1950,1/26/2024 13:56,57.891,57.90242,57.70084,57.98902
Core Area (mm²),KLAQ33T010375,1951,1/26/2024 14:05,13.217,13.21516,13.18965,13.2558
Anode Overhang (All) (mm),KLAQ33T010375,1951,1/26/2024 14:05,0.725,0.7223,0.6336,0.82194
Anode Overhang (Top) (mm),KLAQ33T010375,1951,1/26/2024 14:05,0.763,0.76374,0.67818,0.82194
Anode Overhang (Bottom) (mm),KLAQ33T010375,1951,1/26/2024 14:05,0.688,0.67741,0.6336,0.76807
Cathode Width (mm),KLAQ33T010375,1951,1/26/2024 14:05,57.891,57.9024,57.7152,57.98902
Core Area (mm²),KLAQ33T010456,1952,1/26/2024 14:15,13.059,13.05704,13.00977,13.13626
Anode Overhang (All) (mm),KLAQ33T010456,1952,1/26/2024 14:15,0.723,0.72094,0.576,0.864
Anode Overhang (Top) (mm),KLAQ33T010456,1952,1/26/2024 14:15,0.793,0.79318,0.7174,0.864
Anode Overhang (Bottom) (mm),KLAQ33T010456,1952,1/26/2024 14:15,0.652,0.65579,0.576,0.72129
Cathode Width (mm),KLAQ33T010456,1952,1/26/2024 14:15,57.895,57.88828,57.72961,57.98926
Core Area (mm²),KLAQ34T029088,1953,1/27/2024 15:35,13.182,13.18281,13.12672,13.22978
Anode Overhang (All) (mm),KLAQ34T029088,1953,1/27/2024 15:35,0.718,0.72014,0.63946,0.79318
Anode Overhang (Top) (mm),KLAQ34T029088,1953,1/27/2024 15:35,0.702,0.70692,0.63946,0.75101
Anode Overhang (Bottom) (mm),KLAQ34T029088,1953,1/27/2024 15:35,0.732,0.72058,0.6912,0.79318
Cathode Width (mm),KLAQ34T029088,1953,1/27/2024 15:35,57.924,57.93123,57.77281,58.03202
Core Area (mm²),KLAQ33T010370,1954,1/26/2024 14:33,13.267,13.27239,13.21329,13.33024
Anode Overhang (All) (mm),KLAQ33T010370,1954,1/26/2024 14:33,0.723,0.72129,0.6624,0.792
Anode Overhang (Top) (mm),KLAQ33T010370,1954,1/26/2024 14:33,0.75,0.74935,0.68427,0.792
Anode Overhang (Bottom) (mm),KLAQ33T010370,1954,1/26/2024 14:33,0.696,0.69255,0.6624,0.75377
Cathode Width (mm),KLAQ33T010370,1954,1/26/2024 14:33,57.903,57.9025,57.6864,58.018
Core Area (mm²),KLAQ34T022492,1955,1/26/2024 15:03,13.206,13.20894,13.15533,13.26814
Anode Overhang (All) (mm),KLAQ34T022492,1955,1/26/2024 15:03,0.722,0.65476,0.432,0.99402
Anode Overhang (Top) (mm),KLAQ34T022492,1955,1/26/2024 15:03,0.877,0.86448,0.72702,0.99402
Anode Overhang (Bottom) (mm),KLAQ34T022492,1955,1/26/2024 15:03,0.569,0.57762,0.432,0.68062
Cathode Width (mm),KLAQ34T022492,1955,1/26/2024 15:03,57.904,57.90241,57.71522,58.01778
Core Area (mm²),KLAQ34T016743,1956,1/26/2024 15:12,13.325,13.33221,13.22355,13.41827
Anode Overhang (All) (mm),KLAQ34T016743,1956,1/26/2024 15:12,0.736,0.7344,0.576,0.87887
Anode Overhang (Top) (mm),KLAQ34T016743,1956,1/26/2024 15:12,0.792,0.79285,0.67925,0.87887
Anode Overhang (Bottom) (mm),KLAQ34T016743,1956,1/26/2024 15:12,0.676,0.67925,0.576,0.76442
Cathode Width (mm),KLAQ34T016743,1956,1/26/2024 15:12,57.884,57.88806,57.744,57.98884
Core Area (mm²),KLAQ34T022443,1957,1/26/2024 15:22,13.27,13.26948,13.22988,13.31811
Anode Overhang (All) (mm),KLAQ34T022443,1957,1/26/2024 15:22,0.705,0.70575,0.5472,0.8507
Anode Overhang (Top) (mm),KLAQ34T022443,1957,1/26/2024 15:22,0.785,0.78239,0.6768,0.8507
Anode Overhang (Bottom) (mm),KLAQ34T022443,1957,1/26/2024 15:22,0.625,0.6252,0.5472,0.74894
Cathode Width (mm),KLAQ34T022443,1957,1/26/2024 15:22,57.913,57.90262,57.7584,58.03226
Core Area (mm²),KLAQ33T010505,1959,1/26/2024 15:41,13.102,13.10028,13.02418,13.19898
Anode Overhang (All) (mm),KLAQ33T010505,1959,1/26/2024 15:41,0.723,0.71544,0.5616,0.89326
Anode Overhang (Top) (mm),KLAQ33T010505,1959,1/26/2024 15:41,0.817,0.82093,0.7056,0.89326
Anode Overhang (Bottom) (mm),KLAQ33T010505,1959,1/26/2024 15:41,0.63,0.62187,0.5616,0.72058
Cathode Width (mm),KLAQ33T010505,1959,1/26/2024 15:41,57.89,57.88852,57.70084,58.00326
Anode Overhang (All) (mm),KLAQ34T016663,1960,1/26/2024 15:50,0.718,0.70692,0.58758,0.85155
Anode Overhang (Top) (mm),KLAQ34T016663,1960,1/26/2024 15:50,0.766,0.77773,0.59669,0.8496
Anode Overhang (Bottom) (mm),KLAQ34T016663,1960,1/26/2024 15:50,0.669,0.66303,0.58758,0.85155
Cathode Width (mm),KLAQ34T016663,1960,1/26/2024 15:50,57.905,57.91682,57.7584,58.01786
Core Area (mm²),KLAQ34T016663,1960,1/26/2024 15:50,13.547,13.54382,13.49115,13.64356
Core Area (mm²),KLAQ34T016763,1961,1/26/2024 16:00,13.229,13.23247,13.13346,13.31355
Anode Overhang (All) (mm),KLAQ34T016763,1961,1/26/2024 16:00,0.72,0.72058,0.576,0.85265
Anode Overhang (Top) (mm),KLAQ34T016763,1961,1/26/2024 16:00,0.716,0.7223,0.6048,0.85009
Anode Overhang (Bottom) (mm),KLAQ34T016763,1961,1/26/2024 16:00,0.724,0.72014,0.576,0.85265
Cathode Width (mm),KLAQ34T016763,1961,1/26/2024 16:00,57.898,57.90241,57.74401,58.0036
Core Area (mm²),KLAQ34T016794,1962,1/26/2024 16:09,13.519,13.51158,13.41816,13.62915
Anode Overhang (All) (mm),KLAQ34T016794,1962,1/26/2024 16:09,0.736,0.73454,0.5472,0.90766
Anode Overhang (Top) (mm),KLAQ34T016794,1962,1/26/2024 16:09,0.784,0.78609,0.66256,0.90766
Anode Overhang (Bottom) (mm),KLAQ34T016794,1962,1/26/2024 16:09,0.686,0.68229,0.5472,0.82194
Cathode Width (mm),KLAQ34T016794,1962,1/26/2024 16:09,57.881,57.888,57.74401,57.98902
Core Area (mm²),KLAQ33T013373,1963,1/26/2024 16:19,13.361,13.35077,13.27208,13.4784
Anode Overhang (All) (mm),KLAQ33T013373,1963,1/26/2024 16:19,0.721,0.72014,0.5184,0.93644
Anode Overhang (Top) (mm),KLAQ33T013373,1963,1/26/2024 16:19,0.799,0.8208,0.6768,0.93644
Anode Overhang (Bottom) (mm),KLAQ33T013373,1963,1/26/2024 16:19,0.646,0.63376,0.5184,0.77813
Cathode Width (mm),KLAQ33T013373,1963,1/26/2024 16:19,57.882,57.888,57.744,57.98883
Core Area (mm²),KLAQ33T007804,1964,1/26/2024 16:28,13.317,13.30277,13.24045,13.41609
Anode Overhang (All) (mm),KLAQ33T007804,1964,1/26/2024 16:28,0.726,0.72014,0.57762,0.86448
Anode Overhang (Top) (mm),KLAQ33T007804,1964,1/26/2024 16:28,0.775,0.77946,0.6768,0.86448
Anode Overhang (Bottom) (mm),KLAQ33T007804,1964,1/26/2024 16:28,0.674,0.6768,0.57762,0.7788
Cathode Width (mm),KLAQ33T007804,1964,1/26/2024 16:28,57.87,57.87361,57.7296,57.97442
Core Area (mm²),KLAQ34T016759,1966,1/26/2024 17:49,13.381,13.38592,13.31365,13.45372
Anode Overhang (All) (mm),KLAQ34T016759,1966,1/26/2024 17:49,0.724,0.7344,0.5472,0.89326
Anode Overhang (Top) (mm),KLAQ34T016759,1966,1/26/2024 17:49,0.737,0.74935,0.6192,0.89326
Anode Overhang (Bottom) (mm),KLAQ34T016759,1966,1/26/2024 17:49,0.711,0.70575,0.5472,0.82194
Cathode Width (mm),KLAQ34T016759,1966,1/26/2024 17:49,57.894,57.9024,57.7152,57.98889
Core Area (mm²),KLAQ34T018447,1967,1/26/2024 18:12,13.424,13.42283,13.32423,13.51676
Anode Overhang (All) (mm),KLAQ34T018447,1967,1/26/2024 18:12,0.735,0.7344,0.5328,0.92261
Anode Overhang (Top) (mm),KLAQ34T018447,1967,1/26/2024 18:12,0.79,0.792,0.64816,0.92261
Anode Overhang (Bottom) (mm),KLAQ34T018447,1967,1/26/2024 18:12,0.678,0.67818,0.5328,0.79252
Cathode Width (mm),KLAQ34T018447,1967,1/26/2024 18:12,57.886,57.88801,57.7296,58.00342
Core Area (mm²),LLAQ21T066583,1968,1/26/2024 18:21,13.105,13.10816,13.05518,13.1515
Anode Overhang (All) (mm),LLAQ21T066583,1968,1/26/2024 18:21,0.71,0.71309,0.504,0.90731
Anode Overhang (Top) (mm),LLAQ21T066583,1968,1/26/2024 18:21,0.818,0.80961,0.72,0.90731
Anode Overhang (Bottom) (mm),LLAQ21T066583,1968,1/26/2024 18:21,0.602,0.60497,0.504,0.70619
Cathode Width (mm),LLAQ21T066583,1968,1/26/2024 18:21,57.882,57.87378,57.7008,57.9891
Core Area (mm²),KLAQ33T009577,1969,1/26/2024 18:31,13.409,13.40489,13.32464,13.48369
Anode Overhang (All) (mm),KLAQ33T009577,1969,1/26/2024 18:31,0.723,0.72129,0.5472,0.87946
Anode Overhang (Top) (mm),KLAQ33T009577,1969,1/26/2024 18:31,0.723,0.73496,0.57618,0.87887
Anode Overhang (Bottom) (mm),KLAQ33T009577,1969,1/26/2024 18:31,0.723,0.72,0.5472,0.87946
Cathode Width (mm),KLAQ33T009577,1969,1/26/2024 18:31,57.915,57.9168,57.72962,58.0179
Core Area (mm²),LLAQ21T037048,1970,1/26/2024 18:40,13.536,13.53532,13.41868,13.67798
Anode Overhang (All) (mm),LLAQ21T037048,1970,1/26/2024 18:40,0.723,0.7223,0.5616,0.87946
Anode Overhang (Top) (mm),LLAQ21T037048,1970,1/26/2024 18:40,0.695,0.7056,0.5616,0.87946
Anode Overhang (Bottom) (mm),LLAQ21T037048,1970,1/26/2024 18:40,0.752,0.75005,0.5616,0.87946
Cathode Width (mm),LLAQ21T037048,1970,1/26/2024 18:40,57.89,57.88849,57.74404,57.98915
Core Area (mm²),LLAQ21T066425,1971,1/26/2024 18:50,13.187,13.19131,13.11448,13.2672
Anode Overhang (All) (mm),LLAQ21T066425,1971,1/26/2024 18:50,0.706,0.72,0.4032,0.99454
Anode Overhang (Top) (mm),LLAQ21T066425,1971,1/26/2024 18:50,0.834,0.79527,0.648,0.99454
Anode Overhang (Bottom) (mm),LLAQ21T066425,1971,1/26/2024 18:50,0.582,0.60497,0.4032,0.7488
Cathode Width (mm),LLAQ21T066425,1971,1/26/2024 18:50,57.888,57.88804,57.70091,58.01763
Anode Overhang (All) (mm),LLAQ21T066665,1972,1/26/2024 18:59,0.705,0.70743,0.4032,0.99454
Anode Overhang (Top) (mm),LLAQ21T066665,1972,1/26/2024 18:59,0.817,0.792,0.55919,0.99454
Anode Overhang (Bottom) (mm),LLAQ21T066665,1972,1/26/2024 18:59,0.594,0.60754,0.4032,0.82131
Cathode Width (mm),LLAQ21T066665,1972,1/26/2024 18:59,57.879,57.88801,57.71523,57.98902
Core Area (mm²),LLAQ21T066665,1972,1/26/2024 18:59,13.11,13.11832,13.02636,13.18582
Anode Overhang (All) (mm),LLAQ21T033398,1973,1/26/2024 19:09,0.731,0.73454,0.5328,0.93611
Anode Overhang (Top) (mm),LLAQ21T033398,1973,1/26/2024 19:09,0.826,0.82093,0.67695,0.93611
Anode Overhang (Bottom) (mm),LLAQ21T033398,1973,1/26/2024 19:09,0.635,0.63768,0.5328,0.79213
Cathode Width (mm),LLAQ21T033398,1973,1/26/2024 19:09,57.874,57.88089,57.70081,57.98881
Core Area (mm²),LLAQ21T033398,1973,1/26/2024 19:09,13.167,13.16446,13.12464,13.20147
Core Area (mm²),LLAQ33T083017,1974,1/26/2024 19:18,13.205,13.19992,13.14486,13.31894
Anode Overhang (All) (mm),LLAQ33T083017,1974,1/26/2024 19:18,0.707,0.70575,0.5472,0.87887
Anode Overhang (Top) (mm),LLAQ33T083017,1974,1/26/2024 19:18,0.743,0.74894,0.60497,0.87887
Anode Overhang (Bottom) (mm),LLAQ33T083017,1974,1/26/2024 19:18,0.672,0.6624,0.5472,0.79252
Cathode Width (mm),LLAQ33T083017,1974,1/26/2024 19:18,57.896,57.88803,57.75842,58.03211
Core Area (mm²),KLAQ23T032264,1975,1/26/2024 19:28,13.276,13.27311,13.2221,13.32029
Anode Overhang (All) (mm),KLAQ23T032264,1975,1/26/2024 19:28,0.723,0.72014,0.50408,0.92171
Anode Overhang (Top) (mm),KLAQ23T032264,1975,1/26/2024 19:28,0.826,0.82131,0.7056,0.92171
Anode Overhang (Bottom) (mm),KLAQ23T032264,1975,1/26/2024 19:28,0.621,0.61937,0.50408,0.80756
Cathode Width (mm),KLAQ23T032264,1975,1/26/2024 19:28,57.88,57.88803,57.7584,57.98884
Core Area (mm²),KLAQ33T008275,1976,1/26/2024 19:37,13.155,13.16114,13.04035,13.25912
Anode Overhang (All) (mm),KLAQ33T008275,1976,1/26/2024 19:37,0.727,0.73426,0.6048,0.8357
Anode Overhang (Top) (mm),KLAQ33T008275,1976,1/26/2024 19:37,0.75,0.75005,0.6624,0.8357
Anode Overhang (Bottom) (mm),KLAQ33T008275,1976,1/26/2024 19:37,0.702,0.70575,0.6048,0.7788
Cathode Width (mm),KLAQ33T008275,1976,1/26/2024 19:37,57.886,57.88806,57.7008,58.00372
Core Area (mm²),KLAQ34T018529,1977,1/26/2024 19:46,13.434,13.44263,13.36404,13.48721
Anode Overhang (All) (mm),KLAQ34T018529,1977,1/26/2024 19:46,0.731,0.7344,0.48122,0.95138
Anode Overhang (Top) (mm),KLAQ34T018529,1977,1/26/2024 19:46,0.779,0.7788,0.5662,0.95138
Anode Overhang (Bottom) (mm),KLAQ34T018529,1977,1/26/2024 19:46,0.681,0.67818,0.48122,0.82131
Cathode Width (mm),KLAQ34T018529,1977,1/26/2024 19:46,57.892,57.90241,57.7584,58.00326
Anode Overhang (All) (mm),KLAQ31T085036,1978,1/26/2024 19:56,0.71,0.72129,0.4896,0.92171
Anode Overhang (Top) (mm),KLAQ31T085036,1978,1/26/2024 19:56,0.826,0.82093,0.6624,0.92171
Anode Overhang (Bottom) (mm),KLAQ31T085036,1978,1/26/2024 19:56,0.593,0.6048,0.4896,0.80653
Cathode Width (mm),KLAQ31T085036,1978,1/26/2024 19:56,57.897,57.9024,57.7584,58.00334
Core Area (mm²),KLAQ31T085036,1978,1/26/2024 19:56,13.012,13.0332,12.90204,13.07032
Core Area (mm²),KLAQ34T018577,1979,1/26/2024 20:05,13.663,13.66813,13.60188,13.71925
Anode Overhang (All) (mm),KLAQ34T018577,1979,1/26/2024 20:05,0.72,0.7223,0.5472,0.89326
Anode Overhang (Top) (mm),KLAQ34T018577,1979,1/26/2024 20:05,0.796,0.77813,0.70604,0.89326
Anode Overhang (Bottom) (mm),KLAQ34T018577,1979,1/26/2024 20:05,0.643,0.66256,0.5472,0.72517
Cathode Width (mm),KLAQ34T018577,1979,1/26/2024 20:05,57.906,57.9024,57.7584,58.00338
Core Area (mm²),KLAQ31T084972,1980,1/26/2024 20:15,13.241,13.24128,13.18664,13.31666
Anode Overhang (All) (mm),KLAQ31T084972,1980,1/26/2024 20:15,0.711,0.71346,0.5184,0.89292
Anode Overhang (Top) (mm),KLAQ31T084972,1980,1/26/2024 20:15,0.809,0.80653,0.72,0.89292
Anode Overhang (Bottom) (mm),KLAQ31T084972,1980,1/26/2024 20:15,0.612,0.61987,0.5184,0.70692
Cathode Width (mm),KLAQ31T084972,1980,1/26/2024 20:15,57.889,57.9024,57.74402,58.00338
Core Area (mm²),KLAQ31T085084,1981,1/26/2024 20:24,13.154,13.15834,13.09012,13.19162
Anode Overhang (All) (mm),KLAQ31T085084,1981,1/26/2024 20:24,0.707,0.70619,0.5472,0.84972
Anode Overhang (Top) (mm),KLAQ31T085084,1981,1/26/2024 20:24,0.779,0.7788,0.67695,0.84972
Anode Overhang (Bottom) (mm),KLAQ31T085084,1981,1/26/2024 20:24,0.634,0.63768,0.5472,0.72129
Cathode Width (mm),KLAQ31T085084,1981,1/26/2024 20:24,57.896,57.90241,57.74406,58.00323
Core Area (mm²),KLAQ34T018449,1982,1/26/2024 20:33,13.393,13.3911,13.32734,13.46378
Anode Overhang (All) (mm),KLAQ34T018449,1982,1/26/2024 20:33,0.728,0.72517,0.504,0.93644
Anode Overhang (Top) (mm),KLAQ34T018449,1982,1/26/2024 20:33,0.71,0.72014,0.56178,0.93644
Anode Overhang (Bottom) (mm),KLAQ34T018449,1982,1/26/2024 20:33,0.747,0.73496,0.504,0.89326
Cathode Width (mm),KLAQ34T018449,1982,1/26/2024 20:33,57.892,57.90242,57.7296,57.98884
Core Area (mm²),LLAQ21T037560,1983,1/26/2024 20:43,13.269,13.27104,13.23776,13.3094
Anode Overhang (All) (mm),LLAQ21T037560,1983,1/26/2024 20:43,0.723,0.72058,0.5616,0.87887
Anode Overhang (Top) (mm),LLAQ21T037560,1983,1/26/2024 20:43,0.744,0.73666,0.64672,0.87887
Anode Overhang (Bottom) (mm),LLAQ21T037560,1983,1/26/2024 20:43,0.702,0.70575,0.5616,0.79318
Cathode Width (mm),LLAQ21T037560,1983,1/26/2024 20:43,57.898,57.90246,57.75843,58.00329
Core Area (mm²),KLAQ33T007946,1984,1/26/2024 20:52,13.192,13.17327,13.11759,13.3516
Anode Overhang (All) (mm),KLAQ33T007946,1984,1/26/2024 20:52,0.727,0.72129,0.6192,0.83632
Anode Overhang (Top) (mm),KLAQ33T007946,1984,1/26/2024 20:52,0.754,0.7632,0.6624,0.83632
Anode Overhang (Bottom) (mm),KLAQ33T007946,1984,1/26/2024 20:52,0.698,0.69255,0.6192,0.77973
Cathode Width (mm),KLAQ33T007946,1984,1/26/2024 20:52,57.884,57.88802,57.6864,58.00329
Core Area (mm²),KLAQ31T085002,1985,1/26/2024 21:02,13.223,13.21008,13.15119,13.32537
Anode Overhang (All) (mm),KLAQ31T085002,1985,1/26/2024 21:02,0.708,0.67818,0.504,0.89292
Anode Overhang (Top) (mm),KLAQ31T085002,1985,1/26/2024 21:02,0.812,0.80756,0.55585,0.89292
Anode Overhang (Bottom) (mm),KLAQ31T085002,1985,1/26/2024 21:02,0.604,0.61987,0.504,0.6918
Cathode Width (mm),KLAQ31T085002,1985,1/26/2024 21:02,57.894,57.9024,57.7584,58.00346
Core Area (mm²),LLAQ33T082960,1986,1/26/2024 21:11,12.74,12.71894,12.64958,12.85539
Anode Overhang (All) (mm),LLAQ33T082960,1986,1/26/2024 21:11,0.712,0.70619,0.5472,0.87852
Anode Overhang (Top) (mm),LLAQ33T082960,1986,1/26/2024 21:11,0.757,0.7632,0.65199,0.87852
Anode Overhang (Bottom) (mm),LLAQ33T082960,1986,1/26/2024 21:11,0.665,0.66303,0.5472,0.76334
Cathode Width (mm),LLAQ33T082960,1986,1/26/2024 21:11,57.893,57.88801,57.7008,58.01763
Core Area (mm²),KLAQ31T085182,1987,1/26/2024 21:21,13.093,13.09271,13.02418,13.15471
Anode Overhang (All) (mm),KLAQ31T085182,1987,1/26/2024 21:21,0.707,0.73475,0.44268,0.93611
Anode Overhang (Top) (mm),KLAQ31T085182,1987,1/26/2024 21:21,0.837,0.82282,0.72058,0.93611
Anode Overhang (Bottom) (mm),KLAQ31T085182,1987,1/26/2024 21:21,0.576,0.59058,0.44268,0.83532
Cathode Width (mm),KLAQ31T085182,1987,1/26/2024 21:21,57.895,57.90242,57.7584,58.0035
Core Area (mm²),KLAQ34T025490,1988,1/26/2024 21:30,13.266,13.24844,13.17939,13.4191
Anode Overhang (All) (mm),KLAQ34T025490,1988,1/26/2024 21:30,0.717,0.70795,0.6472,0.792
Anode Overhang (Top) (mm),KLAQ34T025490,1988,1/26/2024 21:30,0.691,0.69135,0.6472,0.7776
Anode Overhang (Bottom) (mm),KLAQ34T025490,1988,1/26/2024 21:30,0.744,0.74894,0.6624,0.792
Cathode Width (mm),KLAQ34T025490,1988,1/26/2024 21:30,57.909,57.91682,57.7584,58.01769
Anode Overhang (All) (mm),LLAQ21T037417,1989,1/26/2024 21:39,0.712,0.72,0.5904,0.82471
Anode Overhang (Top) (mm),LLAQ21T037417,1989,1/26/2024 21:39,0.742,0.7488,0.63437,0.82471
Anode Overhang (Bottom) (mm),LLAQ21T037417,1989,1/26/2024 21:39,0.681,0.67741,0.5904,0.78093
Cathode Width (mm),LLAQ21T037417,1989,1/26/2024 21:39,57.894,57.90241,57.7296,58.00322
Core Area (mm²),LLAQ21T037417,1989,1/26/2024 21:39,13.607,13.61142,13.52153,13.66741
Core Area (mm²),KLAQ34T018592,1990,1/26/2024 21:49,13.526,13.53916,13.45124,13.64501
Anode Overhang (All) (mm),KLAQ34T018592,1990,1/26/2024 21:49,0.713,0.70575,0.5184,0.92261
Anode Overhang (Top) (mm),KLAQ34T018592,1990,1/26/2024 21:49,0.793,0.77773,0.60446,0.92261
Anode Overhang (Bottom) (mm),KLAQ34T018592,1990,1/26/2024 21:49,0.637,0.6624,0.5184,0.73496
Cathode Width (mm),KLAQ34T018592,1990,1/26/2024 21:49,57.898,57.9024,57.7584,58.00331
Core Area (mm²),KLAQ34T025482,1991,1/26/2024 21:58,13.41,13.39286,13.29623,13.52951
Anode Overhang (All) (mm),KLAQ34T025482,1991,1/26/2024 21:58,0.72,0.72129,0.5472,0.87887
Anode Overhang (Top) (mm),KLAQ34T025482,1991,1/26/2024 21:58,0.69,0.69135,0.56178,0.87887
Anode Overhang (Bottom) (mm),KLAQ34T025482,1991,1/26/2024 21:58,0.75,0.75377,0.5472,0.87887
Cathode Width (mm),KLAQ34T025482,1991,1/26/2024 21:58,57.901,57.9168,57.7728,58.00329
Anode Overhang (All) (mm),LLAQ21T037416,1992,1/26/2024 22:07,0.727,0.72359,0.6048,0.83632
Anode Overhang (Top) (mm),LLAQ21T037416,1992,1/26/2024 22:07,0.75,0.74575,0.67695,0.83632
Anode Overhang (Bottom) (mm),LLAQ21T037416,1992,1/26/2024 22:07,0.702,0.70692,0.6048,0.76537
Cathode Width (mm),LLAQ21T037416,1992,1/26/2024 22:07,57.891,57.88822,57.7296,58.0035
Core Area (mm²),LLAQ21T037416,1992,1/26/2024 22:07,13.405,13.39815,13.34476,13.48514
Core Area (mm²),KLAQ31T084940,1993,1/26/2024 22:17,13.134,13.12962,13.05518,13.21277
Anode Overhang (All) (mm),KLAQ31T084940,1993,1/26/2024 22:17,0.711,0.69217,0.50166,0.89292
Anode Overhang (Top) (mm),KLAQ31T084940,1993,1/26/2024 22:17,0.814,0.81916,0.66256,0.89292
Anode Overhang (Bottom) (mm),KLAQ31T084940,1993,1/26/2024 22:17,0.609,0.60754,0.50166,0.70692
Cathode Width (mm),KLAQ31T084940,1993,1/26/2024 22:17,57.891,57.88802,57.74401,57.9892
Core Area (mm²),KLAQ33T007951,1994,1/26/2024 22:26,13.127,13.13118,13.07343,13.16695
Anode Overhang (All) (mm),KLAQ33T007951,1994,1/26/2024 22:26,0.712,0.7223,0.53203,0.87852
Anode Overhang (Top) (mm),KLAQ33T007951,1994,1/26/2024 22:26,0.802,0.7967,0.72,0.87852
Anode Overhang (Bottom) (mm),KLAQ33T007951,1994,1/26/2024 22:26,0.621,0.62337,0.53203,0.72014
Cathode Width (mm),KLAQ33T007951,1994,1/26/2024 22:26,57.894,57.88803,57.75841,58.00338
Core Area (mm²),KLAQ31T084936,1995,1/26/2024 22:36,13.168,13.16529,13.07436,13.26731
Anode Overhang (All) (mm),KLAQ31T084936,1995,1/26/2024 22:36,0.726,0.72058,0.6192,0.82131
Anode Overhang (Top) (mm),KLAQ31T084936,1995,1/26/2024 22:36,0.752,0.7632,0.67496,0.82131
Anode Overhang (Bottom) (mm),KLAQ31T084936,1995,1/26/2024 22:36,0.699,0.69307,0.6192,0.79213
Cathode Width (mm),KLAQ31T084936,1995,1/26/2024 22:36,57.879,57.87366,57.72964,57.98938
Core Area (mm²),LLAQ33T082876,1996,1/26/2024 22:45,13.309,13.30702,13.24346,13.40302
Anode Overhang (All) (mm),LLAQ33T082876,1996,1/26/2024 22:45,0.713,0.70926,0.5616,0.86448
Anode Overhang (Top) (mm),LLAQ33T082876,1996,1/26/2024 22:45,0.712,0.70575,0.60497,0.86448
Anode Overhang (Bottom) (mm),LLAQ33T082876,1996,1/26/2024 22:45,0.715,0.72007,0.5616,0.82194
Cathode Width (mm),LLAQ33T082876,1996,1/26/2024 22:45,57.915,57.9168,57.7152,58.03203
Core Area (mm²),KLAQ31T085021,1997,1/26/2024 22:54,13.082,13.08597,12.99815,13.17182
Anode Overhang (All) (mm),KLAQ31T085021,1997,1/26/2024 22:54,0.708,0.74575,0.4752,0.92205
Anode Overhang (Top) (mm),KLAQ31T085021,1997,1/26/2024 22:54,0.836,0.82194,0.74575,0.92205
Anode Overhang (Bottom) (mm),KLAQ31T085021,1997,1/26/2024 22:54,0.58,0.59198,0.4752,0.68229
Cathode Width (mm),KLAQ31T085021,1997,1/26/2024 22:54,57.895,57.90251,57.7584,58.00338
Anode Overhang (All) (mm),KLAQ31T085161,1998,1/26/2024 23:04,0.707,0.72,0.46149,0.93611
Anode Overhang (Top) (mm),KLAQ31T085161,1998,1/26/2024 23:04,0.822,0.81102,0.63376,0.93611
Anode Overhang (Bottom) (mm),KLAQ31T085161,1998,1/26/2024 23:04,0.592,0.60497,0.46149,0.7788
Cathode Width (mm),KLAQ31T085161,1998,1/26/2024 23:04,57.897,57.90243,57.77282,58.00324
Core Area (mm²),KLAQ31T085161,1998,1/26/2024 23:04,13.067,13.06378,13.02252,13.14424
Core Area (mm²),LLAQ31T072752,1999,1/26/2024 23:13,13.349,13.36031,13.27861,13.39473
Anode Overhang (All) (mm),LLAQ31T072752,1999,1/26/2024 23:13,0.734,0.73454,0.5904,0.86412
Anode Overhang (Top) (mm),LLAQ31T072752,1999,1/26/2024 23:13,0.752,0.76374,0.648,0.86412
Anode Overhang (Bottom) (mm),LLAQ31T072752,1999,1/26/2024 23:13,0.716,0.70692,0.5904,0.82131
Cathode Width (mm),LLAQ31T072752,1999,1/26/2024 23:13,57.883,57.88806,57.7152,57.98884
Core Area (mm²),KLAQ31T085179,2000,1/26/2024 23:23,13.141,13.14341,13.09385,13.17503
Anode Overhang (All) (mm),KLAQ31T085179,2000,1/26/2024 23:23,0.706,0.6703,0.46282,0.92171
Anode Overhang (Top) (mm),KLAQ31T085179,2000,1/26/2024 23:23,0.831,0.82131,0.46282,0.92171
Anode Overhang (Bottom) (mm),KLAQ31T085179,2000,1/26/2024 23:23,0.581,0.5911,0.4752,0.67695
Cathode Width (mm),KLAQ31T085179,2000,1/26/2024 23:23,57.895,57.90244,57.75844,58.00334
Core Area (mm²),LLAQ21T066422,2001,1/26/2024 23:32,13.014,13.0193,12.95575,13.0782
Anode Overhang (All) (mm),LLAQ21T066422,2001,1/26/2024 23:32,0.717,0.72014,0.4896,0.93644
Anode Overhang (Top) (mm),LLAQ21T066422,2001,1/26/2024 23:32,0.815,0.792,0.6336,0.93644
Anode Overhang (Bottom) (mm),LLAQ21T066422,2001,1/26/2024 23:32,0.619,0.63507,0.4896,0.8064
Cathode Width (mm),LLAQ21T066422,2001,1/26/2024 23:32,57.893,57.90241,57.74402,58.00334
Core Area (mm²),KLAQ34T025496,2002,1/26/2024 23:42,13.328,13.32236,13.25051,13.44076
Anode Overhang (All) (mm),KLAQ34T025496,2002,1/26/2024 23:42,0.717,0.72,0.5472,0.87946
Anode Overhang (Top) (mm),KLAQ34T025496,2002,1/26/2024 23:42,0.684,0.6918,0.5472,0.87852
Anode Overhang (Bottom) (mm),KLAQ34T025496,2002,1/26/2024 23:42,0.75,0.75005,0.54739,0.87946
Cathode Width (mm),KLAQ34T025496,2002,1/26/2024 23:42,57.907,57.9312,57.72962,58.00334
Core Area (mm²),LLAQ21T036904,2003,1/26/2024 23:51,13.381,13.37223,13.32029,13.467
Anode Overhang (All) (mm),LLAQ21T036904,2003,1/26/2024 23:51,0.726,0.72058,0.576,0.86508
Anode Overhang (Top) (mm),LLAQ21T036904,2003,1/26/2024 23:51,0.772,0.7776,0.6768,0.86508
Anode Overhang (Bottom) (mm),LLAQ21T036904,2003,1/26/2024 23:51,0.679,0.67695,0.576,0.79252
Cathode Width (mm),LLAQ21T036904,2003,1/26/2024 23:51,57.887,57.88828,57.74401,57.98891
Core Area (mm²),LLAQ21T037353,2004,1/27/2024 0:01,13.327,13.32796,13.28566,13.36446
Anode Overhang (All) (mm),LLAQ21T037353,2004,1/27/2024 0:01,0.726,0.7344,0.6192,0.82897
Anode Overhang (Top) (mm),LLAQ21T037353,2004,1/27/2024 0:01,0.729,0.73666,0.6192,0.82897
Anode Overhang (Bottom) (mm),LLAQ21T037353,2004,1/27/2024 0:01,0.723,0.72014,0.6192,0.82395
Cathode Width (mm),LLAQ21T037353,2004,1/27/2024 0:01,57.911,57.9312,57.75841,58.01782
Core Area (mm²),KLAQ34T018624,2005,1/27/2024 0:10,13.454,13.44564,13.3994,13.60821
Anode Overhang (All) (mm),KLAQ34T018624,2005,1/27/2024 0:10,0.712,0.70619,0.5328,0.89384
Anode Overhang (Top) (mm),KLAQ34T018624,2005,1/27/2024 0:10,0.786,0.76442,0.67695,0.89384
Anode Overhang (Bottom) (mm),KLAQ34T018624,2005,1/27/2024 0:10,0.639,0.6624,0.5328,0.7344
Cathode Width (mm),KLAQ34T018624,2005,1/27/2024 0:10,57.905,57.9168,57.7728,58.00346
Core Area (mm²),LLAQ21T066435,2006,1/27/2024 0:19,13.108,13.10474,13.06368,13.15875
Anode Overhang (All) (mm),LLAQ21T066435,2006,1/27/2024 0:19,0.708,0.72014,0.4464,0.96491
Anode Overhang (Top) (mm),LLAQ21T066435,2006,1/27/2024 0:19,0.815,0.79252,0.59477,0.96491
Anode Overhang (Bottom) (mm),LLAQ21T066435,2006,1/27/2024 0:19,0.601,0.60634,0.4464,0.78411
Cathode Width (mm),LLAQ21T066435,2006,1/27/2024 0:19,57.89,57.88815,57.72963,58.00329
Anode Overhang (All) (mm),KLAQ23T032089,2007,1/27/2024 0:29,0.717,0.7344,0.5472,0.87852
Anode Overhang (Top) (mm),KLAQ23T032089,2007,1/27/2024 0:29,0.783,0.7776,0.6336,0.87852
Anode Overhang (Bottom) (mm),KLAQ23T032089,2007,1/27/2024 0:29,0.647,0.6624,0.5472,0.82093
Cathode Width (mm),KLAQ23T032089,2007,1/27/2024 0:29,57.933,57.93122,57.7872,58.03214
Core Area (mm²),KLAQ23T032089,2007,1/27/2024 0:29,13.372,13.36964,13.33107,13.42418
Core Area (mm²),KLAQ31T085022,2008,1/27/2024 0:38,12.969,12.96985,12.8782,13.04222
Anode Overhang (All) (mm),KLAQ31T085022,2008,1/27/2024 0:38,0.708,0.70619,0.5472,0.864
Anode Overhang (Top) (mm),KLAQ31T085022,2008,1/27/2024 0:38,0.774,0.76659,0.67741,0.864
Anode Overhang (Bottom) (mm),KLAQ31T085022,2008,1/27/2024 0:38,0.641,0.65055,0.5472,0.73496
Cathode Width (mm),KLAQ31T085022,2008,1/27/2024 0:38,57.904,57.90241,57.75841,58.01766
Core Area (mm²),KLAQ31T084942,2009,1/27/2024 0:48,13.17,13.16715,13.06855,13.26129
Anode Overhang (All) (mm),KLAQ31T084942,2009,1/27/2024 0:48,0.71,0.6918,0.5328,0.87852
Anode Overhang (Top) (mm),KLAQ31T084942,2009,1/27/2024 0:48,0.807,0.80653,0.6768,0.87852
Anode Overhang (Bottom) (mm),KLAQ31T084942,2009,1/27/2024 0:48,0.613,0.61987,0.5328,0.73496
Cathode Width (mm),KLAQ31T084942,2009,1/27/2024 0:48,57.898,57.90242,57.75851,58.00323
Core Area (mm²),KLAQ31T084967,2010,1/27/2024 0:57,12.939,12.9346,12.89344,13.0079
Anode Overhang (All) (mm),KLAQ31T084967,2010,1/27/2024 0:57,0.708,0.70575,0.4896,0.93611
Anode Overhang (Top) (mm),KLAQ31T084967,2010,1/27/2024 0:57,0.833,0.82131,0.6768,0.93611
Anode Overhang (Bottom) (mm),KLAQ31T084967,2010,1/27/2024 0:57,0.582,0.58048,0.4896,0.91449
Cathode Width (mm),KLAQ31T084967,2010,1/27/2024 0:57,57.901,57.90242,57.75841,57.98898
Core Area (mm²),KLAQ33T009659,2011,1/27/2024 1:07,13.472,13.46368,13.4193,13.55647
Anode Overhang (All) (mm),KLAQ33T009659,2011,1/27/2024 1:07,0.719,0.72014,0.6192,0.80691
Anode Overhang (Top) (mm),KLAQ33T009659,2011,1/27/2024 1:07,0.725,0.72702,0.6336,0.80691
Anode Overhang (Bottom) (mm),KLAQ33T009659,2011,1/27/2024 1:07,0.712,0.70692,0.6192,0.79409
Cathode Width (mm),KLAQ33T009659,2011,1/27/2024 1:07,57.915,57.91689,57.74401,58.01812
Core Area (mm²),KLAQ31T085163,2012,1/27/2024 1:16,13.256,13.26762,13.19556,13.34071
Anode Overhang (All) (mm),KLAQ31T085163,2012,1/27/2024 1:16,0.705,0.69509,0.5749,0.82093
Anode Overhang (Top) (mm),KLAQ31T085163,2012,1/27/2024 1:16,0.759,0.76334,0.6336,0.82093
Anode Overhang (Bottom) (mm),KLAQ31T085163,2012,1/27/2024 1:16,0.651,0.66256,0.5749,0.72014
Cathode Width (mm),KLAQ31T085163,2012,1/27/2024 1:16,57.891,57.9024,57.744,57.98881
Core Area (mm²),KLAQ31T084990,2013,1/27/2024 1:25,13.191,13.19649,13.13356,13.23921
Anode Overhang (All) (mm),KLAQ31T084990,2013,1/27/2024 1:25,0.71,0.72058,0.5186,0.87852
Anode Overhang (Top) (mm),KLAQ31T084990,2013,1/27/2024 1:25,0.806,0.80033,0.72,0.87852
Anode Overhang (Bottom) (mm),KLAQ31T084990,2013,1/27/2024 1:25,0.615,0.62187,0.5186,0.73496
Cathode Width (mm),KLAQ31T084990,2013,1/27/2024 1:25,57.899,57.90249,57.744,58.00342
Core Area (mm²),KLAQ34T018463,2014,1/27/2024 1:35,13.312,13.31355,13.25113,13.37037
Anode Overhang (All) (mm),KLAQ34T018463,2014,1/27/2024 1:35,0.727,0.7223,0.5328,0.92261
Anode Overhang (Top) (mm),KLAQ34T018463,2014,1/27/2024 1:35,0.703,0.70619,0.54739,0.92261
Anode Overhang (Bottom) (mm),KLAQ34T018463,2014,1/27/2024 1:35,0.752,0.74894,0.5328,0.90766
Cathode Width (mm),KLAQ34T018463,2014,1/27/2024 1:35,57.876,57.88802,57.71521,57.97458
Core Area (mm²),KLAQ34T018431,2015,1/27/2024 1:44,13.451,13.45352,13.39452,13.48213
Anode Overhang (All) (mm),KLAQ34T018431,2015,1/27/2024 1:44,0.732,0.73454,0.576,0.87887
Anode Overhang (Top) (mm),KLAQ34T018431,2015,1/27/2024 1:44,0.761,0.76374,0.64399,0.87887
Anode Overhang (Bottom) (mm),KLAQ34T018431,2015,1/27/2024 1:44,0.701,0.6936,0.576,0.82194
Cathode Width (mm),KLAQ34T018431,2015,1/27/2024 1:44,57.888,57.88806,57.744,58.01774
Anode Overhang (All) (mm),KLAQ34T018461,2016,1/27/2024 1:54,0.727,0.72517,0.5472,0.90823
Anode Overhang (Top) (mm),KLAQ34T018461,2016,1/27/2024 1:54,0.694,0.70575,0.54739,0.90823
Anode Overhang (Bottom) (mm),KLAQ34T018461,2016,1/27/2024 1:54,0.759,0.7497,0.5472,0.90823
Cathode Width (mm),KLAQ34T018461,2016,1/27/2024 1:54,57.893,57.88818,57.744,57.98886
Core Area (mm²),KLAQ34T018461,2016,1/27/2024 1:54,13.409,13.40779,13.3262,13.48441
Core Area (mm²),KLAQ33T007868,2017,1/27/2024 2:03,13.29,13.28431,13.23175,13.38395
Anode Overhang (All) (mm),KLAQ33T007868,2017,1/27/2024 2:03,0.723,0.72129,0.6192,0.82194
Anode Overhang (Top) (mm),KLAQ33T007868,2017,1/27/2024 2:03,0.717,0.72014,0.6192,0.82131
Anode Overhang (Bottom) (mm),KLAQ33T007868,2017,1/27/2024 2:03,0.73,0.7223,0.6192,0.82194
Cathode Width (mm),KLAQ33T007868,2017,1/27/2024 2:03,57.884,57.88801,57.6864,58.00338
Core Area (mm²),KLAQ34T025630,2018,1/27/2024 2:13,13.523,13.52049,13.48918,13.56425
Anode Overhang (All) (mm),KLAQ34T025630,2018,1/27/2024 2:13,0.722,0.70487,0.4896,0.97931
Anode Overhang (Top) (mm),KLAQ34T025630,2018,1/27/2024 2:13,0.855,0.8496,0.73157,0.97931
Anode Overhang (Bottom) (mm),KLAQ34T025630,2018,1/27/2024 2:13,0.589,0.59669,0.4896,0.67818
Cathode Width (mm),KLAQ34T025630,2018,1/27/2024 2:13,57.899,57.8883,57.70081,58.00342
Core Area (mm²),KLAQ33T008388,2025,1/27/2024 2:22,13.378,13.3825,13.30577,13.45207
Anode Overhang (All) (mm),KLAQ33T008388,2025,1/27/2024 2:22,0.715,0.72058,0.5616,0.86448
Anode Overhang (Top) (mm),KLAQ33T008388,2025,1/27/2024 2:22,0.783,0.77773,0.68229,0.86448
Anode Overhang (Bottom) (mm),KLAQ33T008388,2025,1/27/2024 2:22,0.646,0.66256,0.5616,0.74894
Cathode Width (mm),KLAQ33T008388,2025,1/27/2024 2:22,57.914,57.9312,57.7296,58.01782
Core Area (mm²),LLAQ21T033325,2026,1/27/2024 2:32,13.133,13.13988,13.05383,13.2306
Anode Overhang (All) (mm),LLAQ21T033325,2026,1/27/2024 2:32,0.721,0.72014,0.4176,0.99402
Anode Overhang (Top) (mm),LLAQ21T033325,2026,1/27/2024 2:32,0.848,0.80653,0.66708,0.99402
Anode Overhang (Bottom) (mm),LLAQ21T033325,2026,1/27/2024 2:32,0.6,0.648,0.4176,0.76334
Cathode Width (mm),LLAQ21T033325,2026,1/27/2024 2:32,57.885,57.88811,57.6864,57.98906
Core Area (mm²),KLAQ31T085111,2027,1/27/2024 2:41,13.384,13.38187,13.30691,13.47176
Anode Overhang (All) (mm),KLAQ31T085111,2027,1/27/2024 2:41,0.707,0.6918,0.5184,0.87852
Anode Overhang (Top) (mm),KLAQ31T085111,2027,1/27/2024 2:41,0.799,0.79318,0.52831,0.87852
Anode Overhang (Bottom) (mm),KLAQ31T085111,2027,1/27/2024 2:41,0.615,0.62071,0.5184,0.6918
Cathode Width (mm),KLAQ31T085111,2027,1/27/2024 2:41,57.892,57.88804,57.7584,58.0036
Core Area (mm²),KLAQ31T084968,2028,1/27/2024 2:50,13.151,13.15751,13.08099,13.20728
Anode Overhang (All) (mm),KLAQ31T084968,2028,1/27/2024 2:50,0.711,0.70795,0.5489,0.85009
Anode Overhang (Top) (mm),KLAQ31T084968,2028,1/27/2024 2:50,0.774,0.76334,0.629,0.85009
Anode Overhang (Bottom) (mm),KLAQ31T084968,2028,1/27/2024 2:50,0.646,0.66256,0.5489,0.73567
Cathode Width (mm),KLAQ31T084968,2028,1/27/2024 2:50,57.901,57.90244,57.7728,58.00346
Core Area (mm²),KLAQ33T007757,2029,1/27/2024 3:00,13.174,13.1572,13.09727,13.332
Anode Overhang (All) (mm),KLAQ33T007757,2029,1/27/2024 3:00,0.726,0.72058,0.5184,0.92261
Anode Overhang (Top) (mm),KLAQ33T007757,2029,1/27/2024 3:00,0.759,0.7632,0.62037,0.92261
Anode Overhang (Bottom) (mm),KLAQ33T007757,2029,1/27/2024 3:00,0.692,0.67925,0.5184,0.8357
Cathode Width (mm),KLAQ33T007757,2029,1/27/2024 3:00,57.872,57.87364,57.7152,57.9888
Core Area (mm²),LLAQ21T066470,2030,1/27/2024 3:09,13.075,13.07581,12.9656,13.16072
Anode Overhang (All) (mm),LLAQ21T066470,2030,1/27/2024 3:09,0.71,0.72,0.4464,0.98015
Anode Overhang (Top) (mm),LLAQ21T066470,2030,1/27/2024 3:09,0.804,0.7632,0.48165,0.98015
Anode Overhang (Bottom) (mm),LLAQ21T066470,2030,1/27/2024 3:09,0.614,0.63946,0.4464,0.864
Cathode Width (mm),LLAQ21T066470,2030,1/27/2024 3:09,57.891,57.8882,57.74403,58.00323
Core Area (mm²),KLAQ34T018510,2031,1/27/2024 3:19,13.492,13.49903,13.40468,13.56093
Anode Overhang (All) (mm),KLAQ34T018510,2031,1/27/2024 3:19,0.726,0.72809,0.5472,0.90766
Anode Overhang (Top) (mm),KLAQ34T018510,2031,1/27/2024 3:19,0.701,0.69658,0.5616,0.90766
Anode Overhang (Bottom) (mm),KLAQ34T018510,2031,1/27/2024 3:19,0.751,0.75005,0.5472,0.90731
Cathode Width (mm),KLAQ34T018510,2031,1/27/2024 3:19,57.887,57.9024,57.744,57.97475
Anode Overhang (All) (mm),KLAQ34T028443,2032,1/27/2024 3:28,0.714,0.7344,0.4608,0.95084
Anode Overhang (Top) (mm),KLAQ34T028443,2032,1/27/2024 3:28,0.825,0.81102,0.66256,0.95084
Anode Overhang (Bottom) (mm),KLAQ34T028443,2032,1/27/2024 3:28,0.603,0.6192,0.4608,0.7776
Cathode Width (mm),KLAQ34T028443,2032,1/27/2024 3:28,57.905,57.9168,57.75846,58.01769
Core Area (mm²),KLAQ34T028443,2032,1/27/2024 3:28,13.182,13.17866,13.10691,13.2868
Core Area (mm²),KLAQ33T007736,2033,1/27/2024 3:38,13.258,13.26057,13.19069,13.35689
Anode Overhang (All) (mm),KLAQ33T007736,2033,1/27/2024 3:38,0.727,0.72058,0.5616,0.87887
Anode Overhang (Top) (mm),KLAQ33T007736,2033,1/27/2024 3:38,0.781,0.76807,0.67695,0.87887
Anode Overhang (Bottom) (mm),KLAQ33T007736,2033,1/27/2024 3:38,0.67,0.67741,0.5616,0.76334
Cathode Width (mm),KLAQ33T007736,2033,1/27/2024 3:38,57.877,57.888,57.6864,58.00346
Core Area (mm²),LLAQ33T083051,2034,1/27/2024 3:47,13.197,13.19421,13.16435,13.25611
Anode Overhang (All) (mm),LLAQ33T083051,2034,1/27/2024 3:47,0.71,0.70619,0.5472,0.86508
Anode Overhang (Top) (mm),LLAQ33T083051,2034,1/27/2024 3:47,0.737,0.73454,0.6336,0.86508
Anode Overhang (Bottom) (mm),LLAQ33T083051,2034,1/27/2024 3:47,0.682,0.67818,0.5472,0.7788
Cathode Width (mm),LLAQ33T083051,2034,1/27/2024 3:47,57.908,57.90243,57.7296,58.03214
Core Area (mm²),KLAQ31T085069,2035,1/27/2024 3:57,13.285,13.29769,13.20023,13.34911
Anode Overhang (All) (mm),KLAQ31T085069,2035,1/27/2024 3:57,0.706,0.6918,0.5328,0.86412
Anode Overhang (Top) (mm),KLAQ31T085069,2035,1/27/2024 3:57,0.79,0.792,0.6624,0.86412
Anode Overhang (Bottom) (mm),KLAQ31T085069,2035,1/27/2024 3:57,0.623,0.6336,0.5328,0.73496
Cathode Width (mm),KLAQ31T085069,2035,1/27/2024 3:57,57.903,57.90242,57.77281,58.0179
Core Area (mm²),KLAQ33T007931,2036,1/27/2024 4:06,13.386,13.36726,13.28556,13.53325
Anode Overhang (All) (mm),KLAQ33T007931,2036,1/27/2024 4:06,0.727,0.72129,0.60634,0.82131
Anode Overhang (Top) (mm),KLAQ33T007931,2036,1/27/2024 4:06,0.722,0.72014,0.6192,0.82131
Anode Overhang (Bottom) (mm),KLAQ33T007931,2036,1/27/2024 4:06,0.731,0.7344,0.60634,0.82131
Cathode Width (mm),KLAQ33T007931,2036,1/27/2024 4:06,57.884,57.88802,57.7152,58.00331
Core Area (mm²),KLAQ33T007928,2037,1/27/2024 4:15,13.236,13.22086,13.15844,13.3853
Anode Overhang (All) (mm),KLAQ33T007928,2037,1/27/2024 4:15,0.726,0.7223,0.5616,0.87946
Anode Overhang (Top) (mm),KLAQ33T007928,2037,1/27/2024 4:15,0.79,0.792,0.69135,0.87946
Anode Overhang (Bottom) (mm),KLAQ33T007928,2037,1/27/2024 4:15,0.66,0.66303,0.5616,0.74935
Cathode Width (mm),KLAQ33T007928,2037,1/27/2024 4:15,57.88,57.88801,57.7152,57.98902
Core Area (mm²),KLAQ33T007752,2038,1/27/2024 4:25,13.24,13.23475,13.16238,13.38654
Anode Overhang (All) (mm),KLAQ33T007752,2038,1/27/2024 4:25,0.726,0.72036,0.5904,0.85009
Anode Overhang (Top) (mm),KLAQ33T007752,2038,1/27/2024 4:25,0.748,0.74935,0.6336,0.85009
Anode Overhang (Bottom) (mm),KLAQ33T007752,2038,1/27/2024 4:25,0.702,0.6936,0.5904,0.80756
Cathode Width (mm),KLAQ33T007752,2038,1/27/2024 4:25,57.876,57.87369,57.72961,57.98884
Anode Overhang (All) (mm),KLAQ33T007773,2040,1/27/2024 4:44,0.728,0.7344,0.6192,0.82131
Anode Overhang (Top) (mm),KLAQ33T007773,2040,1/27/2024 4:44,0.728,0.7344,0.6336,0.82131
Anode Overhang (Bottom) (mm),KLAQ33T007773,2040,1/27/2024 4:44,0.727,0.72359,0.6192,0.82131
Cathode Width (mm),KLAQ33T007773,2040,1/27/2024 4:44,57.881,57.88801,57.70082,57.98889
Core Area (mm²),KLAQ33T007773,2040,1/27/2024 4:44,13.266,13.25227,13.17565,13.40054
Core Area (mm²),KLAQ33T008372,2041,1/27/2024 4:53,13.226,13.22293,13.15513,13.29779
Anode Overhang (All) (mm),KLAQ33T008372,2041,1/27/2024 4:53,0.721,0.72014,0.6192,0.80756
Anode Overhang (Top) (mm),KLAQ33T008372,2041,1/27/2024 4:53,0.719,0.72,0.6192,0.80691
Anode Overhang (Bottom) (mm),KLAQ33T008372,2041,1/27/2024 4:53,0.723,0.72058,0.6192,0.80756
Cathode Width (mm),KLAQ33T008372,2041,1/27/2024 4:53,57.886,57.88803,57.7008,58.0036
Core Area (mm²),KLAQ33T007881,2042,1/27/2024 5:03,13.431,13.4137,13.36186,13.54755
Anode Overhang (All) (mm),KLAQ33T007881,2042,1/27/2024 5:03,0.724,0.72014,0.504,0.93644
Anode Overhang (Top) (mm),KLAQ33T007881,2042,1/27/2024 5:03,0.795,0.78833,0.6912,0.93644
Anode Overhang (Bottom) (mm),KLAQ33T007881,2042,1/27/2024 5:03,0.652,0.66381,0.504,0.74894
Cathode Width (mm),KLAQ33T007881,2042,1/27/2024 5:03,57.882,57.88811,57.68641,57.97441
Core Area (mm²),LLAQ21T066500,2043,1/27/2024 5:12,13.414,13.42065,13.3404,13.46617
Anode Overhang (All) (mm),LLAQ21T066500,2043,1/27/2024 5:12,0.712,0.71087,0.504,0.90766
Anode Overhang (Top) (mm),LLAQ21T066500,2043,1/27/2024 5:12,0.744,0.73454,0.6624,0.90766
Anode Overhang (Bottom) (mm),LLAQ21T066500,2043,1/27/2024 5:12,0.679,0.6912,0.504,0.76334
Cathode Width (mm),LLAQ21T066500,2043,1/27/2024 5:12,57.904,57.90242,57.744,58.0176
Core Area (mm²),KLAQ34T028363,2044,1/27/2024 5:22,13.158,13.14445,13.07457,13.2755
Anode Overhang (All) (mm),KLAQ34T028363,2044,1/27/2024 5:22,0.718,0.72509,0.504,0.92205
Anode Overhang (Top) (mm),KLAQ34T028363,2044,1/27/2024 5:22,0.824,0.80961,0.71247,0.92205
Anode Overhang (Bottom) (mm),KLAQ34T028363,2044,1/27/2024 5:22,0.612,0.61987,0.504,0.76334
Cathode Width (mm),KLAQ34T028363,2044,1/27/2024 5:22,57.917,57.91695,57.7728,58.01771
Core Area (mm²),KLAQ33T009650,2045,1/27/2024 5:31,13.203,13.1996,13.1121,13.3262
Anode Overhang (All) (mm),KLAQ33T009650,2045,1/27/2024 5:31,0.721,0.72129,0.5904,0.8507
Anode Overhang (Top) (mm),KLAQ33T009650,2045,1/27/2024 5:31,0.709,0.72014,0.5904,0.85009
Anode Overhang (Bottom) (mm),KLAQ33T009650,2045,1/27/2024 5:31,0.733,0.7344,0.5904,0.8507
Cathode Width (mm),KLAQ33T009650,2045,1/27/2024 5:31,57.921,57.93146,57.71522,58.03218
Core Area (mm²),KLAQ33T007751,2046,1/27/2024 5:41,13.274,13.27135,13.20862,13.34341
Anode Overhang (All) (mm),KLAQ33T007751,2046,1/27/2024 5:41,0.726,0.7223,0.5472,0.89326
Anode Overhang (Top) (mm),KLAQ33T007751,2046,1/27/2024 5:41,0.727,0.73454,0.57618,0.89326
Anode Overhang (Bottom) (mm),KLAQ33T007751,2046,1/27/2024 5:41,0.724,0.72058,0.5472,0.84972
Cathode Width (mm),KLAQ33T007751,2046,1/27/2024 5:41,57.878,57.8739,57.71522,57.98926
Core Area (mm²),KLAQ33T007950,2047,1/27/2024 5:50,13.271,13.27457,13.22158,13.31531
Anode Overhang (All) (mm),KLAQ33T007950,2047,1/27/2024 5:50,0.728,0.7344,0.576,0.87887
Anode Overhang (Top) (mm),KLAQ33T007950,2047,1/27/2024 5:50,0.732,0.73567,0.60497,0.87887
Anode Overhang (Bottom) (mm),KLAQ33T007950,2047,1/27/2024 5:50,0.724,0.72014,0.576,0.8383
Cathode Width (mm),KLAQ33T007950,2047,1/27/2024 5:50,57.89,57.88833,57.7152,57.9892
Core Area (mm²),LLAQ21T036932,2048,1/27/2024 5:59,13.587,13.577,13.54175,13.67954
Anode Overhang (All) (mm),LLAQ21T036932,2048,1/27/2024 5:59,0.725,0.72014,0.58758,0.85009
Anode Overhang (Top) (mm),LLAQ21T036932,2048,1/27/2024 5:59,0.766,0.77667,0.648,0.85009
Anode Overhang (Bottom) (mm),LLAQ21T036932,2048,1/27/2024 5:59,0.681,0.67741,0.58758,0.7788
Cathode Width (mm),LLAQ21T036932,2048,1/27/2024 5:59,57.898,57.9168,57.744,58.00342
Anode Overhang (All) (mm),KLAQ33T007753,2049,1/27/2024 6:09,0.728,0.72014,0.504,0.93644
Anode Overhang (Top) (mm),KLAQ33T007753,2049,1/27/2024 6:09,0.781,0.78093,0.6624,0.93644
Anode Overhang (Bottom) (mm),KLAQ33T007753,2049,1/27/2024 6:09,0.671,0.67003,0.504,0.78411
Cathode Width (mm),KLAQ33T007753,2049,1/27/2024 6:09,57.879,57.87378,57.6864,58.0032
Core Area (mm²),KLAQ33T007753,2049,1/27/2024 6:09,13.294,13.2672,13.21899,13.49872
Core Area (mm²),LLAQ33T082954,2050,1/27/2024 6:18,13.489,13.48545,13.43154,13.61816
Anode Overhang (All) (mm),LLAQ33T082954,2050,1/27/2024 6:18,0.708,0.70575,0.5472,0.86448
Anode Overhang (Top) (mm),LLAQ33T082954,2050,1/27/2024 6:18,0.711,0.70619,0.60497,0.86448
Anode Overhang (Bottom) (mm),LLAQ33T082954,2050,1/27/2024 6:18,0.704,0.69255,0.5472,0.80653
Cathode Width (mm),LLAQ33T082954,2050,1/27/2024 6:18,57.914,57.91681,57.75846,58.03203
Core Area (mm²),KLAQ33T007784,2051,1/27/2024 6:28,13.314,13.30432,13.2137,13.47467
Anode Overhang (All) (mm),KLAQ33T007784,2051,1/27/2024 6:28,0.724,0.72058,0.61853,0.82093
Anode Overhang (Top) (mm),KLAQ33T007784,2051,1/27/2024 6:28,0.769,0.7776,0.63621,0.82093
Anode Overhang (Bottom) (mm),KLAQ33T007784,2051,1/27/2024 6:28,0.677,0.67695,0.61853,0.75101
Cathode Width (mm),KLAQ33T007784,2051,1/27/2024 6:28,57.883,57.88826,57.72961,58.0176
Core Area (mm²),LLAQ33T083022,2052,1/27/2024 6:37,13.307,13.3036,13.24595,13.4079
Anode Overhang (All) (mm),LLAQ33T083022,2052,1/27/2024 6:37,0.707,0.70575,0.504,0.90823
Anode Overhang (Top) (mm),LLAQ33T083022,2052,1/27/2024 6:37,0.76,0.7488,0.65579,0.90823
Anode Overhang (Bottom) (mm),LLAQ33T083022,2052,1/27/2024 6:37,0.653,0.66303,0.504,0.74894
Cathode Width (mm),LLAQ33T083022,2052,1/27/2024 6:37,57.901,57.90243,57.72963,58.01763
Core Area (mm²),KLAQ33T007741,2053,1/27/2024 6:47,13.324,13.31179,13.25518,13.44968
Anode Overhang (All) (mm),KLAQ33T007741,2053,1/27/2024 6:47,0.726,0.7223,0.576,0.86448
Anode Overhang (Top) (mm),KLAQ33T007741,2053,1/27/2024 6:47,0.725,0.72129,0.6192,0.86448
Anode Overhang (Bottom) (mm),KLAQ33T007741,2053,1/27/2024 6:47,0.726,0.7344,0.576,0.85009
Cathode Width (mm),KLAQ33T007741,2053,1/27/2024 6:47,57.868,57.87363,57.6864,57.9748
Core Area (mm²),KLAQ33T007917,2054,1/27/2024 6:56,13.471,13.44906,13.39162,13.60447
Anode Overhang (All) (mm),KLAQ33T007917,2054,1/27/2024 6:56,0.729,0.72058,0.5616,0.87887
Anode Overhang (Top) (mm),KLAQ33T007917,2054,1/27/2024 6:56,0.786,0.79213,0.6912,0.87887
Anode Overhang (Bottom) (mm),KLAQ33T007917,2054,1/27/2024 6:56,0.669,0.6649,0.5616,0.76442
Cathode Width (mm),KLAQ33T007917,2054,1/27/2024 6:56,57.88,57.88804,57.7296,57.98886
Core Area (mm²),KLAQ31T085145,2057,1/27/2024 7:15,13.245,13.24647,13.17908,13.30349
Anode Overhang (All) (mm),KLAQ31T085145,2057,1/27/2024 7:15,0.709,0.71352,0.48981,0.87852
Anode Overhang (Top) (mm),KLAQ31T085145,2057,1/27/2024 7:15,0.812,0.80961,0.72129,0.87852
Anode Overhang (Bottom) (mm),KLAQ31T085145,2057,1/27/2024 7:15,0.605,0.61937,0.48981,0.70575
Cathode Width (mm),KLAQ31T085145,2057,1/27/2024 7:15,57.895,57.90243,57.77282,58.00334
Core Area (mm²),KLAQ34T018498,2058,1/27/2024 7:24,13.439,13.44647,13.34932,13.51614
Anode Overhang (All) (mm),KLAQ34T018498,2058,1/27/2024 7:24,0.728,0.72359,0.6048,0.85155
Anode Overhang (Top) (mm),KLAQ34T018498,2058,1/27/2024 7:24,0.697,0.70619,0.6048,0.82131
Anode Overhang (Bottom) (mm),KLAQ34T018498,2058,1/27/2024 7:24,0.758,0.75005,0.61937,0.85155
Cathode Width (mm),KLAQ34T018498,2058,1/27/2024 7:24,57.893,57.90249,57.744,57.98915
Core Area (mm²),KLAQ34T018450,2059,1/27/2024 7:34,13.578,13.58882,13.48815,13.64045
Anode Overhang (All) (mm),KLAQ34T018450,2059,1/27/2024 7:34,0.73,0.7344,0.61987,0.82131
Anode Overhang (Top) (mm),KLAQ34T018450,2059,1/27/2024 7:34,0.747,0.74935,0.6624,0.82131
Anode Overhang (Bottom) (mm),KLAQ34T018450,2059,1/27/2024 7:34,0.712,0.70619,0.61987,0.82093
Cathode Width (mm),KLAQ34T018450,2059,1/27/2024 7:34,57.877,57.88802,57.7296,57.97462
Anode Overhang (All) (mm),KLAQ34T018625,2060,1/27/2024 7:43,0.714,0.72,0.5328,0.87887
Anode Overhang (Top) (mm),KLAQ34T018625,2060,1/27/2024 7:43,0.797,0.79213,0.67695,0.87887
Anode Overhang (Bottom) (mm),KLAQ34T018625,2060,1/27/2024 7:43,0.632,0.648,0.5328,0.73496
Cathode Width (mm),KLAQ34T018625,2060,1/27/2024 7:43,57.911,57.9168,57.7584,58.01778
Core Area (mm²),KLAQ34T018625,2060,1/27/2024 7:43,13.643,13.64242,13.59815,13.71427
Core Area (mm²),LLAQ33T082933,2061,1/27/2024 7:53,13.083,13.08338,13.04129,13.12993
Anode Overhang (All) (mm),LLAQ33T082933,2061,1/27/2024 7:53,0.708,0.70575,0.6192,0.79318
Anode Overhang (Top) (mm),LLAQ33T082933,2061,1/27/2024 7:53,0.693,0.69135,0.6192,0.79252
Anode Overhang (Bottom) (mm),LLAQ33T082933,2061,1/27/2024 7:53,0.724,0.72014,0.63262,0.79318
Cathode Width (mm),LLAQ33T082933,2061,1/27/2024 7:53,57.902,57.90964,57.74406,58.032
Core Area (mm²),KLAQ34T029429,2062,1/27/2024 8:02,13.029,13.03185,12.94694,13.09064
Anode Overhang (All) (mm),KLAQ34T029429,2062,1/27/2024 8:02,0.72,0.71411,0.576,0.87946
Anode Overhang (Top) (mm),KLAQ34T029429,2062,1/27/2024 8:02,0.62,0.60771,0.576,0.69255
Anode Overhang (Bottom) (mm),KLAQ34T029429,2062,1/27/2024 8:02,0.82,0.82093,0.73567,0.87946
Cathode Width (mm),KLAQ34T029429,2062,1/27/2024 8:02,57.929,57.93138,57.77281,58.03204
Core Area (mm²),LLAQ33T083019,2063,1/27/2024 8:11,13.255,13.2557,13.20178,13.35533
Anode Overhang (All) (mm),LLAQ33T083019,2063,1/27/2024 8:11,0.698,0.7056,0.576,0.82131
Anode Overhang (Top) (mm),LLAQ33T083019,2063,1/27/2024 8:11,0.705,0.70575,0.5904,0.82131
Anode Overhang (Bottom) (mm),LLAQ33T083019,2063,1/27/2024 8:11,0.692,0.67741,0.576,0.82131
Cathode Width (mm),LLAQ33T083019,2063,1/27/2024 8:11,57.904,57.90246,57.75844,58.032
Core Area (mm²),LLAQ33T082889,2064,1/27/2024 8:21,13.147,13.14973,13.0896,13.18467
Anode Overhang (All) (mm),LLAQ33T082889,2064,1/27/2024 8:21,0.708,0.70575,0.5472,0.86448
Anode Overhang (Top) (mm),LLAQ33T082889,2064,1/27/2024 8:21,0.729,0.73454,0.60497,0.86448
Anode Overhang (Bottom) (mm),LLAQ33T082889,2064,1/27/2024 8:21,0.685,0.67695,0.5472,0.79318
Cathode Width (mm),LLAQ33T082889,2064,1/27/2024 8:21,57.897,57.88803,57.72961,58.03204
Core Area (mm²),KLAQ31T084935,2065,1/27/2024 8:30,13.268,13.27799,13.20064,13.32775
Anode Overhang (All) (mm),KLAQ31T084935,2065,1/27/2024 8:30,0.713,0.73447,0.5186,0.87852
Anode Overhang (Top) (mm),KLAQ31T084935,2065,1/27/2024 8:30,0.806,0.80033,0.73426,0.87852
Anode Overhang (Bottom) (mm),KLAQ31T084935,2065,1/27/2024 8:30,0.619,0.63376,0.5186,0.7776
Cathode Width (mm),KLAQ31T084935,2065,1/27/2024 8:30,57.89,57.88815,57.7296,57.98902
Core Area (mm²),KLAQ34T018497,2066,1/27/2024 8:40,13.389,13.39442,13.25849,13.51448
Anode Overhang (All) (mm),KLAQ34T018497,2066,1/27/2024 8:40,0.73,0.7344,0.5328,0.90766
Anode Overhang (Top) (mm),KLAQ34T018497,2066,1/27/2024 8:40,0.752,0.75555,0.6336,0.90766
Anode Overhang (Bottom) (mm),KLAQ34T018497,2066,1/27/2024 8:40,0.707,0.70442,0.5328,0.90731
Cathode Width (mm),KLAQ34T018497,2066,1/27/2024 8:40,57.892,57.90241,57.744,58.00329
Core Area (mm²),LLAQ21T037369,2067,1/27/2024 8:49,13.595,13.61308,13.49457,13.66523
Anode Overhang (All) (mm),LLAQ21T037369,2067,1/27/2024 8:49,0.726,0.72129,0.5472,0.89326
Anode Overhang (Top) (mm),LLAQ21T037369,2067,1/27/2024 8:49,0.704,0.69851,0.56178,0.89326
Anode Overhang (Bottom) (mm),LLAQ21T037369,2067,1/27/2024 8:49,0.748,0.74935,0.5472,0.89326
Cathode Width (mm),LLAQ21T037369,2067,1/27/2024 8:49,57.892,57.90243,57.75841,58.00378
Core Area (mm²),LLAQ21T036874,2068,1/27/2024 9:09,13.584,13.58498,13.54289,13.63071
Anode Overhang (All) (mm),LLAQ21T036874,2068,1/27/2024 9:09,0.725,0.72517,0.60153,0.85265
Anode Overhang (Top) (mm),LLAQ21T036874,2068,1/27/2024 9:09,0.708,0.71087,0.60153,0.83532
Anode Overhang (Bottom) (mm),LLAQ21T036874,2068,1/27/2024 9:09,0.741,0.73666,0.6048,0.85265
Cathode Width (mm),LLAQ21T036874,2068,1/27/2024 9:09,57.897,57.9027,57.75843,58.00355
Anode Overhang (All) (mm),KLAQ31T085079,2073,1/29/2024 12:16,0.703,0.70575,0.44733,0.93611
Anode Overhang (Top) (mm),KLAQ31T085079,2073,1/29/2024 12:16,0.829,0.82093,0.5162,0.93611
Anode Overhang (Bottom) (mm),KLAQ31T085079,2073,1/29/2024 12:16,0.577,0.59198,0.44733,0.86831
Cathode Width (mm),KLAQ31T085079,2073,1/29/2024 12:16,57.888,57.89529,57.7584,57.98881
Core Area (mm²),KLAQ31T085079,2073,1/29/2024 12:16,13.048,13.04813,13.00241,13.09167
Core Area (mm²),KLAQ31T085038,2074,1/29/2024 12:25,13.233,13.23807,13.17358,13.29115
Anode Overhang (All) (mm),KLAQ31T085038,2074,1/29/2024 12:25,0.709,0.71405,0.5184,0.87852
Anode Overhang (Top) (mm),KLAQ31T085038,2074,1/29/2024 12:25,0.802,0.79213,0.70795,0.87852
Anode Overhang (Bottom) (mm),KLAQ31T085038,2074,1/29/2024 12:25,0.617,0.63425,0.5184,0.72014
Cathode Width (mm),KLAQ31T085038,2074,1/29/2024 12:25,57.9,57.90246,57.7728,58.00326
Core Area (mm²),KLAQ33T007897,2075,1/29/2024 12:35,13.254,13.23579,13.16332,13.38022
Anode Overhang (All) (mm),KLAQ33T007897,2075,1/29/2024 12:35,0.725,0.72014,0.5472,0.89326
Anode Overhang (Top) (mm),KLAQ33T007897,2075,1/29/2024 12:35,0.784,0.792,0.66256,0.89326
Anode Overhang (Bottom) (mm),KLAQ33T007897,2075,1/29/2024 12:35,0.663,0.66303,0.5472,0.77813
Cathode Width (mm),KLAQ33T007897,2075,1/29/2024 12:35,57.874,57.87362,57.70081,57.9892
Core Area (mm²),KLAQ34T018560,2076,1/29/2024 12:44,13.388,13.38965,13.33522,13.47342
Anode Overhang (All) (mm),KLAQ34T018560,2076,1/29/2024 12:44,0.717,0.71087,0.5904,0.8357
Anode Overhang (Top) (mm),KLAQ34T018560,2076,1/29/2024 12:44,0.759,0.74894,0.67741,0.8357
Anode Overhang (Bottom) (mm),KLAQ34T018560,2076,1/29/2024 12:44,0.675,0.69135,0.5904,0.76807
Cathode Width (mm),KLAQ34T018560,2076,1/29/2024 12:44,57.906,57.91681,57.7728,58.01774
Core Area (mm²),KLAQ34T018478,2077,1/29/2024 12:53,13.354,13.35284,13.20551,13.50214
Anode Overhang (All) (mm),KLAQ34T018478,2077,1/29/2024 12:53,0.726,0.72359,0.5904,0.86508
Anode Overhang (Top) (mm),KLAQ34T018478,2077,1/29/2024 12:53,0.703,0.69255,0.59058,0.86508
Anode Overhang (Bottom) (mm),KLAQ34T018478,2077,1/29/2024 12:53,0.75,0.7632,0.5904,0.86448
Cathode Width (mm),KLAQ34T018478,2077,1/29/2024 12:53,57.889,57.8883,57.7296,57.98902
Core Area (mm²),KLAQ34T018500,2078,1/29/2024 13:03,13.364,13.37752,13.25134,13.48421
Anode Overhang (All) (mm),KLAQ34T018500,2078,1/29/2024 13:03,0.725,0.7223,0.5904,0.8507
Anode Overhang (Top) (mm),KLAQ34T018500,2078,1/29/2024 13:03,0.736,0.73567,0.62071,0.8507
Anode Overhang (Bottom) (mm),KLAQ34T018500,2078,1/29/2024 13:03,0.714,0.72,0.5904,0.8507
Cathode Width (mm),KLAQ34T018500,2078,1/29/2024 13:03,57.883,57.88822,57.7296,57.98886
Core Area (mm²),KLAQ31T085158,2079,1/29/2024 13:17,13.058,13.05663,12.98633,13.11708
Anode Overhang (All) (mm),KLAQ31T085158,2079,1/29/2024 13:17,0.707,0.66968,0.4752,0.92171
Anode Overhang (Top) (mm),KLAQ31T085158,2079,1/29/2024 13:17,0.834,0.82533,0.55398,0.92171
Anode Overhang (Bottom) (mm),KLAQ31T085158,2079,1/29/2024 13:17,0.58,0.59198,0.4752,0.6768
Cathode Width (mm),KLAQ31T085158,2079,1/29/2024 13:17,57.898,57.9024,57.7728,58.00338
Core Area (mm²),KLAQ31T085116,2080,1/29/2024 13:30,13.026,13.02615,12.97928,13.06679
Anode Overhang (All) (mm),KLAQ31T085116,2080,1/29/2024 13:30,0.706,0.72,0.45834,0.93611
Anode Overhang (Top) (mm),KLAQ31T085116,2080,1/29/2024 13:30,0.827,0.82093,0.648,0.93611
Anode Overhang (Bottom) (mm),KLAQ31T085116,2080,1/29/2024 13:30,0.585,0.59058,0.45834,0.792
Cathode Width (mm),KLAQ31T085116,2080,1/29/2024 13:30,57.898,57.9024,57.7728,58.00323
Core Area (mm²),KLAQ31T085063,2081,1/29/2024 14:08,13.131,13.13304,13.07529,13.19162
Anode Overhang (All) (mm),KLAQ31T085063,2081,1/29/2024 14:08,0.708,0.70575,0.5328,0.87852
Anode Overhang (Top) (mm),KLAQ31T085063,2081,1/29/2024 14:08,0.793,0.792,0.7056,0.87852
Anode Overhang (Bottom) (mm),KLAQ31T085063,2081,1/29/2024 14:08,0.622,0.62983,0.5328,0.72
Cathode Width (mm),KLAQ31T085063,2081,1/29/2024 14:08,57.893,57.88801,57.7728,58.01764
Anode Overhang (All) (mm),LLAQ21T036888,2082,1/29/2024 14:25,0.733,0.70655,0.50243,0.95051
Anode Overhang (Top) (mm),LLAQ21T036888,2082,1/29/2024 14:25,0.855,0.84972,0.56639,0.95051
Anode Overhang (Bottom) (mm),LLAQ21T036888,2082,1/29/2024 14:25,0.611,0.62071,0.50243,0.70692
Cathode Width (mm),LLAQ21T036888,2082,1/29/2024 14:25,57.86,57.8736,57.72961,57.96018
Core Area (mm²),LLAQ21T036888,2082,1/29/2024 14:25,13.218,13.20987,13.15958,13.30121
Core Area (mm²),KLAQ34T009649,2083,1/29/2024 14:35,13.894,13.89799,13.8419,13.95471
Anode Overhang (All) (mm),KLAQ34T009649,2083,1/29/2024 14:35,0.714,0.70575,0.53299,0.9072
Anode Overhang (Top) (mm),KLAQ34T009649,2083,1/29/2024 14:35,0.817,0.80653,0.72859,0.9072
Anode Overhang (Bottom) (mm),KLAQ34T009649,2083,1/29/2024 14:35,0.612,0.61987,0.53299,0.70575
Cathode Width (mm),KLAQ34T009649,2083,1/29/2024 14:35,57.901,57.90241,57.7296,58.03201
Core Area (mm²),KLAQ31T085066,2084,1/29/2024 14:44,13.186,13.18136,13.10733,13.24356
Anode Overhang (All) (mm),KLAQ31T085066,2084,1/29/2024 14:44,0.707,0.72036,0.49717,0.87852
Anode Overhang (Top) (mm),KLAQ31T085066,2084,1/29/2024 14:44,0.805,0.8064,0.6649,0.87852
Anode Overhang (Bottom) (mm),KLAQ31T085066,2084,1/29/2024 14:44,0.609,0.61937,0.49717,0.69255
Cathode Width (mm),KLAQ31T085066,2084,1/29/2024 14:44,57.895,57.90243,57.74404,58.01766
Core Area (mm²),KLAQ33T009739,2085,1/29/2024 14:53,13.453,13.44688,13.35948,13.55398
Anode Overhang (All) (mm),KLAQ33T009739,2085,1/29/2024 14:53,0.716,0.72014,0.5472,0.87887
Anode Overhang (Top) (mm),KLAQ33T009739,2085,1/29/2024 14:53,0.752,0.74935,0.54834,0.87887
Anode Overhang (Bottom) (mm),KLAQ33T009739,2085,1/29/2024 14:53,0.68,0.67925,0.5472,0.79213
Cathode Width (mm),KLAQ33T009739,2085,1/29/2024 14:53,57.906,57.9027,57.7296,58.00323
Core Area (mm²),KLAQ31T085068,2086,1/29/2024 15:03,13.085,13.08099,13.04108,13.12879
Anode Overhang (All) (mm),KLAQ31T085068,2086,1/29/2024 15:03,0.709,0.70575,0.5202,0.89292
Anode Overhang (Top) (mm),KLAQ31T085068,2086,1/29/2024 15:03,0.781,0.76537,0.6624,0.89292
Anode Overhang (Bottom) (mm),KLAQ31T085068,2086,1/29/2024 15:03,0.634,0.65373,0.5202,0.73567
Cathode Width (mm),KLAQ31T085068,2086,1/29/2024 15:03,57.897,57.90243,57.7728,58.01774
Core Area (mm²),KLAQ23T052157,2087,1/29/2024 15:12,13.162,13.16809,13.10183,13.21422
Anode Overhang (All) (mm),KLAQ23T052157,2087,1/29/2024 15:12,0.711,0.72,0.4464,0.97931
Anode Overhang (Top) (mm),KLAQ23T052157,2087,1/29/2024 15:12,0.817,0.78239,0.6912,0.97931
Anode Overhang (Bottom) (mm),KLAQ23T052157,2087,1/29/2024 15:12,0.605,0.63768,0.4464,0.76442
Cathode Width (mm),KLAQ23T052157,2087,1/29/2024 15:12,57.897,57.88803,57.7008,58.00334
Core Area (mm²),KLAQ34T018578,2088,1/29/2024 15:22,13.499,13.50152,13.41889,13.563
Anode Overhang (All) (mm),KLAQ34T018578,2088,1/29/2024 15:22,0.716,0.71675,0.5328,0.90731
Anode Overhang (Top) (mm),KLAQ34T018578,2088,1/29/2024 15:22,0.796,0.7776,0.6912,0.90731
Anode Overhang (Bottom) (mm),KLAQ34T018578,2088,1/29/2024 15:22,0.636,0.65055,0.5328,0.73567
Cathode Width (mm),KLAQ34T018578,2088,1/29/2024 15:22,57.907,57.9168,57.7584,58.01761
Anode Overhang (All) (mm),KLAQ23T032300,2089,1/29/2024 15:31,0.717,0.70912,0.5616,0.86448
Anode Overhang (Top) (mm),KLAQ23T032300,2089,1/29/2024 15:31,0.775,0.76334,0.64976,0.86448
Anode Overhang (Bottom) (mm),KLAQ23T032300,2089,1/29/2024 15:31,0.655,0.6663,0.5616,0.792
Cathode Width (mm),KLAQ23T032300,2089,1/29/2024 15:31,57.928,57.93122,57.7872,58.03222
Core Area (mm²),KLAQ23T032300,2089,1/29/2024 15:31,13.538,13.5348,13.49644,13.5883
Core Area (mm²),KLAQ31T085001,2090,1/29/2024 15:41,13.13,13.12921,13.0783,13.1882
Anode Overhang (All) (mm),KLAQ31T085001,2090,1/29/2024 15:41,0.709,0.70619,0.56599,0.83532
Anode Overhang (Top) (mm),KLAQ31T085001,2090,1/29/2024 15:41,0.773,0.76983,0.6912,0.83532
Anode Overhang (Bottom) (mm),KLAQ31T085001,2090,1/29/2024 15:41,0.645,0.65055,0.56599,0.71087
Cathode Width (mm),KLAQ31T085001,2090,1/29/2024 15:41,57.893,57.90244,57.74418,58.01761
Core Area (mm²),KLAQ34T025498,2091,1/29/2024 15:50,13.234,13.23278,13.17721,13.29758
Anode Overhang (All) (mm),KLAQ34T025498,2091,1/29/2024 15:50,0.716,0.72,0.6624,0.7788
Anode Overhang (Top) (mm),KLAQ34T025498,2091,1/29/2024 15:50,0.697,0.69135,0.6624,0.76374
Anode Overhang (Bottom) (mm),KLAQ34T025498,2091,1/29/2024 15:50,0.736,0.73666,0.66303,0.7788
Cathode Width (mm),KLAQ34T025498,2091,1/29/2024 15:50,57.917,57.93122,57.72961,58.01778
Anode Overhang (All) (mm),KLAQ34T025512,2092,1/29/2024 16:00,0.73,0.72359,0.5328,0.92261
Anode Overhang (Top) (mm),KLAQ34T025512,2092,1/29/2024 16:00,0.72,0.72338,0.54739,0.92261
Anode Overhang (Bottom) (mm),KLAQ34T025512,2092,1/29/2024 16:00,0.74,0.72359,0.5328,0.90731
Cathode Width (mm),KLAQ34T025512,2092,1/29/2024 16:00,57.882,57.8882,57.7152,57.98906
Core Area (mm²),KLAQ34T025512,2092,1/29/2024 16:00,13.48,13.48078,13.37576,13.58509
Core Area (mm²),KLAQ34T025537,2093,1/29/2024 16:10,13.142,13.14258,13.09468,13.19857
Anode Overhang (All) (mm),KLAQ34T025537,2093,1/29/2024 16:10,0.719,0.72014,0.6336,0.80691
Anode Overhang (Top) (mm),KLAQ34T025537,2093,1/29/2024 16:10,0.745,0.73454,0.6531,0.80691
Anode Overhang (Bottom) (mm),KLAQ34T025537,2093,1/29/2024 16:10,0.693,0.7056,0.6336,0.78239
Cathode Width (mm),KLAQ34T025537,2093,1/29/2024 16:10,57.913,57.91691,57.744,58.01774
Core Area (mm²),KLAQ33T009771,2094,1/29/2024 16:19,13.503,13.50194,13.46306,13.5573
Anode Overhang (All) (mm),KLAQ33T009771,2094,1/29/2024 16:19,0.719,0.72,0.576,0.85009
Anode Overhang (Top) (mm),KLAQ33T009771,2094,1/29/2024 16:19,0.75,0.7488,0.648,0.85009
Anode Overhang (Bottom) (mm),KLAQ33T009771,2094,1/29/2024 16:19,0.686,0.69135,0.576,0.79252
Cathode Width (mm),KLAQ33T009771,2094,1/29/2024 16:19,57.892,57.9024,57.74402,58.00321
Core Area (mm²),KLAQ31T085180,2095,1/29/2024 16:29,13.082,13.07954,13.00738,13.17296
Anode Overhang (All) (mm),KLAQ31T085180,2095,1/29/2024 16:29,0.71,0.70619,0.5472,0.86412
Anode Overhang (Top) (mm),KLAQ31T085180,2095,1/29/2024 16:29,0.775,0.76374,0.6768,0.86412
Anode Overhang (Bottom) (mm),KLAQ31T085180,2095,1/29/2024 16:29,0.643,0.66256,0.5472,0.74935
Cathode Width (mm),KLAQ31T085180,2095,1/29/2024 16:29,57.896,57.90243,57.75855,58.00324
Core Area (mm²),KLAQ34T018435,2096,1/29/2024 16:38,13.427,13.42345,13.35357,13.51386
Anode Overhang (All) (mm),KLAQ34T018435,2096,1/29/2024 16:38,0.731,0.73454,0.52159,0.92261
Anode Overhang (Top) (mm),KLAQ34T018435,2096,1/29/2024 16:38,0.775,0.77973,0.648,0.92261
Anode Overhang (Bottom) (mm),KLAQ34T018435,2096,1/29/2024 16:38,0.683,0.67818,0.52159,0.80691
Cathode Width (mm),KLAQ34T018435,2096,1/29/2024 16:38,57.873,57.88801,57.7152,57.9747
Core Area (mm²),KLAQ23T052162,2097,1/29/2024 16:48,13.111,13.1008,13.05881,13.22013
Anode Overhang (All) (mm),KLAQ23T052162,2097,1/29/2024 16:48,0.712,0.70926,0.55379,0.86448
Anode Overhang (Top) (mm),KLAQ23T052162,2097,1/29/2024 16:48,0.75,0.73454,0.6531,0.86448
Anode Overhang (Bottom) (mm),KLAQ23T052162,2097,1/29/2024 16:48,0.674,0.6936,0.55379,0.80756
Cathode Width (mm),KLAQ23T052162,2097,1/29/2024 16:48,57.886,57.88801,57.7728,57.98886
Core Area (mm²),KLAQ34T018641,2098,1/29/2024 16:57,13.365,13.37472,13.29675,13.44698
Anode Overhang (All) (mm),KLAQ34T018641,2098,1/29/2024 16:57,0.708,0.70619,0.4896,0.937
Anode Overhang (Top) (mm),KLAQ34T018641,2098,1/29/2024 16:57,0.799,0.77773,0.7056,0.937
Anode Overhang (Bottom) (mm),KLAQ34T018641,2098,1/29/2024 16:57,0.623,0.64864,0.4896,0.73496
Cathode Width (mm),KLAQ34T018641,2098,1/29/2024 16:57,57.904,57.9024,57.7584,58.03209
Core Area (mm²),KLAQ33T007869,2099,1/29/2024 17:07,13.261,13.25715,13.18436,13.3573
Anode Overhang (All) (mm),KLAQ33T007869,2099,1/29/2024 17:07,0.73,0.7344,0.576,0.87887
Anode Overhang (Top) (mm),KLAQ33T007869,2099,1/29/2024 17:07,0.764,0.76374,0.66256,0.87887
Anode Overhang (Bottom) (mm),KLAQ33T007869,2099,1/29/2024 17:07,0.693,0.69135,0.576,0.77813
Cathode Width (mm),KLAQ33T007869,2099,1/29/2024 17:07,57.884,57.88806,57.7008,57.98902
Core Area (mm²),KLAQ33T007852,2100,1/29/2024 17:16,13.306,13.30183,13.2333,13.4164
Anode Overhang (All) (mm),KLAQ33T007852,2100,1/29/2024 17:16,0.734,0.7344,0.5184,0.93644
Anode Overhang (Top) (mm),KLAQ33T007852,2100,1/29/2024 17:16,0.81,0.80653,0.6912,0.93644
Anode Overhang (Bottom) (mm),KLAQ33T007852,2100,1/29/2024 17:16,0.652,0.65199,0.5184,0.75101
Cathode Width (mm),KLAQ33T007852,2100,1/29/2024 17:16,57.887,57.9024,57.6864,58.01762
Core Area (mm²),KLAQ31T085034,2101,1/29/2024 17:26,13.164,13.16736,13.10121,13.20883
Anode Overhang (All) (mm),KLAQ31T085034,2101,1/29/2024 17:26,0.712,0.72,0.5328,0.8784
Anode Overhang (Top) (mm),KLAQ31T085034,2101,1/29/2024 17:26,0.788,0.77933,0.7056,0.8784
Anode Overhang (Bottom) (mm),KLAQ31T085034,2101,1/29/2024 17:26,0.635,0.64944,0.5328,0.73496
Cathode Width (mm),KLAQ31T085034,2101,1/29/2024 17:26,57.901,57.90266,57.7584,58.01786
Core Area (mm²),KLAQ31T085131,2102,1/29/2024 17:35,13.025,13.02687,12.97109,13.08452
Anode Overhang (All) (mm),KLAQ31T085131,2102,1/29/2024 17:35,0.706,0.72,0.4752,0.95214
Anode Overhang (Top) (mm),KLAQ31T085131,2102,1/29/2024 17:35,0.83,0.82131,0.6768,0.93611
Anode Overhang (Bottom) (mm),KLAQ31T085131,2102,1/29/2024 17:35,0.583,0.5911,0.4752,0.95214
Cathode Width (mm),KLAQ31T085131,2102,1/29/2024 17:35,57.898,57.90249,57.7728,58.00326
Core Area (mm²),KLAQ31T084983,2103,1/29/2024 17:45,13.17,13.16819,13.13211,13.22314
Anode Overhang (All) (mm),KLAQ31T084983,2103,1/29/2024 17:45,0.711,0.71007,0.5328,0.85009
Anode Overhang (Top) (mm),KLAQ31T084983,2103,1/29/2024 17:45,0.792,0.79082,0.6252,0.85009
Anode Overhang (Bottom) (mm),KLAQ31T084983,2103,1/29/2024 17:45,0.63,0.64816,0.5328,0.71087
Cathode Width (mm),KLAQ31T084983,2103,1/29/2024 17:45,57.899,57.90249,57.74401,58.00331
Anode Overhang (All) (mm),KLAQ31T084973,2104,1/29/2024 17:54,0.71,0.7344,0.504,0.92171
Anode Overhang (Top) (mm),KLAQ31T084973,2104,1/29/2024 17:54,0.83,0.82194,0.6912,0.92171
Anode Overhang (Bottom) (mm),KLAQ31T084973,2104,1/29/2024 17:54,0.59,0.59198,0.504,0.76334
Cathode Width (mm),KLAQ31T084973,2104,1/29/2024 17:54,57.889,57.88804,57.7584,57.98898
Core Area (mm²),KLAQ31T084973,2104,1/29/2024 17:54,13.128,13.13418,13.0642,13.17503
Core Area (mm²),KLAQ34T025505,2105,1/29/2024 18:04,13.431,13.42729,13.29997,13.56083
Anode Overhang (All) (mm),KLAQ34T025505,2105,1/29/2024 18:04,0.731,0.7344,0.55325,0.89326
Anode Overhang (Top) (mm),KLAQ34T025505,2105,1/29/2024 18:04,0.76,0.76374,0.63376,0.89326
Anode Overhang (Bottom) (mm),KLAQ34T025505,2105,1/29/2024 18:04,0.7,0.69135,0.55325,0.8357
Cathode Width (mm),KLAQ34T025505,2105,1/29/2024 18:04,57.879,57.87378,57.744,57.98882
Core Area (mm²),LLAQ21T036889,2106,1/29/2024 18:13,13.325,13.32672,13.25424,13.42459
Anode Overhang (All) (mm),LLAQ21T036889,2106,1/29/2024 18:13,0.729,0.7344,0.57618,0.86448
Anode Overhang (Top) (mm),LLAQ21T036889,2106,1/29/2024 18:13,0.739,0.74045,0.61937,0.86448
Anode Overhang (Bottom) (mm),LLAQ21T036889,2106,1/29/2024 18:13,0.718,0.72014,0.57618,0.83532
Cathode Width (mm),LLAQ21T036889,2106,1/29/2024 18:13,57.899,57.9168,57.74403,58.01762
Core Area (mm²),KLAQ34T029521,2107,1/29/2024 18:23,13.124,13.12133,12.99639,13.22884
Anode Overhang (All) (mm),KLAQ34T029521,2107,1/29/2024 18:23,0.717,0.72031,0.53299,0.89326
Anode Overhang (Top) (mm),KLAQ34T029521,2107,1/29/2024 18:23,0.619,0.62071,0.53299,0.67741
Anode Overhang (Bottom) (mm),KLAQ34T029521,2107,1/29/2024 18:23,0.816,0.8208,0.7632,0.89326
Cathode Width (mm),KLAQ34T029521,2107,1/29/2024 18:23,57.927,57.9314,57.7728,58.03214
Core Area (mm²),KLAQ23T052320,2108,1/29/2024 18:33,13.169,13.1515,13.08587,13.31324
Anode Overhang (All) (mm),KLAQ23T052320,2108,1/29/2024 18:33,0.714,0.72,0.4464,0.96523
Anode Overhang (Top) (mm),KLAQ23T052320,2108,1/29/2024 18:33,0.822,0.79318,0.7056,0.96523
Anode Overhang (Bottom) (mm),KLAQ23T052320,2108,1/29/2024 18:33,0.605,0.63507,0.4464,0.7488
Cathode Width (mm),KLAQ23T052320,2108,1/29/2024 18:33,57.89,57.88818,57.72961,58.00338
Anode Overhang (All) (mm),KLAQ33T007885,2109,1/29/2024 18:42,0.729,0.72058,0.5616,0.87887
Anode Overhang (Top) (mm),KLAQ33T007885,2109,1/29/2024 18:42,0.79,0.77813,0.69135,0.87887
Anode Overhang (Bottom) (mm),KLAQ33T007885,2109,1/29/2024 18:42,0.666,0.67695,0.5616,0.7488
Cathode Width (mm),KLAQ33T007885,2109,1/29/2024 18:42,57.878,57.87364,57.68642,57.98915
Core Area (mm²),KLAQ33T007885,2109,1/29/2024 18:42,13.304,13.29271,13.23164,13.46171
Core Area (mm²),KLAQ31T085102,2110,1/29/2024 18:51,13.235,13.23154,13.1855,13.28327
Anode Overhang (All) (mm),KLAQ31T085102,2110,1/29/2024 18:51,0.71,0.6918,0.51205,0.8928
Anode Overhang (Top) (mm),KLAQ31T085102,2110,1/29/2024 18:51,0.807,0.80653,0.51205,0.8928
Anode Overhang (Bottom) (mm),KLAQ31T085102,2110,1/29/2024 18:51,0.613,0.62071,0.5184,0.76537
Cathode Width (mm),KLAQ31T085102,2110,1/29/2024 18:51,57.894,57.9024,57.7728,58.00334
Core Area (mm²),KLAQ31T085020,2111,1/29/2024 19:01,13.148,13.15596,13.06347,13.21018
Anode Overhang (All) (mm),KLAQ31T085020,2111,1/29/2024 19:01,0.711,0.70575,0.5472,0.87887
Anode Overhang (Top) (mm),KLAQ31T085020,2111,1/29/2024 19:01,0.791,0.7788,0.648,0.87887
Anode Overhang (Bottom) (mm),KLAQ31T085020,2111,1/29/2024 19:01,0.632,0.63425,0.5472,0.77773
Cathode Width (mm),KLAQ31T085020,2111,1/29/2024 19:01,57.906,57.91682,57.7584,58.01782
Core Area (mm²),KLAQ31T085016,2112,1/29/2024 19:11,13.031,13.03289,12.99328,13.06897
Anode Overhang (All) (mm),KLAQ31T085016,2112,1/29/2024 19:11,0.705,0.69135,0.4896,0.90766
Anode Overhang (Top) (mm),KLAQ31T085016,2112,1/29/2024 19:11,0.828,0.82471,0.68274,0.90766
Anode Overhang (Bottom) (mm),KLAQ31T085016,2112,1/29/2024 19:11,0.583,0.59058,0.4896,0.73454
Cathode Width (mm),KLAQ31T085016,2112,1/29/2024 19:11,57.897,57.90255,57.75841,58.00329
Core Area (mm²),KLAQ33T009579,2113,1/29/2024 19:20,13.335,13.34341,13.19577,13.46834
Anode Overhang (All) (mm),KLAQ33T009579,2113,1/29/2024 19:20,0.72,0.72014,0.576,0.86508
Anode Overhang (Top) (mm),KLAQ33T009579,2113,1/29/2024 19:20,0.702,0.70575,0.5904,0.86448
Anode Overhang (Bottom) (mm),KLAQ33T009579,2113,1/29/2024 19:20,0.739,0.73496,0.576,0.86508
Cathode Width (mm),KLAQ33T009579,2113,1/29/2024 19:20,57.923,57.93142,57.744,58.03226
Core Area (mm²),KLAQ31T085083,2114,1/29/2024 19:30,13.051,13.06316,12.97928,13.11241
Anode Overhang (All) (mm),KLAQ31T085083,2114,1/29/2024 19:30,0.708,0.70619,0.55566,0.83532
Anode Overhang (Top) (mm),KLAQ31T085083,2114,1/29/2024 19:30,0.771,0.76983,0.69135,0.83532
Anode Overhang (Bottom) (mm),KLAQ31T085083,2114,1/29/2024 19:30,0.643,0.65373,0.55566,0.73946
Cathode Width (mm),KLAQ31T085083,2114,1/29/2024 19:30,57.901,57.90246,57.77282,58.01766
Anode Overhang (All) (mm),KLAQ34T018639,2115,1/30/2024 7:55,0.717,0.72058,0.4176,0.99527
Anode Overhang (Top) (mm),KLAQ34T018639,2115,1/30/2024 7:55,0.833,0.8208,0.648,0.99527
Anode Overhang (Bottom) (mm),KLAQ34T018639,2115,1/30/2024 7:55,0.601,0.60634,0.4176,0.80691
Cathode Width (mm),KLAQ34T018639,2115,1/30/2024 7:55,57.892,57.8884,57.72961,58.0032
Core Area (mm²),KLAQ34T018639,2115,1/30/2024 7:55,13.172,13.17514,13.13169,13.2079
Core Area (mm²),LLAQ21T066586,2116,1/30/2024 8:05,13.28,13.27425,13.21516,13.36777
Anode Overhang (All) (mm),LLAQ21T066586,2116,1/30/2024 8:05,0.713,0.72014,0.4752,0.95051
Anode Overhang (Top) (mm),LLAQ21T066586,2116,1/30/2024 8:05,0.817,0.79213,0.6624,0.95051
Anode Overhang (Bottom) (mm),LLAQ21T066586,2116,1/30/2024 8:05,0.608,0.6336,0.4752,0.76374
Cathode Width (mm),LLAQ21T066586,2116,1/30/2024 8:05,57.883,57.88803,57.71523,57.98886
Core Area (mm²),KLAQ34T018408,2117,1/30/2024 8:14,13.277,13.28317,13.17783,13.35575
Anode Overhang (All) (mm),KLAQ34T018408,2117,1/30/2024 8:14,0.724,0.72359,0.5904,0.85009
Anode Overhang (Top) (mm),KLAQ34T018408,2117,1/30/2024 8:14,0.73,0.73496,0.61937,0.85009
Anode Overhang (Bottom) (mm),KLAQ34T018408,2117,1/30/2024 8:14,0.718,0.72,0.5904,0.83532
Cathode Width (mm),KLAQ34T018408,2117,1/30/2024 8:14,57.889,57.88803,57.7584,57.9892
Core Area (mm²),KLAQ34T018547,2118,1/30/2024 8:23,13.44,13.44387,13.34673,13.51998
Anode Overhang (All) (mm),KLAQ34T018547,2118,1/30/2024 8:23,0.714,0.72,0.5328,0.90766
Anode Overhang (Top) (mm),KLAQ34T018547,2118,1/30/2024 8:23,0.758,0.73454,0.63425,0.90766
Anode Overhang (Bottom) (mm),KLAQ34T018547,2118,1/30/2024 8:23,0.672,0.6936,0.5328,0.76374
Cathode Width (mm),KLAQ34T018547,2118,1/30/2024 8:23,57.9,57.90243,57.7728,58.01761
Core Area (mm²),LLAQ21T037433,2119,1/30/2024 8:33,13.458,13.44927,13.40956,13.52599
Anode Overhang (All) (mm),LLAQ21T037433,2119,1/30/2024 8:33,0.717,0.72014,0.5616,0.86448
Anode Overhang (Top) (mm),LLAQ21T037433,2119,1/30/2024 8:33,0.746,0.73946,0.6624,0.86448
Anode Overhang (Bottom) (mm),LLAQ21T037433,2119,1/30/2024 8:33,0.686,0.6918,0.5616,0.7776
Cathode Width (mm),LLAQ21T037433,2119,1/30/2024 8:33,57.899,57.90246,57.7728,58.00355
Core Area (mm²),KLAQ31T085006,2120,1/30/2024 8:42,13.09,13.08493,13.00406,13.18509
Anode Overhang (All) (mm),KLAQ31T085006,2120,1/30/2024 8:42,0.708,0.70567,0.47607,0.90731
Anode Overhang (Top) (mm),KLAQ31T085006,2120,1/30/2024 8:42,0.824,0.8208,0.6912,0.90731
Anode Overhang (Bottom) (mm),KLAQ31T085006,2120,1/30/2024 8:42,0.591,0.5911,0.47607,0.74894
Cathode Width (mm),KLAQ31T085006,2120,1/30/2024 8:42,57.901,57.90255,57.74402,58.00342
Anode Overhang (All) (mm),KLAQ34T018543,2121,1/30/2024 8:52,0.729,0.7344,0.57057,0.87887
Anode Overhang (Top) (mm),KLAQ34T018543,2121,1/30/2024 8:52,0.766,0.76442,0.6768,0.87887
Anode Overhang (Bottom) (mm),KLAQ34T018543,2121,1/30/2024 8:52,0.691,0.6936,0.57057,0.80691
Cathode Width (mm),KLAQ34T018543,2121,1/30/2024 8:52,57.873,57.87371,57.7152,57.97443
Core Area (mm²),KLAQ34T018543,2121,1/30/2024 8:52,13.445,13.44802,13.36176,13.52972
Core Area (mm²),LLAQ21T066489,2122,1/30/2024 9:01,13.094,13.08566,13.00873,13.20323
Anode Overhang (All) (mm),LLAQ21T066489,2122,1/30/2024 9:01,0.707,0.72014,0.432,0.97931
Anode Overhang (Top) (mm),LLAQ21T066489,2122,1/30/2024 9:01,0.821,0.79213,0.648,0.97931
Anode Overhang (Bottom) (mm),LLAQ21T066489,2122,1/30/2024 9:01,0.593,0.60549,0.432,0.792
Cathode Width (mm),LLAQ21T066489,2122,1/30/2024 9:01,57.887,57.88801,57.7152,58.00355
Core Area (mm²),KLAQ34T018528,2123,1/30/2024 9:10,13.428,13.42428,13.35419,13.51344
Anode Overhang (All) (mm),KLAQ34T018528,2123,1/30/2024 9:10,0.73,0.7344,0.5184,0.92205
Anode Overhang (Top) (mm),KLAQ34T018528,2123,1/30/2024 9:10,0.765,0.76334,0.63376,0.92205
Anode Overhang (Bottom) (mm),KLAQ34T018528,2123,1/30/2024 9:10,0.693,0.69135,0.5184,0.8352
Cathode Width (mm),KLAQ34T018528,2123,1/30/2024 9:10,57.878,57.88801,57.744,57.98894
Core Area (mm²),LLAQ21T066486,2124,1/30/2024 9:20,13.243,13.22324,13.16446,13.36311
Anode Overhang (All) (mm),LLAQ21T066486,2124,1/30/2024 9:20,0.71,0.70597,0.4752,0.92171
Anode Overhang (Top) (mm),LLAQ21T066486,2124,1/30/2024 9:20,0.809,0.80033,0.6336,0.92171
Anode Overhang (Bottom) (mm),LLAQ21T066486,2124,1/30/2024 9:20,0.61,0.62071,0.4752,0.80653
Cathode Width (mm),LLAQ21T066486,2124,1/30/2024 9:20,57.889,57.88804,57.75851,58.00323
Core Area (mm²),KLAQ34T028252,2125,1/30/2024 9:29,13.233,13.21889,13.18084,13.36373
Anode Overhang (All) (mm),KLAQ34T028252,2125,1/30/2024 9:29,0.719,0.72058,0.576,0.86448
Anode Overhang (Top) (mm),KLAQ34T028252,2125,1/30/2024 9:29,0.741,0.72058,0.6048,0.86448
Anode Overhang (Bottom) (mm),KLAQ34T028252,2125,1/30/2024 9:29,0.698,0.72014,0.576,0.86412
Cathode Width (mm),KLAQ34T028252,2125,1/30/2024 9:29,57.916,57.91695,57.78723,58.03203
Core Area (mm²),KLAQ34T018576,2126,1/30/2024 9:38,13.463,13.46648,13.39753,13.56176
Anode Overhang (All) (mm),KLAQ34T018576,2126,1/30/2024 9:38,0.716,0.72014,0.5472,0.89384
Anode Overhang (Top) (mm),KLAQ34T018576,2126,1/30/2024 9:38,0.787,0.76374,0.70575,0.89384
Anode Overhang (Bottom) (mm),KLAQ34T018576,2126,1/30/2024 9:38,0.646,0.66303,0.5472,0.75225
Cathode Width (mm),KLAQ34T018576,2126,1/30/2024 9:38,57.907,57.9168,57.7728,58.00334
Core Area (mm²),KLAQ34T018607,2127,1/30/2024 9:48,13.139,13.13926,12.99577,13.24149
Anode Overhang (All) (mm),KLAQ34T018607,2127,1/30/2024 9:48,0.724,0.72359,0.5472,0.89326
Anode Overhang (Top) (mm),KLAQ34T018607,2127,1/30/2024 9:48,0.752,0.73426,0.576,0.89326
Anode Overhang (Bottom) (mm),KLAQ34T018607,2127,1/30/2024 9:48,0.695,0.72058,0.5472,0.87852
Cathode Width (mm),KLAQ34T018607,2127,1/30/2024 9:48,57.908,57.90262,57.72964,58.00346
Core Area (mm²),KLAQ34T018481,2128,1/30/2024 9:57,13.421,13.42604,13.33698,13.48493
Anode Overhang (All) (mm),KLAQ34T018481,2128,1/30/2024 9:57,0.728,0.7344,0.5904,0.86508
Anode Overhang (Top) (mm),KLAQ34T018481,2128,1/30/2024 9:57,0.712,0.72014,0.5904,0.86448
Anode Overhang (Bottom) (mm),KLAQ34T018481,2128,1/30/2024 9:57,0.745,0.73946,0.5904,0.86508
Cathode Width (mm),KLAQ34T018481,2128,1/30/2024 9:57,57.894,57.9024,57.7296,58.00355
Core Area (mm²),KLAQ31T085054,2129,1/30/2024 10:07,13.301,13.29966,13.24471,13.36259
Anode Overhang (All) (mm),KLAQ31T085054,2129,1/30/2024 10:07,0.709,0.72014,0.5186,0.87852
Anode Overhang (Top) (mm),KLAQ31T085054,2129,1/30/2024 10:07,0.799,0.79409,0.7056,0.87852
Anode Overhang (Bottom) (mm),KLAQ31T085054,2129,1/30/2024 10:07,0.618,0.63376,0.5186,0.73454
Cathode Width (mm),KLAQ31T085054,2129,1/30/2024 10:07,57.899,57.90251,57.744,58.00355
Core Area (mm²),KLAQ31T085017,2130,1/30/2024 10:16,13.09,13.0841,13.02179,13.17514
Anode Overhang (All) (mm),KLAQ31T085017,2130,1/30/2024 10:16,0.708,0.7488,0.504,0.90731
Anode Overhang (Top) (mm),KLAQ31T085017,2130,1/30/2024 10:16,0.832,0.82395,0.7488,0.90731
Anode Overhang (Bottom) (mm),KLAQ31T085017,2130,1/30/2024 10:16,0.584,0.59198,0.504,0.69135
Cathode Width (mm),KLAQ31T085017,2130,1/30/2024 10:16,57.898,57.90241,57.7584,58.00334
Core Area (mm²),KLAQ34T018512,2131,1/30/2024 10:26,13.307,13.31096,13.24833,13.35616
Anode Overhang (All) (mm),KLAQ34T018512,2131,1/30/2024 10:26,0.729,0.73433,0.5472,0.90823
Anode Overhang (Top) (mm),KLAQ34T018512,2131,1/30/2024 10:26,0.737,0.73666,0.6336,0.90823
Anode Overhang (Bottom) (mm),KLAQ34T018512,2131,1/30/2024 10:26,0.722,0.72129,0.5472,0.8383
Cathode Width (mm),KLAQ34T018512,2131,1/30/2024 10:26,57.892,57.88818,57.7584,58.0032
Core Area (mm²),KLAQ34T025649,2132,1/30/2024 10:35,13.228,13.23143,13.14268,13.29022
Anode Overhang (All) (mm),KLAQ34T025649,2132,1/30/2024 10:35,0.74,0.73496,0.60136,0.87367
Anode Overhang (Top) (mm),KLAQ34T025649,2132,1/30/2024 10:35,0.692,0.7056,0.60136,0.77813
Anode Overhang (Bottom) (mm),KLAQ34T025649,2132,1/30/2024 10:35,0.787,0.77813,0.63376,0.87367
Cathode Width (mm),KLAQ34T025649,2132,1/30/2024 10:35,57.887,57.88818,57.7008,57.98889
Core Area (mm²),KLAQ34T028464,2133,1/30/2024 10:45,13.114,13.1008,13.03735,13.19515
Anode Overhang (All) (mm),KLAQ34T028464,2133,1/30/2024 10:45,0.72,0.72014,0.52811,0.87887
Anode Overhang (Top) (mm),KLAQ34T028464,2133,1/30/2024 10:45,0.797,0.79409,0.6336,0.87887
Anode Overhang (Bottom) (mm),KLAQ34T028464,2133,1/30/2024 10:45,0.642,0.63425,0.52811,0.83532
Cathode Width (mm),KLAQ34T028464,2133,1/30/2024 10:45,57.904,57.90249,57.75849,58.01764
Core Area (mm²),LLAQ21T066601,2134,1/30/2024 10:54,13.095,13.09447,13.0418,13.13408
Anode Overhang (All) (mm),LLAQ21T066601,2134,1/30/2024 10:54,0.71,0.70619,0.5328,0.89326
Anode Overhang (Top) (mm),LLAQ21T066601,2134,1/30/2024 10:54,0.79,0.7788,0.69135,0.89326
Anode Overhang (Bottom) (mm),LLAQ21T066601,2134,1/30/2024 10:54,0.63,0.63621,0.5328,0.72129
Cathode Width (mm),LLAQ21T066601,2134,1/30/2024 10:54,57.895,57.9024,57.74403,57.98926
Core Area (mm²),KLAQ34T018657,2139,1/30/2024 15:46,13.159,13.16155,13.08483,13.22044
Anode Overhang (All) (mm),KLAQ34T018657,2139,1/30/2024 15:46,0.722,0.72058,0.4464,0.9936
Anode Overhang (Top) (mm),KLAQ34T018657,2139,1/30/2024 15:46,0.833,0.82131,0.6192,0.9936
Anode Overhang (Bottom) (mm),KLAQ34T018657,2139,1/30/2024 15:46,0.612,0.62187,0.4464,0.8208
Cathode Width (mm),KLAQ34T018657,2139,1/30/2024 15:46,57.905,57.90241,57.72961,58.01762
Anode Overhang (All) (mm),LLAQ21T066568,2140,1/30/2024 15:56,0.713,0.72014,0.53299,0.89326
Anode Overhang (Top) (mm),LLAQ21T066568,2140,1/30/2024 15:56,0.798,0.792,0.65373,0.89326
Anode Overhang (Bottom) (mm),LLAQ21T066568,2140,1/30/2024 15:56,0.628,0.63376,0.53299,0.74894
Cathode Width (mm),LLAQ21T066568,2140,1/30/2024 15:56,57.885,57.88835,57.744,58.00324
Core Area (mm²),LLAQ21T066568,2140,1/30/2024 15:56,13.146,13.14538,13.09914,13.20354
Core Area (mm²),LLAQ21T036998,2141,1/30/2024 16:05,13.388,13.38934,13.33532,13.44004
Anode Overhang (All) (mm),LLAQ21T036998,2141,1/30/2024 16:05,0.724,0.7344,0.64816,0.79357
Anode Overhang (Top) (mm),LLAQ21T036998,2141,1/30/2024 16:05,0.731,0.73792,0.6624,0.79357
Anode Overhang (Bottom) (mm),LLAQ21T036998,2141,1/30/2024 16:05,0.717,0.72014,0.64816,0.79318
Cathode Width (mm),LLAQ21T036998,2141,1/30/2024 16:05,57.897,57.90243,57.72961,58.00342
Core Area (mm²),KLAQ34T018466,2142,1/30/2024 16:15,13.37,13.36954,13.28452,13.4644
Anode Overhang (All) (mm),KLAQ34T018466,2142,1/30/2024 16:15,0.725,0.7223,0.55585,0.87887
Anode Overhang (Top) (mm),KLAQ34T018466,2142,1/30/2024 16:15,0.725,0.73157,0.6048,0.87887
Anode Overhang (Bottom) (mm),KLAQ34T018466,2142,1/30/2024 16:15,0.726,0.72014,0.55585,0.87852
Cathode Width (mm),KLAQ34T018466,2142,1/30/2024 16:15,57.886,57.88828,57.7296,57.98906
Core Area (mm²),LLAQ21T066600,2143,1/30/2024 16:24,13.243,13.24097,13.17317,13.33263
Anode Overhang (All) (mm),LLAQ21T066600,2143,1/30/2024 16:24,0.715,0.72,0.5328,0.89326
Anode Overhang (Top) (mm),LLAQ21T066600,2143,1/30/2024 16:24,0.814,0.82093,0.69135,0.89326
Anode Overhang (Bottom) (mm),LLAQ21T066600,2143,1/30/2024 16:24,0.616,0.60497,0.5328,0.73454
Cathode Width (mm),LLAQ21T066600,2143,1/30/2024 16:24,57.88,57.88802,57.72964,57.98902
Core Area (mm²),KLAQ34T018499,2144,1/30/2024 16:34,13.312,13.31915,13.2079,13.3968
Anode Overhang (All) (mm),KLAQ34T018499,2144,1/30/2024 16:34,0.729,0.7344,0.5328,0.90823
Anode Overhang (Top) (mm),KLAQ34T018499,2144,1/30/2024 16:34,0.755,0.76442,0.6336,0.90823
Anode Overhang (Bottom) (mm),KLAQ34T018499,2144,1/30/2024 16:34,0.702,0.6936,0.5328,0.85009
Cathode Width (mm),KLAQ34T018499,2144,1/30/2024 16:34,57.894,57.90258,57.744,57.98906
Core Area (mm²),LLAQ21T037401,2145,1/30/2024 16:43,13.327,13.33169,13.22791,13.3853
Anode Overhang (All) (mm),LLAQ21T037401,2145,1/30/2024 16:43,0.724,0.7344,0.5472,0.89326
Anode Overhang (Top) (mm),LLAQ21T037401,2145,1/30/2024 16:43,0.718,0.7488,0.5472,0.89326
Anode Overhang (Bottom) (mm),LLAQ21T037401,2145,1/30/2024 16:43,0.73,0.70795,0.5472,0.89326
Cathode Width (mm),LLAQ21T037401,2145,1/30/2024 16:43,57.903,57.9027,57.77281,58.0036
Core Area (mm²),LLAQ21T066632,2146,1/30/2024 16:53,13.237,13.23766,13.20095,13.28628
Anode Overhang (All) (mm),LLAQ21T066632,2146,1/30/2024 16:53,0.706,0.70575,0.5616,0.85009
Anode Overhang (Top) (mm),LLAQ21T066632,2146,1/30/2024 16:53,0.718,0.7056,0.64816,0.85009
Anode Overhang (Bottom) (mm),LLAQ21T066632,2146,1/30/2024 16:53,0.693,0.70575,0.5616,0.76537
Cathode Width (mm),LLAQ21T066632,2146,1/30/2024 16:53,57.913,57.91682,57.75842,58.03222
Core Area (mm²),KLAQ34T025538,2147,1/30/2024 17:02,12.984,12.9882,12.83693,13.14507
Anode Overhang (All) (mm),KLAQ34T025538,2147,1/30/2024 17:02,0.739,0.74887,0.55641,0.89384
Anode Overhang (Top) (mm),KLAQ34T025538,2147,1/30/2024 17:02,0.651,0.6624,0.55641,0.70575
Anode Overhang (Bottom) (mm),KLAQ34T025538,2147,1/30/2024 17:02,0.827,0.82093,0.7488,0.89384
Cathode Width (mm),KLAQ34T025538,2147,1/30/2024 17:02,57.888,57.90241,57.7152,57.98898
Core Area (mm²),LLAQ21T066421,2148,1/30/2024 17:12,13.123,13.11915,13.01899,13.25922
Anode Overhang (All) (mm),LLAQ21T066421,2148,1/30/2024 17:12,0.715,0.70795,0.5904,0.8357
Anode Overhang (Top) (mm),LLAQ21T066421,2148,1/30/2024 17:12,0.737,0.71087,0.63376,0.8357
Anode Overhang (Bottom) (mm),LLAQ21T066421,2148,1/30/2024 17:12,0.693,0.70575,0.5904,0.80756
Cathode Width (mm),LLAQ21T066421,2148,1/30/2024 17:12,57.894,57.90243,57.74401,57.9891
Core Area (mm²),KLAQ34T018479,2149,1/30/2024 17:21,13.477,13.4811,13.40209,13.55834
Anode Overhang (All) (mm),KLAQ34T018479,2149,1/30/2024 17:21,0.726,0.72129,0.4896,0.95051
Anode Overhang (Top) (mm),KLAQ34T018479,2149,1/30/2024 17:21,0.696,0.70655,0.5328,0.95051
Anode Overhang (Bottom) (mm),KLAQ34T018479,2149,1/30/2024 17:21,0.756,0.74894,0.4896,0.92564
Cathode Width (mm),KLAQ34T018479,2149,1/30/2024 17:21,57.87,57.87362,57.72969,57.97443
Anode Overhang (All) (mm),KLAQ34T018575,2150,1/30/2024 17:35,0.713,0.70692,0.52948,0.87852
Anode Overhang (Top) (mm),KLAQ34T018575,2150,1/30/2024 17:35,0.789,0.77933,0.52948,0.87852
Anode Overhang (Bottom) (mm),KLAQ34T018575,2150,1/30/2024 17:35,0.637,0.64816,0.5328,0.74894
Cathode Width (mm),KLAQ34T018575,2150,1/30/2024 17:35,57.899,57.88815,57.7728,58.01763
Core Area (mm²),KLAQ34T018575,2150,1/30/2024 17:35,13.48,13.46959,13.41256,13.53936
Core Area (mm²),LLAQ21T037003,2151,1/30/2024 17:45,13.433,13.43983,13.35533,13.52381
Anode Overhang (All) (mm),LLAQ21T037003,2151,1/30/2024 17:45,0.73,0.73454,0.61128,0.8357
Anode Overhang (Top) (mm),LLAQ21T037003,2151,1/30/2024 17:45,0.742,0.74894,0.6336,0.8357
Anode Overhang (Bottom) (mm),LLAQ21T037003,2151,1/30/2024 17:45,0.716,0.70795,0.61128,0.82093
Cathode Width (mm),LLAQ21T037003,2151,1/30/2024 17:45,57.893,57.90243,57.744,58.00338
Core Area (mm²),LLAQ21T066451,2152,1/30/2024 17:54,12.943,12.95741,12.83672,13.00541
Anode Overhang (All) (mm),LLAQ21T066451,2152,1/30/2024 17:54,0.713,0.70795,0.6048,0.82194
Anode Overhang (Top) (mm),LLAQ21T066451,2152,1/30/2024 17:54,0.726,0.70575,0.6048,0.82194
Anode Overhang (Bottom) (mm),LLAQ21T066451,2152,1/30/2024 17:54,0.699,0.72058,0.6048,0.82093
Cathode Width (mm),LLAQ21T066451,2152,1/30/2024 17:54,57.895,57.90246,57.71529,58.00331
Core Area (mm²),KLAQ31T085085,2153,1/30/2024 18:04,13.06,13.06171,13.01526,13.10297
Anode Overhang (All) (mm),KLAQ31T085085,2153,1/30/2024 18:04,0.709,0.70575,0.4896,0.92171
Anode Overhang (Top) (mm),KLAQ31T085085,2153,1/30/2024 18:04,0.824,0.82131,0.6336,0.92171
Anode Overhang (Bottom) (mm),KLAQ31T085085,2153,1/30/2024 18:04,0.594,0.5932,0.4896,0.7776
Cathode Width (mm),KLAQ31T085085,2153,1/30/2024 18:04,57.901,57.9168,57.75862,58.01763
Core Area (mm²),KLAQ31T085177,2154,1/30/2024 18:14,13.122,13.12081,13.07996,13.16674
Anode Overhang (All) (mm),KLAQ31T085177,2154,1/30/2024 18:14,0.702,0.7152,0.43002,0.92171
Anode Overhang (Top) (mm),KLAQ31T085177,2154,1/30/2024 18:14,0.827,0.82194,0.4332,0.92171
Anode Overhang (Bottom) (mm),KLAQ31T085177,2154,1/30/2024 18:14,0.575,0.5911,0.43002,0.69135
Cathode Width (mm),KLAQ31T085177,2154,1/30/2024 18:14,57.901,57.90241,57.70081,58.00346
Core Area (mm²),KLAQ34T018433,2155,1/30/2024 18:23,13.417,13.41972,13.35502,13.44895
Anode Overhang (All) (mm),KLAQ34T018433,2155,1/30/2024 18:23,0.728,0.7344,0.6192,0.83632
Anode Overhang (Top) (mm),KLAQ34T018433,2155,1/30/2024 18:23,0.738,0.7488,0.6336,0.83632
Anode Overhang (Bottom) (mm),KLAQ34T018433,2155,1/30/2024 18:23,0.718,0.72,0.6192,0.81102
Cathode Width (mm),KLAQ34T018433,2155,1/30/2024 18:23,57.895,57.90258,57.744,58.00323
Core Area (mm²),LLAQ21T037001,2156,1/30/2024 18:33,13.368,13.36269,13.31935,13.44771
Anode Overhang (All) (mm),LLAQ21T037001,2156,1/30/2024 18:33,0.726,0.72359,0.576,0.86448
Anode Overhang (Top) (mm),LLAQ21T037001,2156,1/30/2024 18:33,0.724,0.7218,0.60771,0.86448
Anode Overhang (Bottom) (mm),LLAQ21T037001,2156,1/30/2024 18:33,0.728,0.72359,0.576,0.82131
Cathode Width (mm),LLAQ21T037001,2156,1/30/2024 18:33,57.892,57.88835,57.74402,58.00331
Core Area (mm²),KLAQ34T018513,2157,1/30/2024 18:42,13.353,13.35823,13.28296,13.39597
Anode Overhang (All) (mm),KLAQ34T018513,2157,1/30/2024 18:42,0.728,0.72438,0.5328,0.92261
Anode Overhang (Top) (mm),KLAQ34T018513,2157,1/30/2024 18:42,0.743,0.74894,0.6048,0.92261
Anode Overhang (Bottom) (mm),KLAQ34T018513,2157,1/30/2024 18:42,0.713,0.7056,0.5328,0.84972
Cathode Width (mm),KLAQ34T018513,2157,1/30/2024 18:42,57.886,57.88802,57.744,57.98906
Anode Overhang (All) (mm),LLAQ21T066440,2158,1/30/2024 18:52,0.715,0.70619,0.5184,0.90766
Anode Overhang (Top) (mm),LLAQ21T066440,2158,1/30/2024 18:52,0.796,0.77973,0.5204,0.90766
Anode Overhang (Bottom) (mm),LLAQ21T066440,2158,1/30/2024 18:52,0.634,0.63621,0.5184,0.89292
Cathode Width (mm),LLAQ21T066440,2158,1/30/2024 18:52,57.885,57.88806,57.7584,57.97454
Core Area (mm²),LLAQ21T066440,2158,1/30/2024 18:52,13.47,13.47342,13.4192,13.51272
Core Area (mm²),KLAQ34T018477,2159,1/30/2024 19:02,13.589,13.60261,13.47,13.67653
Anode Overhang (All) (mm),KLAQ34T018477,2159,1/30/2024 19:02,0.728,0.7344,0.5904,0.85009
Anode Overhang (Top) (mm),KLAQ34T018477,2159,1/30/2024 19:02,0.742,0.74894,0.6336,0.85009
Anode Overhang (Bottom) (mm),KLAQ34T018477,2159,1/30/2024 19:02,0.714,0.70795,0.5904,0.82194
Cathode Width (mm),KLAQ34T018477,2159,1/30/2024 19:02,57.888,57.88818,57.72961,57.9891
Core Area (mm²),KLAQ34T018464,2160,1/30/2024 19:12,13.377,13.38063,13.3319,13.41723
Anode Overhang (All) (mm),KLAQ34T018464,2160,1/30/2024 19:12,0.729,0.7344,0.6048,0.83632
Anode Overhang (Top) (mm),KLAQ34T018464,2160,1/30/2024 19:12,0.754,0.74935,0.64816,0.8357
Anode Overhang (Bottom) (mm),KLAQ34T018464,2160,1/30/2024 19:12,0.702,0.7056,0.6048,0.83632
Cathode Width (mm),KLAQ34T018464,2160,1/30/2024 19:12,57.888,57.9024,57.72961,58.00331
Core Area (mm²),KLAQ34T018495,2161,1/30/2024 19:21,13.396,13.3938,13.32112,13.43859
Anode Overhang (All) (mm),KLAQ34T018495,2161,1/30/2024 19:21,0.728,0.73454,0.576,0.88264
Anode Overhang (Top) (mm),KLAQ34T018495,2161,1/30/2024 19:21,0.696,0.69494,0.576,0.8357
Anode Overhang (Bottom) (mm),KLAQ34T018495,2161,1/30/2024 19:21,0.76,0.7632,0.5904,0.88264
Cathode Width (mm),KLAQ34T018495,2161,1/30/2024 19:21,57.888,57.9024,57.74402,58.00329
Core Area (mm²),LLAQ21T037002,2162,1/30/2024 19:31,13.442,13.44657,13.37078,13.50245
Anode Overhang (All) (mm),LLAQ21T037002,2162,1/30/2024 19:31,0.724,0.72129,0.5616,0.87887
Anode Overhang (Top) (mm),LLAQ21T037002,2162,1/30/2024 19:31,0.698,0.6936,0.5904,0.87887
Anode Overhang (Bottom) (mm),LLAQ21T037002,2162,1/30/2024 19:31,0.751,0.75101,0.5616,0.87852
Cathode Width (mm),LLAQ21T037002,2162,1/30/2024 19:31,57.898,57.90243,57.7584,57.98915
Core Area (mm²),KLAQ34T025514,2163,1/30/2024 19:41,13.149,13.13916,13.09966,13.24865
Anode Overhang (All) (mm),KLAQ34T025514,2163,1/30/2024 19:41,0.718,0.72,0.6336,0.80653
Anode Overhang (Top) (mm),KLAQ34T025514,2163,1/30/2024 19:41,0.739,0.72517,0.67741,0.80653
Anode Overhang (Bottom) (mm),KLAQ34T025514,2163,1/30/2024 19:41,0.697,0.70575,0.6336,0.76537
Cathode Width (mm),KLAQ34T025514,2163,1/30/2024 19:41,57.901,57.90242,57.7296,58.01778
Core Area (mm²),KLAQ31T085134,2164,1/30/2024 19:50,13.078,13.07975,13.04512,13.11407
Anode Overhang (All) (mm),KLAQ31T085134,2164,1/30/2024 19:50,0.707,0.71287,0.4896,0.92171
Anode Overhang (Top) (mm),KLAQ31T085134,2164,1/30/2024 19:50,0.824,0.8208,0.69195,0.92171
Anode Overhang (Bottom) (mm),KLAQ31T085134,2164,1/30/2024 19:50,0.589,0.60497,0.4896,0.73454
Cathode Width (mm),KLAQ31T085134,2164,1/30/2024 19:50,57.895,57.88804,57.7584,58.00322
Core Area (mm²),KLAQ34T018432,2165,1/30/2024 20:00,13.416,13.42262,13.33138,13.51127
Anode Overhang (All) (mm),KLAQ34T018432,2165,1/30/2024 20:00,0.73,0.73454,0.5616,0.89292
Anode Overhang (Top) (mm),KLAQ34T018432,2165,1/30/2024 20:00,0.762,0.76537,0.6336,0.89292
Anode Overhang (Bottom) (mm),KLAQ34T018432,2165,1/30/2024 20:00,0.697,0.6918,0.5616,0.82131
Cathode Width (mm),KLAQ34T018432,2165,1/30/2024 20:00,57.887,57.89543,57.744,58.00338
Core Area (mm²),KLAQ34T018562,2166,1/30/2024 20:10,13.609,13.60302,13.54164,13.687
Anode Overhang (All) (mm),KLAQ34T018562,2166,1/30/2024 20:10,0.716,0.72,0.5616,0.87946
Anode Overhang (Top) (mm),KLAQ34T018562,2166,1/30/2024 20:10,0.78,0.75101,0.6918,0.87946
Anode Overhang (Bottom) (mm),KLAQ34T018562,2166,1/30/2024 20:10,0.652,0.67695,0.5616,0.73496
Cathode Width (mm),KLAQ34T018562,2166,1/30/2024 20:10,57.917,57.91702,57.7872,58.01782
Anode Overhang (All) (mm),KLAQ34T018436,2167,1/30/2024 20:19,0.73,0.7344,0.5904,0.86448
Anode Overhang (Top) (mm),KLAQ34T018436,2167,1/30/2024 20:19,0.726,0.73454,0.6048,0.86448
Anode Overhang (Bottom) (mm),KLAQ34T018436,2167,1/30/2024 20:19,0.733,0.7223,0.5904,0.85009
Cathode Width (mm),KLAQ34T018436,2167,1/30/2024 20:19,57.895,57.90241,57.7728,58.00323
Core Area (mm²),KLAQ34T018436,2167,1/30/2024 20:19,13.503,13.50494,13.44605,13.5489
Core Area (mm²),LLAQ21T066537,2168,1/30/2024 20:29,13.206,13.20894,13.14818,13.27457
Anode Overhang (All) (mm),LLAQ21T066537,2168,1/30/2024 20:29,0.712,0.70795,0.60634,0.80691
Anode Overhang (Top) (mm),LLAQ21T066537,2168,1/30/2024 20:29,0.726,0.72058,0.61937,0.80691
Anode Overhang (Bottom) (mm),LLAQ21T066537,2168,1/30/2024 20:29,0.697,0.7056,0.60634,0.80691
Cathode Width (mm),LLAQ21T066537,2168,1/30/2024 20:29,57.895,57.90244,57.74402,58.0032
Core Area (mm²),LLAQ21T066504,2169,1/30/2024 20:39,13.208,13.20665,13.14486,13.27052
Anode Overhang (All) (mm),LLAQ21T066504,2169,1/30/2024 20:39,0.709,0.70655,0.504,0.92205
Anode Overhang (Top) (mm),LLAQ21T066504,2169,1/30/2024 20:39,0.789,0.77773,0.63376,0.92205
Anode Overhang (Bottom) (mm),LLAQ21T066504,2169,1/30/2024 20:39,0.629,0.63621,0.504,0.79213
Cathode Width (mm),LLAQ21T066504,2169,1/30/2024 20:39,57.885,57.87395,57.672,57.9892
Core Area (mm²),KLAQ34T018515,2170,1/30/2024 20:48,13.357,13.35844,13.29458,13.40572
Anode Overhang (All) (mm),KLAQ34T018515,2170,1/30/2024 20:48,0.725,0.7344,0.6192,0.82194
Anode Overhang (Top) (mm),KLAQ34T018515,2170,1/30/2024 20:48,0.73,0.73666,0.6192,0.82194
Anode Overhang (Bottom) (mm),KLAQ34T018515,2170,1/30/2024 20:48,0.72,0.72014,0.6192,0.82093
Cathode Width (mm),KLAQ34T018515,2170,1/30/2024 20:48,57.894,57.90243,57.744,58.00323
Core Area (mm²),KLAQ33T009555,2171,1/30/2024 20:58,13.222,13.22749,13.13439,13.27985
Anode Overhang (All) (mm),KLAQ33T009555,2171,1/30/2024 20:58,0.723,0.72058,0.6048,0.8357
Anode Overhang (Top) (mm),KLAQ33T009555,2171,1/30/2024 20:58,0.743,0.74894,0.64816,0.8357
Anode Overhang (Bottom) (mm),KLAQ33T009555,2171,1/30/2024 20:58,0.7,0.69427,0.6048,0.80653
Cathode Width (mm),KLAQ33T009555,2171,1/30/2024 20:58,57.92,57.9313,57.72962,58.03203
Core Area (mm²),LLAQ21T066567,2172,1/30/2024 21:07,13.25,13.24813,13.19038,13.32806
Anode Overhang (All) (mm),LLAQ21T066567,2172,1/30/2024 21:07,0.714,0.72,0.53976,0.87887
Anode Overhang (Top) (mm),LLAQ21T066567,2172,1/30/2024 21:07,0.783,0.7788,0.648,0.87887
Anode Overhang (Bottom) (mm),LLAQ21T066567,2172,1/30/2024 21:07,0.645,0.648,0.53976,0.8496
Cathode Width (mm),LLAQ21T066567,2172,1/30/2024 21:07,57.883,57.87366,57.7152,57.98902
Core Area (mm²),KLAQ31T085052,2173,1/30/2024 21:17,13.147,13.13937,13.0869,13.25518
Anode Overhang (All) (mm),KLAQ31T085052,2173,1/30/2024 21:17,0.706,0.6936,0.57492,0.83632
Anode Overhang (Top) (mm),KLAQ31T085052,2173,1/30/2024 21:17,0.769,0.76442,0.6624,0.83632
Anode Overhang (Bottom) (mm),KLAQ31T085052,2173,1/30/2024 21:17,0.644,0.64864,0.57492,0.72014
Cathode Width (mm),KLAQ31T085052,2173,1/30/2024 21:17,57.897,57.90243,57.77283,58.00322
Anode Overhang (All) (mm),LLAQ23T040258,2174,1/30/2024 21:27,0.718,0.71228,0.5184,0.89292
Anode Overhang (Top) (mm),LLAQ23T040258,2174,1/30/2024 21:27,0.843,0.8496,0.74394,0.89292
Anode Overhang (Bottom) (mm),LLAQ23T040258,2174,1/30/2024 21:27,0.593,0.59058,0.5184,0.68062
Cathode Width (mm),LLAQ23T040258,2174,1/30/2024 21:27,57.921,57.93121,57.74401,58.06081
Core Area (mm²),LLAQ23T040258,2174,1/30/2024 21:27,13.663,13.65756,13.59587,13.78612
Core Area (mm²),KLAQ34T029585,2175,1/30/2024 21:36,13.138,13.13014,12.98354,13.3178
Anode Overhang (All) (mm),KLAQ34T029585,2175,1/30/2024 21:36,0.717,0.71486,0.52417,0.91005
Anode Overhang (Top) (mm),KLAQ34T029585,2175,1/30/2024 21:36,0.604,0.60497,0.52417,0.65199
Anode Overhang (Bottom) (mm),KLAQ34T029585,2175,1/30/2024 21:36,0.829,0.8352,0.77773,0.91005
Cathode Width (mm),KLAQ34T029585,2175,1/30/2024 21:36,57.939,57.93134,57.75843,58.04666
Core Area (mm²),KLAQ34T018446,2176,1/30/2024 21:46,13.601,13.60676,13.50069,13.69706
Anode Overhang (All) (mm),KLAQ34T018446,2176,1/30/2024 21:46,0.724,0.72129,0.5616,0.89384
Anode Overhang (Top) (mm),KLAQ34T018446,2176,1/30/2024 21:46,0.691,0.69255,0.5616,0.89326
Anode Overhang (Bottom) (mm),KLAQ34T018446,2176,1/30/2024 21:46,0.757,0.7632,0.5616,0.89384
Cathode Width (mm),KLAQ34T018446,2176,1/30/2024 21:46,57.875,57.888,57.7296,57.9888
Core Area (mm²),KLAQ34T018516,2177,1/30/2024 21:56,13.344,13.34268,13.2446,13.42988
Anode Overhang (All) (mm),KLAQ34T018516,2177,1/30/2024 21:56,0.728,0.72466,0.576,0.87946
Anode Overhang (Top) (mm),KLAQ34T018516,2177,1/30/2024 21:56,0.708,0.7161,0.576,0.87887
Anode Overhang (Bottom) (mm),KLAQ34T018516,2177,1/30/2024 21:56,0.747,0.73666,0.576,0.87946
Cathode Width (mm),KLAQ34T018516,2177,1/30/2024 21:56,57.892,57.88835,57.7584,57.98889
Core Area (mm²),KLAQ31T085142,2178,1/30/2024 22:05,13.192,13.2078,13.11562,13.24346
Anode Overhang (All) (mm),KLAQ31T085142,2178,1/30/2024 22:05,0.71,0.72014,0.57058,0.83532
Anode Overhang (Top) (mm),KLAQ31T085142,2178,1/30/2024 22:05,0.777,0.7776,0.70575,0.83532
Anode Overhang (Bottom) (mm),KLAQ31T085142,2178,1/30/2024 22:05,0.643,0.64864,0.57058,0.74894
Cathode Width (mm),KLAQ31T085142,2178,1/30/2024 22:05,57.894,57.88826,57.75843,58.00323
Core Area (mm²),LLAQ21T036936,2179,1/30/2024 22:15,13.371,13.3742,13.29146,13.42946
Anode Overhang (All) (mm),LLAQ21T036936,2179,1/30/2024 22:15,0.725,0.72094,0.576,0.86448
Anode Overhang (Top) (mm),LLAQ21T036936,2179,1/30/2024 22:15,0.752,0.75198,0.6336,0.86448
Anode Overhang (Bottom) (mm),LLAQ21T036936,2179,1/30/2024 22:15,0.696,0.69255,0.576,0.80653
Cathode Width (mm),LLAQ21T036936,2179,1/30/2024 22:15,57.892,57.90241,57.7584,58.0035
Core Area (mm²),LLAQ21T036852,2180,1/30/2024 22:25,13.381,13.37648,13.2869,13.4784
Anode Overhang (All) (mm),LLAQ21T036852,2180,1/30/2024 22:25,0.719,0.72273,0.5328,0.9072
Anode Overhang (Top) (mm),LLAQ21T036852,2180,1/30/2024 22:25,0.699,0.69494,0.5616,0.9072
Anode Overhang (Bottom) (mm),LLAQ21T036852,2180,1/30/2024 22:25,0.74,0.74894,0.5328,0.86508
Cathode Width (mm),LLAQ21T036852,2180,1/30/2024 22:25,57.901,57.90286,57.7584,57.9892
Core Area (mm²),KLAQ34T018420,2181,1/30/2024 22:34,13.414,13.41059,13.34248,13.51178
Anode Overhang (All) (mm),KLAQ34T018420,2181,1/30/2024 22:34,0.731,0.7223,0.56326,0.87946
Anode Overhang (Top) (mm),KLAQ34T018420,2181,1/30/2024 22:34,0.738,0.74338,0.56583,0.87946
Anode Overhang (Bottom) (mm),KLAQ34T018420,2181,1/30/2024 22:34,0.723,0.70926,0.56326,0.87887
Cathode Width (mm),KLAQ34T018420,2181,1/30/2024 22:34,57.872,57.88801,57.72961,57.97449
Core Area (mm²),KLAQ34T029411,2182,1/30/2024 22:44,12.934,12.9093,12.81371,13.06233
Anode Overhang (All) (mm),KLAQ34T029411,2182,1/30/2024 22:44,0.72,0.72014,0.576,0.85265
Anode Overhang (Top) (mm),KLAQ34T029411,2182,1/30/2024 22:44,0.653,0.64816,0.576,0.73496
Anode Overhang (Bottom) (mm),KLAQ34T029411,2182,1/30/2024 22:44,0.786,0.792,0.7056,0.85265
Cathode Width (mm),KLAQ34T029411,2182,1/30/2024 22:44,57.939,57.9456,57.8016,58.06081
Core Area (mm²),KLAQ34T028234,2969,2/19/2024 13:43,13.202,13.19183,13.11106,13.35305
Anode Overhang (All) (mm),KLAQ34T028234,2969,2/19/2024 13:43,0.717,0.72716,0.54739,0.87887
Anode Overhang (Top) (mm),KLAQ34T028234,2969,2/19/2024 13:43,0.8,0.79252,0.6624,0.87887
Anode Overhang (Bottom) (mm),KLAQ34T028234,2969,2/19/2024 13:43,0.634,0.63507,0.54739,0.7776
Cathode Width (mm),KLAQ34T028234,2969,2/19/2024 13:43,57.892,57.9024,57.7584,58.00342
Anode Overhang (All) (mm),LLAQ21T062743,2970,2/19/2024 13:53,0.717,0.72014,0.5616,0.87852
Anode Overhang (Top) (mm),LLAQ21T062743,2970,2/19/2024 13:53,0.788,0.77813,0.6912,0.87852
Anode Overhang (Bottom) (mm),LLAQ21T062743,2970,2/19/2024 13:53,0.646,0.65055,0.5616,0.77773
Cathode Width (mm),LLAQ21T062743,2970,2/19/2024 13:53,57.91,57.91681,57.72962,58.01782
Core Area (mm²),LLAQ21T062743,2970,2/19/2024 13:53,13.374,13.37586,13.30868,13.42874
Core Area (mm²),KLAQ34T016809,2971,2/19/2024 14:02,13.354,13.35585,13.30494,13.41132
Anode Overhang (All) (mm),KLAQ34T016809,2971,2/19/2024 14:02,0.716,0.72,0.5616,0.86592
Anode Overhang (Top) (mm),KLAQ34T016809,2971,2/19/2024 14:02,0.69,0.6918,0.5616,0.86448
Anode Overhang (Bottom) (mm),KLAQ34T016809,2971,2/19/2024 14:02,0.742,0.74504,0.5616,0.86592
Cathode Width (mm),KLAQ34T016809,2971,2/19/2024 14:02,57.909,57.9168,57.75841,58.0035
Core Area (mm²),KLAQ34T022359,2972,2/19/2024 14:12,13.257,13.25507,13.19463,13.34932
Anode Overhang (All) (mm),KLAQ34T022359,2972,2/19/2024 14:12,0.723,0.71552,0.58531,0.85009
Anode Overhang (Top) (mm),KLAQ34T022359,2972,2/19/2024 14:12,0.788,0.792,0.68229,0.85009
Anode Overhang (Bottom) (mm),KLAQ34T022359,2972,2/19/2024 14:12,0.658,0.66256,0.58531,0.73792
Cathode Width (mm),KLAQ34T022359,2972,2/19/2024 14:12,57.895,57.9024,57.744,58.0176
