metric,sn,scan_id,scan_processed_date,mean,median,min,max
Core Area (mm²),LH1T-1,2280,2/1/2024 17:17,12.222,12.22087,12.18591,12.27439
Anode Overhang (All) (mm),LH1T-1,2280,2/1/2024 17:17,0.551,0.55784,0.28072,0.82066
Cathode Width (mm),LH1T-1,2280,2/1/2024 17:17,64.008,64.0256,63.82885,64.12405
Core Area (mm²),LH1T-2,2281,2/1/2024 17:31,12.379,12.38117,12.33908,12.41587
Anode Overhang (All) (mm),LH1T-2,2281,2/1/2024 17:31,0.54,0.54219,0.3444,0.73873
Cathode Width (mm),LH1T-2,2281,2/1/2024 17:31,64.034,64.0584,63.86162,64.14053
Core Area (mm²),LH1T-3,2282,2/1/2024 17:41,12.327,12.32711,12.26471,12.37297
Anode Overhang (All) (mm),LH1T-3,2282,2/1/2024 17:41,0.573,0.57494,0.4264,0.72235
Cathode Width (mm),LH1T-3,2282,2/1/2024 17:41,64.038,64.05842,63.86162,64.15685
Core Area (mm²),LH1T-4,2283,2/1/2024 17:50,12.247,12.24723,12.11719,12.4125
Anode Overhang (All) (mm),LH1T-4,2283,2/1/2024 17:50,0.567,0.57423,0.4756,0.65784
Cathode Width (mm),LH1T-4,2283,2/1/2024 17:50,64.025,64.04201,63.878,64.15705
Core Area (mm²),LH1T-5,2284,2/1/2024 17:59,12.271,12.2709,12.20339,12.35414
Anode Overhang (All) (mm),LH1T-5,2284,2/1/2024 17:59,0.562,0.55784,0.3936,0.72235
Cathode Width (mm),LH1T-5,2284,2/1/2024 17:59,64.036,64.05842,63.87802,64.15693
Anode Overhang (All) (mm),LH1T-6,2285,2/1/2024 18:09,0.555,0.5576,0.4756,0.64483
Cathode Width (mm),LH1T-6,2285,2/1/2024 18:09,64.025,64.04202,63.8616,64.14053
Core Area (mm²),LH1T-6,2285,2/1/2024 18:09,12.287,12.30411,12.16829,12.41197
Core Area (mm²),LH1T-7,2286,2/1/2024 18:18,12.318,12.32523,12.23539,12.37176
Anode Overhang (All) (mm),LH1T-7,2286,2/1/2024 18:18,0.561,0.55784,0.40801,0.70995
Cathode Width (mm),LH1T-7,2286,2/1/2024 18:18,64.041,64.05842,63.8616,64.15688
Core Area (mm²),LH1T-8,2287,2/1/2024 18:27,12.32,12.32563,12.23176,12.38507
Anode Overhang (All) (mm),LH1T-8,2287,2/1/2024 18:27,0.555,0.54219,0.4264,0.67738
Cathode Width (mm),LH1T-8,2287,2/1/2024 18:27,64.037,64.0421,63.86161,64.1733
Core Area (mm²),LH1T-9,2288,2/1/2024 18:37,12.284,12.29053,12.21253,12.3337
Anode Overhang (All) (mm),LH1T-9,2288,2/1/2024 18:37,0.549,0.55784,0.4428,0.65682
Cathode Width (mm),LH1T-9,2288,2/1/2024 18:37,64.039,64.0584,63.8616,64.1733
Core Area (mm²),LH1T-10,2289,2/1/2024 18:46,12.374,12.39435,12.25826,12.43631
Anode Overhang (All) (mm),LH1T-10,2289,2/1/2024 18:46,0.576,0.5904,0.2788,0.85343
Cathode Width (mm),LH1T-10,2289,2/1/2024 18:46,64.069,64.09126,63.89445,64.20603
Core Area (mm²),LH1T-11,2290,2/1/2024 18:55,12.414,12.41829,12.37754,12.44532
Anode Overhang (All) (mm),LH1T-11,2290,2/1/2024 18:55,0.585,0.5904,0.4756,0.69192
Cathode Width (mm),LH1T-11,2290,2/1/2024 18:55,64.033,64.0584,63.87802,64.15682
Core Area (mm²),LH1T-12,2291,2/1/2024 19:05,12.29,12.29349,12.22006,12.34163
Anode Overhang (All) (mm),LH1T-12,2291,2/1/2024 19:05,0.581,0.57423,0.41,0.75511
Cathode Width (mm),LH1T-12,2291,2/1/2024 19:05,64.076,64.10761,63.878,64.20601
Core Area (mm²),LH1T-13,2292,2/1/2024 19:14,12.318,12.31891,12.28717,12.3493
Anode Overhang (All) (mm),LH1T-13,2292,2/1/2024 19:14,0.55,0.5576,0.36117,0.73873
Cathode Width (mm),LH1T-13,2292,2/1/2024 19:14,64.038,64.04217,63.9108,64.15693
Core Area (mm²),LH1T-14,2293,2/1/2024 19:23,12.256,12.25718,12.2128,12.29107
Anode Overhang (All) (mm),LH1T-14,2293,2/1/2024 19:23,0.554,0.55784,0.43421,0.6732
Cathode Width (mm),LH1T-14,2293,2/1/2024 19:23,64.036,64.05843,63.8616,64.1569
Core Area (mm²),LH1T-15,2294,2/1/2024 19:32,12.375,12.39381,12.25516,12.48539
Anode Overhang (All) (mm),LH1T-15,2294,2/1/2024 19:32,0.567,0.574,0.43075,0.68958
Cathode Width (mm),LH1T-15,2294,2/1/2024 19:32,64.041,64.05843,63.8616,64.1569
Anode Overhang (All) (mm),LH1T-16,2295,2/1/2024 19:42,0.562,0.574,0.45949,0.66334
Cathode Width (mm),LH1T-16,2295,2/1/2024 19:42,64.04,64.05853,63.8616,64.15697
Core Area (mm²),LH1T-16,2295,2/1/2024 19:42,12.422,12.432,12.3341,12.5022
Core Area (mm²),LH1T-17,2296,2/1/2024 19:51,12.377,12.38225,12.30115,12.47584
Anode Overhang (All) (mm),LH1T-17,2296,2/1/2024 19:51,0.568,0.57423,0.3936,0.73873
Cathode Width (mm),LH1T-17,2296,2/1/2024 19:51,64.037,64.05841,63.86162,64.15721
Core Area (mm²),LH1T-18,2297,2/1/2024 20:00,12.372,12.37875,12.26189,12.45715
Anode Overhang (All) (mm),LH1T-18,2297,2/1/2024 20:00,0.57,0.57423,0.44067,0.68958
Cathode Width (mm),LH1T-18,2297,2/1/2024 20:00,64.037,64.0584,63.8289,64.17341
Core Area (mm²),LH1T-19,2298,2/1/2024 20:10,12.315,12.31527,12.27802,12.35495
Anode Overhang (All) (mm),LH1T-19,2298,2/1/2024 20:10,0.549,0.5576,0.41131,0.6732
Cathode Width (mm),LH1T-19,2298,2/1/2024 20:10,64.039,64.05845,63.8944,64.17333
Core Area (mm²),LH1T-20,2299,2/1/2024 20:19,12.249,12.25799,12.18792,12.30626
Anode Overhang (All) (mm),LH1T-20,2299,2/1/2024 20:19,0.562,0.57423,0.3116,0.82066
Cathode Width (mm),LH1T-20,2299,2/1/2024 20:19,64.036,64.05841,63.87801,64.15715
Core Area (mm²),LH1T-21,2300,2/1/2024 20:28,12.284,12.28919,12.17932,12.4117
Anode Overhang (All) (mm),LH1T-21,2300,2/1/2024 20:28,0.559,0.56622,0.328,0.79333
Cathode Width (mm),LH1T-21,2300,2/1/2024 20:28,64.025,64.04202,63.8616,64.17321
Core Area (mm²),LH1T-22,2301,2/1/2024 20:38,12.404,12.40605,12.34553,12.47329
Anode Overhang (All) (mm),LH1T-22,2301,2/1/2024 20:38,0.551,0.5576,0.43939,0.6724
Cathode Width (mm),LH1T-22,2301,2/1/2024 20:38,64.021,64.02561,63.86168,64.1568
Core Area (mm²),LH1T-23,2302,2/1/2024 20:47,12.146,12.13386,12.02897,12.30411
Anode Overhang (All) (mm),LH1T-23,2302,2/1/2024 20:47,0.579,0.57494,0.43761,0.72328
Cathode Width (mm),LH1T-23,2302,2/1/2024 20:47,64.03,64.04208,63.87808,64.1568
Core Area (mm²),LH1T-24,2303,2/1/2024 20:56,12.261,12.27345,12.14085,12.37418
Anode Overhang (All) (mm),LH1T-24,2303,2/1/2024 20:56,0.556,0.55784,0.3116,0.80427
Cathode Width (mm),LH1T-24,2303,2/1/2024 20:56,64.044,64.05868,63.8944,64.17328
Anode Overhang (All) (mm),LH1T-25,2304,2/1/2024 21:05,0.556,0.55784,0.40979,0.70596
Cathode Width (mm),LH1T-25,2304,2/1/2024 21:05,64.037,64.05841,63.86163,64.15697
Core Area (mm²),LH1T-25,2304,2/1/2024 21:05,12.355,12.36584,12.28112,12.47262
Core Area (mm²),LH1T-26,2305,2/1/2024 21:15,12.348,12.35656,12.2479,12.45097
Anode Overhang (All) (mm),LH1T-26,2305,2/1/2024 21:15,0.566,0.574,0.4592,0.67559
Cathode Width (mm),LH1T-26,2305,2/1/2024 21:15,64.028,64.05842,63.8452,64.14057
Core Area (mm²),LH1T-27,2306,2/1/2024 21:24,12.348,12.35508,12.26686,12.40672
Anode Overhang (All) (mm),LH1T-27,2306,2/1/2024 21:24,0.558,0.55784,0.328,0.78788
Cathode Width (mm),LH1T-27,2306,2/1/2024 21:24,64.048,64.05861,63.9108,64.18962
Core Area (mm²),LH1T-28,2307,2/1/2024 21:33,12.417,12.4316,12.31649,12.50543
Anode Overhang (All) (mm),LH1T-28,2307,2/1/2024 21:33,0.565,0.55784,0.42256,0.70995
Cathode Width (mm),LH1T-28,2307,2/1/2024 21:33,64.038,64.05842,63.8781,64.17333
Core Area (mm²),LH1T-29,2308,2/1/2024 21:42,12.368,12.37808,12.2514,12.44922
Anode Overhang (All) (mm),LH1T-29,2308,2/1/2024 21:42,0.564,0.55856,0.4592,0.6726
Cathode Width (mm),LH1T-29,2308,2/1/2024 21:42,64.035,64.04215,63.87802,64.17325
Core Area (mm²),LH1T-30,2309,2/1/2024 21:52,12.303,12.30761,12.20204,12.42313
Anode Overhang (All) (mm),LH1T-30,2309,2/1/2024 21:52,0.552,0.55784,0.328,0.78788
Cathode Width (mm),LH1T-30,2309,2/1/2024 21:52,64.04,64.0584,63.8781,64.1568
Core Area (mm²),LH1T-31,2310,2/1/2024 22:01,12.485,12.49279,12.39031,12.57872
Anode Overhang (All) (mm),LH1T-31,2310,2/1/2024 22:01,0.565,0.55856,0.4264,0.70596
Cathode Width (mm),LH1T-31,2310,2/1/2024 22:01,64.027,64.04203,63.878,64.15683
Core Area (mm²),LH1T-32,2311,2/1/2024 22:10,12.582,12.57576,12.47423,12.71589
Anode Overhang (All) (mm),LH1T-32,2311,2/1/2024 22:10,0.556,0.54219,0.3936,0.73873
Cathode Width (mm),LH1T-32,2311,2/1/2024 22:10,64.033,64.04201,63.89441,64.14048
Core Area (mm²),LH1T-33,2312,2/1/2024 22:19,12.538,12.53972,12.46818,12.62875
Anode Overhang (All) (mm),LH1T-33,2312,2/1/2024 22:19,0.568,0.56145,0.3772,0.75725
Cathode Width (mm),LH1T-33,2312,2/1/2024 22:19,64.028,64.04205,63.8616,64.14045
Anode Overhang (All) (mm),LH1T-34,2313,2/1/2024 22:29,0.57,0.57494,0.41,0.74091
Cathode Width (mm),LH1T-34,2313,2/1/2024 22:29,64.026,64.04205,63.878,64.12405
Core Area (mm²),LH1T-34,2313,2/1/2024 22:29,12.652,12.64852,12.52883,12.79523
Core Area (mm²),LH1T-35,2314,2/1/2024 22:38,12.525,12.52453,12.46455,12.61449
Anode Overhang (All) (mm),LH1T-35,2314,2/1/2024 22:38,0.567,0.574,0.4756,0.66334
Cathode Width (mm),LH1T-35,2314,2/1/2024 22:38,64.029,64.04203,63.8616,64.15682
Core Area (mm²),LH1T-36,2315,2/1/2024 22:47,12.42,12.42098,12.38198,12.45688
Anode Overhang (All) (mm),LH1T-36,2315,2/1/2024 22:47,0.554,0.55856,0.328,0.80427
Cathode Width (mm),LH1T-36,2315,2/1/2024 22:47,64.022,64.02563,63.86161,64.14043
Core Area (mm²),LH1T-37,2316,2/1/2024 22:56,12.472,12.46737,12.39838,12.5962
Anode Overhang (All) (mm),LH1T-37,2316,2/1/2024 22:56,0.564,0.5636,0.3608,0.77097
Cathode Width (mm),LH1T-37,2316,2/1/2024 22:56,64.045,64.05842,63.9108,64.17322
Core Area (mm²),LH1T-38,2317,2/1/2024 23:06,12.493,12.49776,12.44599,12.52157
Anode Overhang (All) (mm),LH1T-38,2317,2/1/2024 23:06,0.566,0.56622,0.4264,0.70691
Cathode Width (mm),LH1T-38,2317,2/1/2024 23:06,64.032,64.04208,63.8616,64.1568
Core Area (mm²),LH1T-39,2318,2/1/2024 23:15,12.716,12.70607,12.63816,12.85145
Anode Overhang (All) (mm),LH1T-39,2318,2/1/2024 23:15,0.572,0.5904,0.3608,0.77097
Cathode Width (mm),LH1T-39,2318,2/1/2024 23:15,64.021,64.042,63.84521,64.1241
Core Area (mm²),LH1T-40,2319,2/1/2024 23:24,12.694,12.69115,12.59325,12.82522
Anode Overhang (All) (mm),LH1T-40,2319,2/1/2024 23:24,0.568,0.5761,0.41,0.73873
Cathode Width (mm),LH1T-40,2319,2/1/2024 23:24,64.023,64.042,63.878,64.14053
Core Area (mm²),LH1T-41,2320,2/1/2024 23:33,12.695,12.6972,12.62122,12.78031
Anode Overhang (All) (mm),LH1T-41,2320,2/1/2024 23:33,0.569,0.55784,0.4264,0.73964
Cathode Width (mm),LH1T-41,2320,2/1/2024 23:33,64.022,64.042,63.8616,64.14043
Core Area (mm²),LH1T-42,2321,2/1/2024 23:43,12.692,12.67945,12.60064,12.81473
Anode Overhang (All) (mm),LH1T-42,2321,2/1/2024 23:43,0.571,0.57423,0.4756,0.65682
Cathode Width (mm),LH1T-42,2321,2/1/2024 23:43,64.027,64.04201,63.87803,64.15693
Anode Overhang (All) (mm),LH1T-43,2322,2/1/2024 23:52,0.565,0.56145,0.3608,0.7715
Cathode Width (mm),LH1T-43,2322,2/1/2024 23:52,64.043,64.05841,63.9108,64.15685
Core Area (mm²),LH1T-43,2322,2/1/2024 23:52,12.419,12.41708,12.33935,12.56474
Core Area (mm²),LH1T-44,2323,2/2/2024 0:01,12.478,12.47652,12.34836,12.66412
Anode Overhang (All) (mm),LH1T-44,2323,2/2/2024 0:01,0.557,0.55856,0.3772,0.75458
Cathode Width (mm),LH1T-44,2323,2/2/2024 0:01,64.046,64.05848,63.878,64.17321
Core Area (mm²),LH1T-45,2324,2/2/2024 0:11,12.601,12.59876,12.51162,12.72517
Anode Overhang (All) (mm),LH1T-45,2324,2/2/2024 0:11,0.561,0.54516,0.41,0.72328
Cathode Width (mm),LH1T-45,2324,2/2/2024 0:11,64.031,64.04202,63.87801,64.1568
Core Area (mm²),LH1T-46,2325,2/2/2024 0:20,12.455,12.45836,12.38843,12.52668
Anode Overhang (All) (mm),LH1T-46,2325,2/2/2024 0:20,0.563,0.55977,0.39394,0.74254
Cathode Width (mm),LH1T-46,2325,2/2/2024 0:20,64.027,64.04213,63.84533,64.14065
Core Area (mm²),LH1T-47,2326,2/2/2024 0:29,12.58,12.58397,12.4433,12.74588
Anode Overhang (All) (mm),LH1T-47,2326,2/2/2024 0:29,0.558,0.55856,0.328,0.80377
Cathode Width (mm),LH1T-47,2326,2/2/2024 0:29,64.026,64.04201,63.86162,64.14041
Core Area (mm²),LH1T-48,2327,2/2/2024 0:38,12.576,12.57321,12.51511,12.67434
Anode Overhang (All) (mm),LH1T-48,2327,2/2/2024 0:38,0.563,0.55784,0.39666,0.72235
Cathode Width (mm),LH1T-48,2327,2/2/2024 0:38,64.028,64.04202,63.8944,64.15682
Core Area (mm²),LH1T-49,2328,2/2/2024 0:48,12.837,12.83907,12.73284,12.98082
Anode Overhang (All) (mm),LH1T-49,2328,2/2/2024 0:48,0.573,0.574,0.4428,0.69055
Cathode Width (mm),LH1T-49,2328,2/2/2024 0:48,64.026,64.042,63.878,64.14048
Core Area (mm²),LH1T-50,2329,2/2/2024 0:57,12.688,12.68752,12.61853,12.79497
Anode Overhang (All) (mm),LH1T-50,2329,2/2/2024 0:57,0.558,0.55856,0.41,0.72235
Cathode Width (mm),LH1T-50,2329,2/2/2024 0:57,64.025,64.042,63.8616,64.1404
Core Area (mm²),LH1T-51,2330,2/2/2024 1:06,12.534,12.53488,12.48069,12.59244
Anode Overhang (All) (mm),LH1T-51,2330,2/2/2024 1:06,0.565,0.574,0.41521,0.72328
Cathode Width (mm),LH1T-51,2330,2/2/2024 1:06,64.026,64.042,63.8616,64.1405
Anode Overhang (All) (mm),LH1T-52,2331,2/2/2024 1:15,0.559,0.55784,0.47814,0.64483
Cathode Width (mm),LH1T-52,2331,2/2/2024 1:15,64.027,64.04205,63.86163,64.15688
Core Area (mm²),LH1T-52,2331,2/2/2024 1:15,12.433,12.43604,12.37633,12.48405
Core Area (mm²),LH1T-53,2332,2/2/2024 1:24,12.564,12.56312,12.47477,12.69505
Anode Overhang (All) (mm),LH1T-53,2332,2/2/2024 1:24,0.565,0.5636,0.39496,0.73873
Cathode Width (mm),LH1T-53,2332,2/2/2024 1:24,64.025,64.042,63.86165,64.14057
Core Area (mm²),LH1T-54,2333,2/2/2024 1:34,12.447,12.44532,12.4082,12.48459
Anode Overhang (All) (mm),LH1T-54,2333,2/2/2024 1:34,0.561,0.5693,0.44401,0.6742
Cathode Width (mm),LH1T-54,2333,2/2/2024 1:34,64.022,64.042,63.8616,64.14043
Core Area (mm²),LH1T-55,2334,2/2/2024 1:43,12.678,12.66761,12.60306,12.78031
Anode Overhang (All) (mm),LH1T-55,2334,2/2/2024 1:43,0.572,0.59063,0.3608,0.7715
Cathode Width (mm),LH1T-55,2334,2/2/2024 1:43,64.027,64.04201,63.8616,64.14043
Core Area (mm²),LH1T-56,2335,2/2/2024 1:52,12.405,12.40672,12.28569,12.53892
Anode Overhang (All) (mm),LH1T-56,2335,2/2/2024 1:52,0.562,0.56622,0.36229,0.75511
Cathode Width (mm),LH1T-56,2335,2/2/2024 1:52,64.047,64.0584,63.878,64.15683
Core Area (mm²),LH1T-57,2336,2/2/2024 2:01,12.58,12.58034,12.48741,12.67595
Anode Overhang (All) (mm),LH1T-57,2336,2/2/2024 2:01,0.567,0.57423,0.3772,0.75458
Cathode Width (mm),LH1T-57,2336,2/2/2024 2:01,64.023,64.02572,63.86163,64.1405
Core Area (mm²),LH1T-58,2337,2/2/2024 2:11,12.497,12.50651,12.37767,12.66156
Anode Overhang (All) (mm),LH1T-58,2337,2/2/2024 2:11,0.563,0.55784,0.42672,0.70596
Cathode Width (mm),LH1T-58,2337,2/2/2024 2:11,64.027,64.04221,63.87801,64.15682
Core Area (mm²),LH1T-59,2338,2/2/2024 2:20,12.511,12.50946,12.46979,12.54416
Anode Overhang (All) (mm),LH1T-59,2338,2/2/2024 2:20,0.564,0.55784,0.45949,0.67559
Cathode Width (mm),LH1T-59,2338,2/2/2024 2:20,64.021,64.04201,63.878,64.14045
Core Area (mm²),LH1T-60,2339,2/2/2024 2:29,12.395,12.4004,12.31675,12.46145
Anode Overhang (All) (mm),LH1T-60,2339,2/2/2024 2:29,0.559,0.55784,0.44552,0.65784
Cathode Width (mm),LH1T-60,2339,2/2/2024 2:29,64.035,64.05842,63.878,64.1405
Anode Overhang (All) (mm),LH1T-61,2340,2/2/2024 2:39,0.557,0.55977,0.3116,0.80427
Cathode Width (mm),LH1T-61,2340,2/2/2024 2:39,64.051,64.07481,63.87801,64.15685
Core Area (mm²),LH1T-61,2340,2/2/2024 2:39,12.436,12.43416,12.40551,12.48714
Core Area (mm²),LH1T-62,2341,2/2/2024 2:48,12.725,12.72638,12.61772,12.84392
Anode Overhang (All) (mm),LH1T-62,2341,2/2/2024 2:48,0.557,0.55784,0.4428,0.6742
Cathode Width (mm),LH1T-62,2341,2/2/2024 2:48,64.034,64.0584,63.8944,64.15688
Core Area (mm²),LH1T-63,2342,2/2/2024 2:57,12.506,12.50772,12.4706,12.53609
Anode Overhang (All) (mm),LH1T-63,2342,2/2/2024 2:57,0.558,0.55784,0.3608,0.7715
Cathode Width (mm),LH1T-63,2342,2/2/2024 2:57,64.031,64.04217,63.84541,64.1569
Core Area (mm²),LH1T-64,2343,2/2/2024 3:06,12.497,12.49978,12.44895,12.53757
Anode Overhang (All) (mm),LH1T-64,2343,2/2/2024 3:06,0.561,0.55977,0.45949,0.65927
Cathode Width (mm),LH1T-64,2343,2/2/2024 3:06,64.023,64.042,63.84522,64.14041
Core Area (mm²),LH1T-65,2344,2/2/2024 3:16,12.69,12.68509,12.63251,12.80021
Anode Overhang (All) (mm),LH1T-65,2344,2/2/2024 3:16,0.565,0.574,0.3772,0.756
Cathode Width (mm),LH1T-65,2344,2/2/2024 3:16,64.025,64.042,63.8452,64.14043
Core Area (mm²),LH1T-66,2345,2/2/2024 3:25,12.506,12.50086,12.37781,12.64327
Anode Overhang (All) (mm),LH1T-66,2345,2/2/2024 3:25,0.563,0.55856,0.41,0.72235
Cathode Width (mm),LH1T-66,2345,2/2/2024 3:25,64.031,64.04203,63.8616,64.14041
Core Area (mm²),LH1T-67,2346,2/2/2024 3:34,12.593,12.59647,12.49252,12.72221
Anode Overhang (All) (mm),LH1T-67,2346,2/2/2024 3:34,0.56,0.5576,0.4264,0.69366
Cathode Width (mm),LH1T-67,2346,2/2/2024 3:34,64.025,64.0257,63.8616,64.12402
Core Area (mm²),LH1T-68,2347,2/2/2024 3:43,12.732,12.72208,12.64206,12.87417
Anode Overhang (All) (mm),LH1T-68,2347,2/2/2024 3:43,0.565,0.55784,0.3608,0.77097
Cathode Width (mm),LH1T-68,2347,2/2/2024 3:43,64.017,64.02565,63.878,64.12402
Core Area (mm²),LH1T-69,2348,2/2/2024 3:53,12.62,12.61907,12.54228,12.7409
Anode Overhang (All) (mm),LH1T-69,2348,2/2/2024 3:53,0.559,0.55784,0.3772,0.75511
Cathode Width (mm),LH1T-69,2348,2/2/2024 3:53,64.026,64.04203,63.8944,64.1404
Anode Overhang (All) (mm),LH1T-70,2349,2/2/2024 4:02,0.559,0.56622,0.39394,0.74091
Cathode Width (mm),LH1T-70,2349,2/2/2024 4:02,64.027,64.04202,63.8616,64.15681
Core Area (mm²),LH1T-70,2349,2/2/2024 4:02,12.494,12.50072,12.43362,12.55398
Core Area (mm²),LH1T-71,2350,2/2/2024 4:11,12.729,12.71993,12.62713,12.85723
Anode Overhang (All) (mm),LH1T-71,2350,2/2/2024 4:11,0.571,0.57423,0.37756,0.75725
Cathode Width (mm),LH1T-71,2350,2/2/2024 4:11,64.026,64.04205,63.8452,64.14043
Core Area (mm²),LH1T-72,2351,2/2/2024 4:20,12.573,12.57522,12.47679,12.65793
Anode Overhang (All) (mm),LH1T-72,2351,2/2/2024 4:20,0.564,0.574,0.3936,0.73873
Cathode Width (mm),LH1T-72,2351,2/2/2024 4:20,64.033,64.0584,63.84521,64.1569
Core Area (mm²),LH1T-73,2352,2/2/2024 4:30,12.694,12.68832,12.63897,12.78515
Anode Overhang (All) (mm),LH1T-73,2352,2/2/2024 4:30,0.57,0.59063,0.3444,0.78788
Cathode Width (mm),LH1T-73,2352,2/2/2024 4:30,64.023,64.04203,63.84523,64.14048
Core Area (mm²),LH1T-74,2353,2/2/2024 4:39,12.525,12.52493,12.48216,12.55963
Anode Overhang (All) (mm),LH1T-74,2353,2/2/2024 4:39,0.563,0.55784,0.39394,0.72328
Cathode Width (mm),LH1T-74,2353,2/2/2024 4:39,64.023,64.04201,63.878,64.14061
Core Area (mm²),LH1T-75,2354,2/2/2024 4:48,12.424,12.42111,12.30452,12.5884
Anode Overhang (All) (mm),LH1T-75,2354,2/2/2024 4:48,0.556,0.5576,0.2624,0.85343
Cathode Width (mm),LH1T-75,2354,2/2/2024 4:48,64.043,64.0585,63.91085,64.1569
Core Area (mm²),LH1T-76,2355,2/2/2024 4:57,12.555,12.55653,12.51094,12.59782
Anode Overhang (All) (mm),LH1T-76,2355,2/2/2024 4:57,0.56,0.56622,0.34479,0.77237
Cathode Width (mm),LH1T-76,2355,2/2/2024 4:57,64.024,64.042,63.8616,64.14048
Core Area (mm²),LH1T-77,2356,2/2/2024 5:07,12.472,12.47436,12.4316,12.50624
Anode Overhang (All) (mm),LH1T-77,2356,2/2/2024 5:07,0.564,0.5636,0.40205,0.72458
Cathode Width (mm),LH1T-77,2356,2/2/2024 5:07,64.029,64.04217,63.86163,64.15693
Core Area (mm²),LH1T-78,2357,2/2/2024 5:16,12.552,12.55236,12.47194,12.66923
Anode Overhang (All) (mm),LH1T-78,2357,2/2/2024 5:16,0.558,0.55784,0.34479,0.80427
Cathode Width (mm),LH1T-78,2357,2/2/2024 5:16,64.033,64.04202,63.8616,64.14041
Anode Overhang (All) (mm),LH1T-79,2358,2/2/2024 5:25,0.567,0.57423,0.3936,0.75511
Cathode Width (mm),LH1T-79,2358,2/2/2024 5:25,64.032,64.0584,63.878,64.15683
Core Area (mm²),LH1T-79,2358,2/2/2024 5:25,12.719,12.72114,12.5954,12.85158
Core Area (mm²),LH1T-80,2360,2/2/2024 5:35,12.4,12.40282,12.34473,12.46455
Anode Overhang (All) (mm),LH1T-80,2360,2/2/2024 5:35,0.564,0.55784,0.41521,0.70596
Cathode Width (mm),LH1T-80,2360,2/2/2024 5:35,64.028,64.04202,63.86168,64.14057
Core Area (mm²),LH1T-81,2368,2/2/2024 9:59,12.723,12.72248,12.62054,12.83612
Anode Overhang (All) (mm),LH1T-81,2368,2/2/2024 9:59,0.556,0.5576,0.328,0.80377
Cathode Width (mm),LH1T-81,2368,2/2/2024 9:59,64.024,64.04202,63.8452,64.14061
Core Area (mm²),LH1T-82,2369,2/2/2024 10:08,12.749,12.75476,12.67272,12.86167
Anode Overhang (All) (mm),LH1T-82,2369,2/2/2024 10:08,0.566,0.56145,0.4428,0.68958
Cathode Width (mm),LH1T-82,2369,2/2/2024 10:08,64.027,64.042,63.84522,64.15681
Core Area (mm²),LH1T-83,2370,2/2/2024 10:17,12.509,12.50476,12.43147,12.6426
Anode Overhang (All) (mm),LH1T-83,2370,2/2/2024 10:17,0.561,0.55977,0.3936,0.72624
Cathode Width (mm),LH1T-83,2370,2/2/2024 10:17,64.031,64.04209,63.84525,64.15682
Core Area (mm²),LH1T-84,2371,2/2/2024 10:36,12.686,12.68496,12.63345,12.77681
Anode Overhang (All) (mm),LH1T-84,2371,2/2/2024 10:36,0.562,0.55784,0.4428,0.68958
Cathode Width (mm),LH1T-84,2371,2/2/2024 10:36,64.028,64.04208,63.89441,64.1405
Core Area (mm²),LH1T-85,2372,2/2/2024 10:46,12.351,12.36033,12.27937,12.39919
Anode Overhang (All) (mm),LH1T-85,2372,2/2/2024 10:46,0.56,0.56145,0.46037,0.6732
Cathode Width (mm),LH1T-85,2372,2/2/2024 10:46,64.032,64.04203,63.86161,64.15685
Core Area (mm²),LH1T-86,2373,2/2/2024 10:55,12.562,12.56124,12.51108,12.59943
Anode Overhang (All) (mm),LH1T-86,2373,2/2/2024 10:55,0.562,0.574,0.4264,0.70596
Cathode Width (mm),LH1T-86,2373,2/2/2024 10:55,64.025,64.04203,63.84522,64.14048
Core Area (mm²),LH1T-87,2374,2/2/2024 11:05,12.737,12.73472,12.63561,12.85952
Anode Overhang (All) (mm),LH1T-87,2374,2/2/2024 11:05,0.558,0.55007,0.4592,0.6732
Cathode Width (mm),LH1T-87,2374,2/2/2024 11:05,64.037,64.05843,63.8616,64.1569
Anode Overhang (All) (mm),LH1T-88,2375,2/2/2024 11:14,0.575,0.5761,0.3936,0.75458
Cathode Width (mm),LH1T-88,2375,2/2/2024 11:14,64.023,64.04203,63.84522,64.1407
Core Area (mm²),LH1T-88,2375,2/2/2024 11:14,12.678,12.67622,12.58289,12.80653
Anode Overhang (All) (mm),LH1T-89,2376,2/2/2024 11:23,0.563,0.574,0.41033,0.72328
Cathode Width (mm),LH1T-89,2376,2/2/2024 11:23,64.031,64.04201,63.8616,64.15685
Core Area (mm²),LH1T-89,2376,2/2/2024 11:23,12.35,12.35078,12.31877,12.37673
Core Area (mm²),LH1T-90,2377,2/2/2024 11:33,12.431,12.43241,12.38951,12.47584
Anode Overhang (All) (mm),LH1T-90,2377,2/2/2024 11:33,0.563,0.574,0.41033,0.72328
Cathode Width (mm),LH1T-90,2377,2/2/2024 11:33,64.021,64.042,63.8616,64.14053
Core Area (mm²),LH1T-91,2378,2/2/2024 11:42,12.808,12.80344,12.71414,12.91788
Anode Overhang (All) (mm),LH1T-91,2378,2/2/2024 11:42,0.571,0.57423,0.45033,0.68508
Cathode Width (mm),LH1T-91,2378,2/2/2024 11:42,64.025,64.04202,63.878,64.14065
Core Area (mm²),LH1T-92,2379,2/2/2024 11:52,12.409,12.41681,12.33289,12.49575
Anode Overhang (All) (mm),LH1T-92,2379,2/2/2024 11:52,0.559,0.5636,0.3772,0.73873
Cathode Width (mm),LH1T-92,2379,2/2/2024 11:52,64.048,64.05848,63.878,64.17323
Core Area (mm²),LH1T-93,2380,2/2/2024 12:01,12.427,12.42703,12.38937,12.4632
Anode Overhang (All) (mm),LH1T-93,2380,2/2/2024 12:01,0.559,0.56622,0.39394,0.72235
Cathode Width (mm),LH1T-93,2380,2/2/2024 12:01,64.031,64.0421,63.8617,64.14043
Anode Overhang (All) (mm),LH1T-94,2381,2/2/2024 12:10,0.567,0.56622,0.4428,0.68958
Cathode Width (mm),LH1T-94,2381,2/2/2024 12:10,64.027,64.042,63.878,64.14048
Core Area (mm²),LH1T-94,2381,2/2/2024 12:10,12.687,12.68846,12.57254,12.81742
Core Area (mm²),LH1T-95,2383,2/2/2024 12:20,12.453,12.45379,12.40497,12.51498
Anode Overhang (All) (mm),LH1T-95,2383,2/2/2024 12:20,0.563,0.56145,0.3772,0.73873
Cathode Width (mm),LH1T-95,2383,2/2/2024 12:20,64.048,64.07488,63.89443,64.17321
Core Area (mm²),LH1T-96,2384,2/2/2024 12:29,12.568,12.56675,12.52412,12.60723
Anode Overhang (All) (mm),LH1T-96,2384,2/2/2024 12:29,0.56,0.5636,0.46037,0.65927
Cathode Width (mm),LH1T-96,2384,2/2/2024 12:29,64.034,64.05853,63.86163,64.1569
Core Area (mm²),LH1T-97,2385,2/2/2024 12:39,12.581,12.58101,12.51968,12.64462
Anode Overhang (All) (mm),LH1T-97,2385,2/2/2024 12:39,0.566,0.55977,0.41,0.72235
Cathode Width (mm),LH1T-97,2385,2/2/2024 12:39,64.025,64.04202,63.878,64.14048
Core Area (mm²),LH1T-98,2389,2/2/2024 12:48,12.705,12.70836,12.63466,12.80034
Anode Overhang (All) (mm),LH1T-98,2389,2/2/2024 12:48,0.568,0.57983,0.328,0.80377
Cathode Width (mm),LH1T-98,2389,2/2/2024 12:48,64.027,64.04203,63.878,64.14048
Core Area (mm²),LH1T-99,2390,2/2/2024 12:57,12.764,12.76699,12.6461,12.87902
Anode Overhang (All) (mm),LH1T-99,2390,2/2/2024 12:57,0.56,0.54738,0.4592,0.65682
Cathode Width (mm),LH1T-99,2390,2/2/2024 12:57,64.028,64.04201,63.8944,64.14048
Core Area (mm²),LH1T-100,2391,2/2/2024 13:07,12.591,12.59136,12.50651,12.69357
Anode Overhang (All) (mm),LH1T-100,2391,2/2/2024 13:07,0.565,0.57423,0.3772,0.7715
Cathode Width (mm),LH1T-100,2391,2/2/2024 13:07,64.022,64.02577,63.86161,64.14061
Core Area (mm²),LH1T-101,2392,2/2/2024 13:16,12.462,12.46307,12.4164,12.533
Anode Overhang (All) (mm),LH1T-101,2392,2/2/2024 13:16,0.582,0.5904,0.4264,0.73964
Cathode Width (mm),LH1T-101,2392,2/2/2024 13:16,64.035,64.05843,63.91116,64.14061
Core Area (mm²),LH1T-102,2393,2/2/2024 13:25,12.483,12.46912,12.42689,12.59338
Anode Overhang (All) (mm),LH1T-102,2393,2/2/2024 13:25,0.561,0.55784,0.5084,0.62514
Cathode Width (mm),LH1T-102,2393,2/2/2024 13:25,64.067,64.1076,63.87801,64.18968
Core Area (mm²),LH1T-103,2436,2/2/2024 13:49,12.377,12.37942,12.33585,12.41304
Anode Overhang (All) (mm),LH1T-103,2436,2/2/2024 13:49,0.582,0.5904,0.42672,0.73873
Cathode Width (mm),LH1T-103,2436,2/2/2024 13:49,64.035,64.05842,63.8944,64.15705
Core Area (mm²),LH1T-104,2437,2/2/2024 14:49,12.294,12.29833,12.23781,12.36718
Anode Overhang (All) (mm),LH1T-104,2437,2/2/2024 14:49,0.583,0.5904,0.5084,0.65682
Cathode Width (mm),LH1T-104,2437,2/2/2024 14:49,64.025,64.042,63.878,64.15682
Core Area (mm²),LH1T-105,2438,2/2/2024 14:58,12.33,12.34553,12.23149,12.45164
Anode Overhang (All) (mm),LH1T-105,2438,2/2/2024 14:58,0.56,0.5576,0.3116,0.82016
Cathode Width (mm),LH1T-105,2438,2/2/2024 14:58,64.033,64.04221,63.87802,64.17345
Anode Overhang (All) (mm),LH1T-106,2439,2/2/2024 15:07,0.557,0.54219,0.4428,0.6742
Cathode Width (mm),LH1T-106,2439,2/2/2024 15:07,64.046,64.05861,63.87801,64.18985
Core Area (mm²),LH1T-106,2439,2/2/2024 15:07,12.307,12.30344,12.25153,12.35723
Core Area (mm²),LH1T-107,2440,2/2/2024 15:16,12.323,12.32442,12.2709,12.37673
Anode Overhang (All) (mm),LH1T-107,2440,2/2/2024 15:16,0.568,0.57423,0.3936,0.73873
Cathode Width (mm),LH1T-107,2440,2/2/2024 15:16,64.034,64.0421,63.8616,64.15701
Core Area (mm²),LH1T-108,2441,2/2/2024 15:26,12.464,12.46616,12.41909,12.51054
Anode Overhang (All) (mm),LH1T-108,2441,2/2/2024 15:26,0.559,0.5693,0.31546,0.80427
Cathode Width (mm),LH1T-108,2441,2/2/2024 15:26,64.016,64.02593,63.8783,64.14061
Core Area (mm²),LH1T-109,2442,2/2/2024 15:35,12.394,12.4008,12.31864,12.44451
Anode Overhang (All) (mm),LH1T-109,2442,2/2/2024 15:35,0.554,0.55784,0.41,0.68958
Cathode Width (mm),LH1T-109,2442,2/2/2024 15:35,64.039,64.05842,63.8944,64.15705
Core Area (mm²),LH1T-110,2443,2/2/2024 15:45,12.219,12.23486,12.11651,12.30223
Anode Overhang (All) (mm),LH1T-110,2443,2/2/2024 15:45,0.55,0.55856,0.3772,0.73873
Cathode Width (mm),LH1T-110,2443,2/2/2024 15:45,64.041,64.05861,63.8616,64.15705
Core Area (mm²),LH1T-111,2444,2/2/2024 15:54,12.411,12.41129,12.35696,12.44814
Anode Overhang (All) (mm),LH1T-111,2444,2/2/2024 15:54,0.566,0.57423,0.41,0.72328
Cathode Width (mm),LH1T-111,2444,2/2/2024 15:54,64.042,64.05887,63.89465,64.17328
Core Area (mm²),LH1T-112,2445,2/2/2024 16:04,12.335,12.34378,12.23365,12.42057
Anode Overhang (All) (mm),LH1T-112,2445,2/2/2024 16:04,0.564,0.55784,0.328,0.80427
Cathode Width (mm),LH1T-112,2445,2/2/2024 16:04,64.036,64.05842,63.86163,64.15688
Core Area (mm²),LH1T-113,2446,2/2/2024 16:13,12.294,12.3064,12.166,12.42999
Anode Overhang (All) (mm),LH1T-113,2446,2/2/2024 16:13,0.565,0.57423,0.3116,0.82066
Cathode Width (mm),LH1T-113,2446,2/2/2024 16:13,64.036,64.05843,63.86162,64.15697
Core Area (mm²),LH1T-114,2447,2/2/2024 16:23,12.317,12.31877,12.25288,12.42259
Anode Overhang (All) (mm),LH1T-114,2447,2/2/2024 16:23,0.541,0.5412,0.43421,0.64044
Cathode Width (mm),LH1T-114,2447,2/2/2024 16:23,64.023,64.042,63.878,64.15697
Anode Overhang (All) (mm),LH1T-115,2448,2/2/2024 16:32,0.553,0.54145,0.43142,0.67559
Cathode Width (mm),LH1T-115,2448,2/2/2024 16:32,64.039,64.05857,63.8944,64.1569
Core Area (mm²),LH1T-115,2448,2/2/2024 16:32,12.359,12.36046,12.32348,12.38736
Core Area (mm²),LH1T-116,2449,2/4/2024 16:46,12.412,12.42649,12.29524,12.53475
Anode Overhang (All) (mm),LH1T-116,2449,2/4/2024 16:46,0.546,0.54145,0.3772,0.72179
Cathode Width (mm),LH1T-116,2449,2/4/2024 16:46,64.024,64.04213,63.87803,64.14057
Core Area (mm²),LH1T-117,2450,2/4/2024 16:56,12.284,12.29067,12.19007,12.38884
Anode Overhang (All) (mm),LH1T-117,2450,2/4/2024 16:56,0.561,0.5636,0.3608,0.75511
Cathode Width (mm),LH1T-117,2450,2/4/2024 16:56,64.029,64.04203,63.87801,64.15683
Core Area (mm²),LH1T-118,2451,2/4/2024 17:05,12.227,12.2401,12.09755,12.33545
Anode Overhang (All) (mm),LH1T-118,2451,2/4/2024 17:05,0.548,0.55324,0.4428,0.6732
Cathode Width (mm),LH1T-118,2451,2/4/2024 17:05,64.107,64.1404,63.89441,64.2061
Anode Overhang (All) (mm),LH1T-119,2452,2/4/2024 17:14,0.565,0.57341,0.44552,0.6732
Cathode Width (mm),LH1T-119,2452,2/4/2024 17:14,64.027,64.0584,63.8616,64.14043
Core Area (mm²),LH1T-119,2452,2/4/2024 17:14,12.479,12.48808,12.4121,12.54429
Core Area (mm²),LH1T-120,2453,2/4/2024 17:23,12.397,12.40255,12.33168,12.44774
Anode Overhang (All) (mm),LH1T-120,2453,2/4/2024 17:23,0.546,0.5576,0.43142,0.66334
Cathode Width (mm),LH1T-120,2453,2/4/2024 17:23,64.034,64.04205,63.878,64.15683
Core Area (mm²),LH1T-121,2454,2/4/2024 17:32,12.35,12.35871,12.25382,12.41735
Anode Overhang (All) (mm),LH1T-121,2454,2/4/2024 17:32,0.56,0.55784,0.41,0.70691
Cathode Width (mm),LH1T-121,2454,2/4/2024 17:32,64.027,64.04221,63.878,64.15683
Core Area (mm²),LH1T-122,2455,2/4/2024 17:42,12.306,12.32603,12.17703,12.38682
Anode Overhang (All) (mm),LH1T-122,2455,2/4/2024 17:42,0.57,0.574,0.4428,0.68958
Cathode Width (mm),LH1T-122,2455,2/4/2024 17:42,64.043,64.05878,63.87801,64.17341
Core Area (mm²),LH1T-123,2456,2/4/2024 17:51,12.323,12.32025,12.26928,12.43644
Anode Overhang (All) (mm),LH1T-123,2456,2/4/2024 17:51,0.55,0.54343,0.34382,0.75458
Cathode Width (mm),LH1T-123,2456,2/4/2024 17:51,64.029,64.04203,63.84525,64.14045
Core Area (mm²),LH1T-124,2457,2/4/2024 18:00,12.303,12.30465,12.2713,12.34768
Anode Overhang (All) (mm),LH1T-124,2457,2/4/2024 18:00,0.59,0.59063,0.492,0.69055
Cathode Width (mm),LH1T-124,2457,2/4/2024 18:00,64.028,64.04213,63.8783,64.14075
Core Area (mm²),LH1T-125,2458,2/4/2024 18:09,12.387,12.3848,12.34943,12.43684
Anode Overhang (All) (mm),LH1T-125,2458,2/4/2024 18:09,0.558,0.574,0.4498,0.6562
Cathode Width (mm),LH1T-125,2458,2/4/2024 18:09,64.019,64.042,63.86173,64.15682
Core Area (mm²),LH1T-126,2459,2/4/2024 18:19,12.373,12.37418,12.32792,12.43927
Anode Overhang (All) (mm),LH1T-126,2459,2/4/2024 18:19,0.567,0.55784,0.39394,0.74254
Cathode Width (mm),LH1T-126,2459,2/4/2024 18:19,64.038,64.05841,63.87801,64.17322
Anode Overhang (All) (mm),LH1T-127,2460,2/4/2024 18:28,0.548,0.5576,0.3444,0.77237
Cathode Width (mm),LH1T-127,2460,2/4/2024 18:28,64.032,64.04205,63.8616,64.14053
Core Area (mm²),LH1T-127,2460,2/4/2024 18:28,12.307,12.31393,12.19357,12.38211
Core Area (mm²),LH1T-128,2461,2/4/2024 18:37,12.422,12.42219,12.36557,12.51915
Anode Overhang (All) (mm),LH1T-128,2461,2/4/2024 18:37,0.587,0.59131,0.4756,0.70995
Cathode Width (mm),LH1T-128,2461,2/4/2024 18:37,64.036,64.05842,63.8288,64.1405
Core Area (mm²),LH1T-129,2462,2/4/2024 18:46,12.375,12.37418,12.3341,12.46993
Anode Overhang (All) (mm),LH1T-129,2462,2/4/2024 18:46,0.551,0.55856,0.246,0.82066
Cathode Width (mm),LH1T-129,2462,2/4/2024 18:46,64.07,64.07485,63.9108,64.2225
Core Area (mm²),LH1T-130,2463,2/4/2024 18:55,12.324,12.32563,12.26686,12.38978
Anode Overhang (All) (mm),LH1T-130,2463,2/4/2024 18:55,0.535,0.54145,0.3116,0.7715
Cathode Width (mm),LH1T-130,2463,2/4/2024 18:55,64.056,64.0748,63.94363,64.15685
Core Area (mm²),LH1T-131,2464,2/4/2024 19:05,12.44,12.4554,12.33948,12.50503
Anode Overhang (All) (mm),LH1T-131,2464,2/4/2024 19:05,0.553,0.5576,0.3444,0.7715
Cathode Width (mm),LH1T-131,2464,2/4/2024 19:05,64.097,64.12402,63.9436,64.2063
Core Area (mm²),LH1T-132,2465,2/4/2024 19:14,12.284,12.28219,12.20204,12.37095
Anode Overhang (All) (mm),LH1T-132,2465,2/4/2024 19:14,0.562,0.55977,0.42766,0.69055
Cathode Width (mm),LH1T-132,2465,2/4/2024 19:14,64.022,64.042,63.89441,64.14053
Core Area (mm²),LH1T-133,2466,2/4/2024 19:23,12.338,12.34715,12.25503,12.42474
Anode Overhang (All) (mm),LH1T-133,2466,2/4/2024 19:23,0.547,0.54145,0.4536,0.65682
Cathode Width (mm),LH1T-133,2466,2/4/2024 19:23,64.023,64.04203,63.8616,64.14057
Core Area (mm²),LH1T-134,2467,2/4/2024 19:32,12.267,12.26673,12.22074,12.31272
Anode Overhang (All) (mm),LH1T-134,2467,2/4/2024 19:32,0.569,0.57494,0.3936,0.73964
Cathode Width (mm),LH1T-134,2467,2/4/2024 19:32,64.044,64.05865,63.8616,64.17355
Core Area (mm²),LH1T-135,2468,2/4/2024 19:42,12.373,12.38722,12.30183,12.43994
Anode Overhang (All) (mm),LH1T-135,2468,2/4/2024 19:42,0.559,0.57423,0.3608,0.75511
Cathode Width (mm),LH1T-135,2468,2/4/2024 19:42,64.03,64.0584,63.8616,64.15688
Core Area (mm²),LH1T-136,2469,2/4/2024 19:51,12.323,12.322,12.26538,12.36813
Anode Overhang (All) (mm),LH1T-136,2469,2/4/2024 19:51,0.56,0.55784,0.32238,0.8051
Cathode Width (mm),LH1T-136,2469,2/4/2024 19:51,64.033,64.04221,63.86161,64.17322
Anode Overhang (All) (mm),LH1T-137,2470,2/4/2024 20:00,0.554,0.56145,0.2624,0.85343
Cathode Width (mm),LH1T-137,2470,2/4/2024 20:00,64.034,64.0584,63.89442,64.1569
Core Area (mm²),LH1T-137,2470,2/4/2024 20:00,12.414,12.41412,12.35858,12.47558
Core Area (mm²),LH1T-138,2471,2/4/2024 20:09,12.392,12.40054,12.30371,12.44384
Anode Overhang (All) (mm),LH1T-138,2471,2/4/2024 20:09,0.569,0.56145,0.3444,0.78874
Cathode Width (mm),LH1T-138,2471,2/4/2024 20:09,64.098,64.124,63.8944,64.22241
Core Area (mm²),LH1T-139,2472,2/4/2024 20:18,12.531,12.52896,12.5014,12.57428
Anode Overhang (All) (mm),LH1T-139,2472,2/4/2024 20:18,0.576,0.5904,0.41,0.73873
Cathode Width (mm),LH1T-139,2472,2/4/2024 20:18,64.039,64.07482,63.87884,64.1733
Core Area (mm²),LH1T-140,2473,2/4/2024 20:28,12.28,12.2826,12.23943,12.31917
Anode Overhang (All) (mm),LH1T-140,2473,2/4/2024 20:28,0.575,0.57423,0.4756,0.6732
Cathode Width (mm),LH1T-140,2473,2/4/2024 20:28,64.052,64.0585,63.878,64.1733
Core Area (mm²),LH1T-141,2474,2/5/2024 10:46,12.333,12.345,12.24817,12.38655
Anode Overhang (All) (mm),LH1T-141,2474,2/5/2024 10:46,0.57,0.57423,0.4592,0.6732
Cathode Width (mm),LH1T-141,2474,2/5/2024 10:46,64.04,64.05842,63.878,64.17355
Core Area (mm²),LH1T-142,2475,2/4/2024 20:40,12.358,12.36866,12.25987,12.47141
Anode Overhang (All) (mm),LH1T-142,2475,2/4/2024 20:40,0.56,0.56145,0.3772,0.73964
Cathode Width (mm),LH1T-142,2475,2/4/2024 20:40,64.036,64.04205,63.878,64.17325
Core Area (mm²),LH1T-143,2476,2/4/2024 20:49,12.525,12.52708,12.47181,12.57536
Anode Overhang (All) (mm),LH1T-143,2476,2/4/2024 20:49,0.563,0.574,0.4592,0.6732
Cathode Width (mm),LH1T-143,2476,2/4/2024 20:49,64.137,64.1569,63.94362,64.27168
Core Area (mm²),LH1T-144,2477,2/4/2024 20:58,12.311,12.31837,12.24091,12.35441
Anode Overhang (All) (mm),LH1T-144,2477,2/4/2024 20:58,0.559,0.55784,0.4264,0.69366
Cathode Width (mm),LH1T-144,2477,2/4/2024 20:58,64.039,64.05865,63.89445,64.1732
Core Area (mm²),LH1T-145,2478,2/4/2024 21:07,12.303,12.30277,12.26148,12.34809
Anode Overhang (All) (mm),LH1T-145,2478,2/4/2024 21:07,0.553,0.54145,0.41521,0.68958
Cathode Width (mm),LH1T-145,2478,2/4/2024 21:07,64.042,64.05842,63.86165,64.1733
Core Area (mm²),LH1T-146,2479,2/4/2024 21:17,12.3,12.31138,12.21522,12.39031
Anode Overhang (All) (mm),LH1T-146,2479,2/4/2024 21:17,0.554,0.55784,0.45744,0.64982
Cathode Width (mm),LH1T-146,2479,2/4/2024 21:17,64.031,64.04213,63.87805,64.15727
Core Area (mm²),LH1T-147,2480,2/4/2024 21:26,12.409,12.41143,12.31864,12.49844
Anode Overhang (All) (mm),LH1T-147,2480,2/4/2024 21:26,0.572,0.57423,0.4756,0.67559
Cathode Width (mm),LH1T-147,2480,2/4/2024 21:26,64.044,64.0587,63.84525,64.1733
Core Area (mm²),LH1T-148,2481,2/4/2024 21:35,12.402,12.40094,12.36221,12.44693
Anode Overhang (All) (mm),LH1T-148,2481,2/4/2024 21:35,0.587,0.5904,0.4428,0.72458
Cathode Width (mm),LH1T-148,2481,2/4/2024 21:35,64.085,64.1077,63.9436,64.20605
Core Area (mm²),LH1T-149,2482,2/4/2024 21:44,12.368,12.37606,12.30855,12.42178
Anode Overhang (All) (mm),LH1T-149,2482,2/4/2024 21:44,0.562,0.55784,0.34479,0.78874
Cathode Width (mm),LH1T-149,2482,2/4/2024 21:44,64.041,64.05845,63.878,64.15693
Core Area (mm²),LH1T-150,2483,2/4/2024 21:54,12.333,12.33572,12.283,12.37229
Anode Overhang (All) (mm),LH1T-150,2483,2/4/2024 21:54,0.557,0.55784,0.4592,0.64044
Cathode Width (mm),LH1T-150,2483,2/4/2024 21:54,64.05,64.0749,63.87808,64.18977
Anode Overhang (All) (mm),LH1T-151,2484,2/4/2024 22:03,0.553,0.5576,0.44067,0.65682
Cathode Width (mm),LH1T-151,2484,2/4/2024 22:03,64.041,64.05853,63.86162,64.17341
Core Area (mm²),LH1T-151,2484,2/4/2024 22:03,12.347,12.35024,12.29214,12.40228
Core Area (mm²),LH1T-152,2485,2/4/2024 22:12,12.428,12.43187,12.35764,12.4741
Anode Overhang (All) (mm),LH1T-152,2485,2/4/2024 22:12,0.548,0.55784,0.4264,0.6732
Cathode Width (mm),LH1T-152,2485,2/4/2024 22:12,64.037,64.0585,63.878,64.17325
Core Area (mm²),LH1T-153,2486,2/4/2024 22:21,12.29,12.28744,12.25543,12.34177
Anode Overhang (All) (mm),LH1T-153,2486,2/4/2024 22:21,0.587,0.59063,0.492,0.689
Cathode Width (mm),LH1T-153,2486,2/4/2024 22:21,64.032,64.04201,63.86162,64.1569
Core Area (mm²),LH1T-154,2487,2/4/2024 22:31,12.334,12.34365,12.24158,12.43819
Anode Overhang (All) (mm),LH1T-154,2487,2/4/2024 22:31,0.555,0.55977,0.3116,0.80427
Cathode Width (mm),LH1T-154,2487,2/4/2024 22:31,64.032,64.04247,63.89487,64.15697
Core Area (mm²),LH1T-155,2488,2/4/2024 22:40,12.432,12.44155,12.33195,12.47504
Anode Overhang (All) (mm),LH1T-155,2488,2/4/2024 22:40,0.572,0.57423,0.2788,0.83704
Cathode Width (mm),LH1T-155,2488,2/4/2024 22:40,64.083,64.124,63.9272,64.20621
Core Area (mm²),LH1T-156,2489,2/4/2024 22:49,12.19,12.19397,12.14933,12.23324
Anode Overhang (All) (mm),LH1T-156,2489,2/4/2024 22:49,0.563,0.55784,0.42323,0.68958
Cathode Width (mm),LH1T-156,2489,2/4/2024 22:49,64.042,64.05875,63.8944,64.17328
Core Area (mm²),LH1T-157,2490,2/4/2024 22:58,12.417,12.42555,12.31138,12.47853
Anode Overhang (All) (mm),LH1T-157,2490,2/4/2024 22:58,0.561,0.55784,0.4428,0.68958
Cathode Width (mm),LH1T-157,2490,2/4/2024 22:58,64.096,64.124,63.9272,64.22248
Core Area (mm²),LH1T-158,2491,2/4/2024 23:08,12.321,12.32321,12.25167,12.39811
Anode Overhang (All) (mm),LH1T-158,2491,2/4/2024 23:08,0.575,0.57423,0.492,0.6724
Cathode Width (mm),LH1T-158,2491,2/4/2024 23:08,64.078,64.10762,63.878,64.20635
Core Area (mm²),LH1T-159,2492,2/4/2024 23:17,12.426,12.43106,12.3107,12.55519
Anode Overhang (All) (mm),LH1T-159,2492,2/4/2024 23:17,0.555,0.5636,0.35421,0.75458
Cathode Width (mm),LH1T-159,2492,2/4/2024 23:17,64.022,64.04205,63.878,64.1241
Anode Overhang (All) (mm),LH1T-160,2493,2/4/2024 23:26,0.558,0.5576,0.328,0.7715
Cathode Width (mm),LH1T-160,2493,2/4/2024 23:26,64.033,64.0584,63.87801,64.14048
Core Area (mm²),LH1T-160,2493,2/4/2024 23:26,12.134,12.13548,12.04228,12.30062
Core Area (mm²),LH1T-161,2494,2/4/2024 23:35,12.308,12.3138,12.20998,12.40269
Anode Overhang (All) (mm),LH1T-161,2494,2/4/2024 23:35,0.562,0.55784,0.41,0.72328
Cathode Width (mm),LH1T-161,2494,2/4/2024 23:35,64.034,64.04254,63.8944,64.14075
Anode Overhang (All) (mm),LH1T-162,2495,2/4/2024 23:45,0.581,0.57494,0.4264,0.73873
Cathode Width (mm),LH1T-162,2495,2/4/2024 23:45,64.033,64.0423,63.91083,64.15715
Core Area (mm²),LH1T-162,2495,2/4/2024 23:45,12.566,12.56554,12.53219,12.61974
Core Area (mm²),LH1T-163,2496,2/4/2024 23:54,12.411,12.41479,12.37862,12.44451
Anode Overhang (All) (mm),LH1T-163,2496,2/4/2024 23:54,0.542,0.54219,0.4428,0.65784
Cathode Width (mm),LH1T-163,2496,2/4/2024 23:54,64.042,64.07481,63.84523,64.14061
Core Area (mm²),LH1T-164,2497,2/5/2024 0:03,12.247,12.26148,12.11692,12.3575
Anode Overhang (All) (mm),LH1T-164,2497,2/5/2024 0:03,0.567,0.574,0.40895,0.72328
Cathode Width (mm),LH1T-164,2497,2/5/2024 0:03,64.04,64.0584,63.878,64.17337
Anode Overhang (All) (mm),LH1T-165,2498,2/5/2024 0:12,0.554,0.54219,0.45791,0.64044
Cathode Width (mm),LH1T-165,2498,2/5/2024 0:12,64.041,64.05841,63.86165,64.17325
Core Area (mm²),LH1T-165,2498,2/5/2024 0:12,12.298,12.29779,12.25489,12.33303
Core Area (mm²),LH1T-166,2499,2/5/2024 0:22,12.334,12.34782,12.2518,12.40551
Anode Overhang (All) (mm),LH1T-166,2499,2/5/2024 0:22,0.56,0.574,0.328,0.8051
Cathode Width (mm),LH1T-166,2499,2/5/2024 0:22,64.046,64.0748,63.8944,64.17322
Core Area (mm²),LH1T-167,2500,2/5/2024 0:31,12.395,12.39664,12.34809,12.45513
Anode Overhang (All) (mm),LH1T-167,2500,2/5/2024 0:31,0.557,0.55784,0.2952,0.84041
Cathode Width (mm),LH1T-167,2500,2/5/2024 0:31,64.043,64.05863,63.8944,64.17323
Core Area (mm²),LH1T-168,2501,2/5/2024 0:40,12.251,12.2522,12.12512,12.37431
Anode Overhang (All) (mm),LH1T-168,2501,2/5/2024 0:40,0.563,0.55784,0.34382,0.78737
Cathode Width (mm),LH1T-168,2501,2/5/2024 0:40,64.031,64.04201,63.86163,64.15685
Core Area (mm²),LH1T-169,2502,2/5/2024 0:50,12.237,12.24723,12.12579,12.37135
Anode Overhang (All) (mm),LH1T-169,2502,2/5/2024 0:50,0.558,0.55784,0.2952,0.82147
Cathode Width (mm),LH1T-169,2502,2/5/2024 0:50,64.046,64.0585,63.87803,64.17361
Core Area (mm²),LH1T-170,2503,2/5/2024 0:59,12.358,12.36503,12.27614,12.42878
Anode Overhang (All) (mm),LH1T-170,2503,2/5/2024 0:59,0.566,0.574,0.4428,0.69366
Cathode Width (mm),LH1T-170,2503,2/5/2024 0:59,64.045,64.05924,63.91085,64.1571
Core Area (mm²),LH1T-171,2504,2/5/2024 1:08,12.372,12.37055,12.30801,12.44693
Anode Overhang (All) (mm),LH1T-171,2504,2/5/2024 1:08,0.557,0.57423,0.3666,0.73873
Cathode Width (mm),LH1T-171,2504,2/5/2024 1:08,64.031,64.04241,63.87802,64.17328
Core Area (mm²),LH1T-172,2505,2/5/2024 1:17,12.341,12.34446,12.28717,12.38507
Anode Overhang (All) (mm),LH1T-172,2505,2/5/2024 1:17,0.568,0.57423,0.4756,0.66111
Cathode Width (mm),LH1T-172,2505,2/5/2024 1:17,64.04,64.0585,63.8616,64.17341
Anode Overhang (All) (mm),LH1T-173,2506,2/5/2024 1:27,0.585,0.59063,0.4756,0.7052
Cathode Width (mm),LH1T-173,2506,2/5/2024 1:27,64.037,64.05848,63.91097,64.14081
Core Area (mm²),LH1T-173,2506,2/5/2024 1:27,12.457,12.43967,12.37969,12.59836
Core Area (mm²),LH1T-174,2507,2/5/2024 1:36,12.294,12.30626,12.19303,12.39475
Anode Overhang (All) (mm),LH1T-174,2507,2/5/2024 1:36,0.552,0.54738,0.328,0.78788
Cathode Width (mm),LH1T-174,2507,2/5/2024 1:36,64.037,64.0584,63.878,64.1733
Core Area (mm²),LH1T-175,2508,2/5/2024 1:45,12.29,12.30855,12.18537,12.36167
Anode Overhang (All) (mm),LH1T-175,2508,2/5/2024 1:45,0.561,0.55784,0.37635,0.73873
Cathode Width (mm),LH1T-175,2508,2/5/2024 1:45,64.04,64.05841,63.8616,64.15693
Core Area (mm²),LH1T-176,2509,2/5/2024 1:54,12.282,12.29255,12.19007,12.35669
Anode Overhang (All) (mm),LH1T-176,2509,2/5/2024 1:54,0.562,0.55784,0.3444,0.78737
Cathode Width (mm),LH1T-176,2509,2/5/2024 1:54,64.044,64.0584,63.878,64.17328
Core Area (mm²),LH1T-177,2510,2/5/2024 2:04,12.367,12.37216,12.31393,12.41963
Anode Overhang (All) (mm),LH1T-177,2510,2/5/2024 2:04,0.565,0.574,0.39394,0.73067
Cathode Width (mm),LH1T-177,2510,2/5/2024 2:04,64.043,64.05853,63.87802,64.17333
Core Area (mm²),LH1T-178,2511,2/5/2024 2:13,12.348,12.35387,12.29591,12.38722
Anode Overhang (All) (mm),LH1T-178,2511,2/5/2024 2:13,0.552,0.55784,0.4264,0.6732
Cathode Width (mm),LH1T-178,2511,2/5/2024 2:13,64.048,64.05887,63.8781,64.17345
Core Area (mm²),LH1T-179,2512,2/5/2024 2:22,12.297,12.29752,12.23163,12.39583
Anode Overhang (All) (mm),LH1T-179,2512,2/5/2024 2:22,0.555,0.55856,0.4428,0.6732
Cathode Width (mm),LH1T-179,2512,2/5/2024 2:22,64.023,64.04202,63.84522,64.12425
Core Area (mm²),LH1T-180,2513,2/5/2024 2:32,12.394,12.39838,12.34594,12.42676
Anode Overhang (All) (mm),LH1T-180,2513,2/5/2024 2:32,0.566,0.574,0.44168,0.69055
Cathode Width (mm),LH1T-180,2513,2/5/2024 2:32,64.041,64.0584,63.878,64.15693
Core Area (mm²),LH1T-181,2514,2/5/2024 2:42,12.29,12.30223,12.20688,12.38467
Anode Overhang (All) (mm),LH1T-181,2514,2/5/2024 2:42,0.571,0.574,0.4592,0.69055
Cathode Width (mm),LH1T-181,2514,2/5/2024 2:42,64.041,64.05853,63.84525,64.17322
Core Area (mm²),LH1T-182,2515,2/5/2024 2:51,12.423,12.42219,12.37377,12.48001
Anode Overhang (All) (mm),LH1T-182,2515,2/5/2024 2:51,0.562,0.55977,0.31332,0.8051
Cathode Width (mm),LH1T-182,2515,2/5/2024 2:51,64.036,64.04225,63.878,64.1571
Anode Overhang (All) (mm),LH1T-183,2516,2/5/2024 3:00,0.554,0.5576,0.36117,0.73873
Cathode Width (mm),LH1T-183,2516,2/5/2024 3:00,64.017,64.02573,63.86162,64.14041
Core Area (mm²),LH1T-183,2516,2/5/2024 3:00,12.394,12.39435,12.34661,12.4515
Core Area (mm²),LH1T-184,2517,2/5/2024 3:09,12.284,12.29134,12.19908,12.35777
Anode Overhang (All) (mm),LH1T-184,2517,2/5/2024 3:09,0.553,0.5576,0.47317,0.63686
Cathode Width (mm),LH1T-184,2517,2/5/2024 3:09,64.031,64.0421,63.878,64.17322
Core Area (mm²),LH1T-185,2518,2/5/2024 3:19,12.385,12.38749,12.29981,12.42434
Anode Overhang (All) (mm),LH1T-185,2518,2/5/2024 3:19,0.564,0.57423,0.40895,0.70824
Cathode Width (mm),LH1T-185,2518,2/5/2024 3:19,64.041,64.05841,63.8944,64.17367
Core Area (mm²),LH1T-186,2519,2/5/2024 3:28,12.507,12.50516,12.44989,12.57993
Anode Overhang (All) (mm),LH1T-186,2519,2/5/2024 3:28,0.574,0.57423,0.45657,0.68958
Cathode Width (mm),LH1T-186,2519,2/5/2024 3:28,64.065,64.09121,63.878,64.17328
Core Area (mm²),LH1T-187,2520,2/5/2024 3:37,12.406,12.40645,12.37593,12.44061
Anode Overhang (All) (mm),LH1T-187,2520,2/5/2024 3:37,0.551,0.5576,0.39394,0.70596
Cathode Width (mm),LH1T-187,2520,2/5/2024 3:37,64.038,64.05843,63.878,64.15693
Anode Overhang (All) (mm),LH1T-188,2521,2/5/2024 3:46,0.572,0.57494,0.40895,0.72328
Cathode Width (mm),LH1T-188,2521,2/5/2024 3:46,64.041,64.05853,63.878,64.17345
Core Area (mm²),LH1T-188,2521,2/5/2024 3:46,12.27,12.29134,12.13964,12.37956
Core Area (mm²),LH1T-189,2522,2/5/2024 3:56,12.51,12.50785,12.47652,12.565
Anode Overhang (All) (mm),LH1T-189,2522,2/5/2024 3:56,0.583,0.57423,0.5084,0.6726
Cathode Width (mm),LH1T-189,2522,2/5/2024 3:56,64.088,64.124,63.9601,64.20613
Core Area (mm²),LH1T-190,2523,2/5/2024 4:05,12.357,12.3571,12.30895,12.39959
Anode Overhang (All) (mm),LH1T-190,2523,2/5/2024 4:05,0.56,0.57423,0.328,0.80427
Cathode Width (mm),LH1T-190,2523,2/5/2024 4:05,64.042,64.05857,63.89441,64.1733
Core Area (mm²),LH1T-191,2524,2/5/2024 4:14,12.328,12.33208,12.26511,12.36947
Anode Overhang (All) (mm),LH1T-191,2524,2/5/2024 4:14,0.557,0.55784,0.4592,0.65927
Cathode Width (mm),LH1T-191,2524,2/5/2024 4:14,64.04,64.0585,63.86165,64.17337
Core Area (mm²),LH1T-192,2525,2/5/2024 4:24,12.305,12.31353,12.23808,12.35427
Anode Overhang (All) (mm),LH1T-192,2525,2/5/2024 4:24,0.55,0.54219,0.45744,0.64982
Cathode Width (mm),LH1T-192,2525,2/5/2024 4:24,64.02,64.042,63.84522,64.14045
Core Area (mm²),LH1T-193,2526,2/5/2024 4:33,12.344,12.34352,12.29752,12.39395
Anode Overhang (All) (mm),LH1T-193,2526,2/5/2024 4:33,0.551,0.54738,0.3772,0.73873
Cathode Width (mm),LH1T-193,2526,2/5/2024 4:33,64.018,64.02577,63.89461,64.12417
Core Area (mm²),LH1T-194,2527,2/5/2024 4:42,12.311,12.32065,12.22181,12.35602
Anode Overhang (All) (mm),LH1T-194,2527,2/5/2024 4:42,0.546,0.55784,0.3936,0.70596
Cathode Width (mm),LH1T-194,2527,2/5/2024 4:42,64.103,64.1404,63.92721,64.20608
Anode Overhang (All) (mm),LH1T-195,2528,2/5/2024 4:52,0.582,0.5904,0.3608,0.82262
Cathode Width (mm),LH1T-195,2528,2/5/2024 4:52,64.031,64.0585,63.89445,64.14075
Core Area (mm²),LH1T-195,2528,2/5/2024 4:52,12.359,12.35683,12.3021,12.44464
Core Area (mm²),LH1T-196,2529,2/5/2024 5:01,12.378,12.39058,12.28555,12.44626
Anode Overhang (All) (mm),LH1T-196,2529,2/5/2024 5:01,0.564,0.57423,0.3772,0.75511
Cathode Width (mm),LH1T-196,2529,2/5/2024 5:01,64.044,64.05891,63.86163,64.15741
Core Area (mm²),LH1T-197,2530,2/5/2024 5:10,12.342,12.35562,12.26619,12.44532
Anode Overhang (All) (mm),LH1T-197,2530,2/5/2024 5:10,0.556,0.55784,0.4264,0.6732
Cathode Width (mm),LH1T-197,2530,2/5/2024 5:10,64.046,64.0748,63.878,64.18973
Core Area (mm²),LH1T-198,2531,2/5/2024 5:19,12.313,12.31164,12.28044,12.3532
Anode Overhang (All) (mm),LH1T-198,2531,2/5/2024 5:19,0.544,0.54145,0.3608,0.72235
Cathode Width (mm),LH1T-198,2531,2/5/2024 5:19,64.04,64.0587,63.8945,64.15721
Anode Overhang (All) (mm),LH1T-199,2532,2/5/2024 5:28,0.552,0.5576,0.46305,0.64044
Cathode Width (mm),LH1T-199,2532,2/5/2024 5:28,64.042,64.05842,63.8944,64.17345
Core Area (mm²),LH1T-199,2532,2/5/2024 5:28,12.263,12.2631,12.22504,12.30277
Core Area (mm²),LH1T-200,2533,2/5/2024 5:37,12.386,12.38857,12.33625,12.46145
Anode Overhang (All) (mm),LH1T-200,2533,2/5/2024 5:37,0.557,0.55856,0.3936,0.72235
Cathode Width (mm),LH1T-200,2533,2/5/2024 5:37,64.017,64.02577,63.878,64.10777
Core Area (mm²),LH1T-201,2534,2/5/2024 5:47,12.622,12.62391,12.51673,12.77237
Anode Overhang (All) (mm),LH1T-201,2534,2/5/2024 5:47,0.562,0.5576,0.4428,0.68958
Cathode Width (mm),LH1T-201,2534,2/5/2024 5:47,64.027,64.04209,63.86161,64.14053
Core Area (mm²),LH1T-202,2535,2/5/2024 5:56,12.417,12.41788,12.35158,12.46899
Anode Overhang (All) (mm),LH1T-202,2535,2/5/2024 5:56,0.557,0.5576,0.41033,0.70995
Cathode Width (mm),LH1T-202,2535,2/5/2024 5:56,64.024,64.04217,63.878,64.14045
Core Area (mm²),LH1T-203,2536,2/5/2024 6:05,12.594,12.57697,12.51162,12.73337
Anode Overhang (All) (mm),LH1T-203,2536,2/5/2024 6:05,0.559,0.5576,0.4264,0.70691
Cathode Width (mm),LH1T-203,2536,2/5/2024 6:05,64.023,64.04202,63.878,64.1241
Core Area (mm²),LH1T-204,2537,2/5/2024 6:14,12.577,12.58383,12.47719,12.69774
Anode Overhang (All) (mm),LH1T-204,2537,2/5/2024 6:14,0.565,0.55784,0.3608,0.7715
Cathode Width (mm),LH1T-204,2537,2/5/2024 6:14,64.026,64.04205,63.84522,64.14061
Core Area (mm²),LH1T-205,2538,2/5/2024 6:23,12.449,12.4507,12.40067,12.50234
Anode Overhang (All) (mm),LH1T-205,2538,2/5/2024 6:23,0.554,0.55784,0.4264,0.689
Cathode Width (mm),LH1T-205,2538,2/5/2024 6:23,64.03,64.04208,63.878,64.1569
Core Area (mm²),LH1T-206,2539,2/5/2024 6:33,12.77,12.76686,12.70769,12.84378
Anode Overhang (All) (mm),LH1T-206,2539,2/5/2024 6:33,0.558,0.5576,0.47588,0.64296
Cathode Width (mm),LH1T-206,2539,2/5/2024 6:33,64.031,64.0584,63.8944,64.15683
Core Area (mm²),LH1T-207,2540,2/5/2024 6:42,12.597,12.59351,12.53233,12.67393
Anode Overhang (All) (mm),LH1T-207,2540,2/5/2024 6:42,0.558,0.54738,0.41,0.70596
Cathode Width (mm),LH1T-207,2540,2/5/2024 6:42,64.028,64.04201,63.8616,64.14057
Core Area (mm²),LH1T-208,2541,2/5/2024 6:51,12.381,12.38803,12.31595,12.42582
Anode Overhang (All) (mm),LH1T-208,2541,2/5/2024 6:51,0.564,0.55856,0.44552,0.67738
Cathode Width (mm),LH1T-208,2541,2/5/2024 6:51,64.026,64.04201,63.87801,64.14045
Core Area (mm²),LH1T-209,2542,2/5/2024 7:00,12.73,12.72019,12.62942,12.85602
Anode Overhang (All) (mm),LH1T-209,2542,2/5/2024 7:00,0.565,0.56622,0.3936,0.74254
Cathode Width (mm),LH1T-209,2542,2/5/2024 7:00,64.027,64.04203,63.87801,64.14045
Core Area (mm²),LH1T-210,2543,2/5/2024 7:09,12.463,12.46952,12.34378,12.58545
Anode Overhang (All) (mm),LH1T-210,2543,2/5/2024 7:09,0.555,0.55784,0.4428,0.6726
Cathode Width (mm),LH1T-210,2543,2/5/2024 7:09,64.044,64.0584,63.86162,64.1568
Core Area (mm²),LH1T-211,2544,2/5/2024 7:19,12.632,12.62888,12.53273,12.7323
Anode Overhang (All) (mm),LH1T-211,2544,2/5/2024 7:19,0.563,0.5636,0.4592,0.6726
Cathode Width (mm),LH1T-211,2544,2/5/2024 7:19,64.033,64.0584,63.86161,64.15682
Anode Overhang (All) (mm),LH1T-212,2545,2/5/2024 7:28,0.564,0.55856,0.41,0.73818
Cathode Width (mm),LH1T-212,2545,2/5/2024 7:28,64.024,64.04201,63.878,64.14045
Core Area (mm²),LH1T-212,2545,2/5/2024 7:28,12.637,12.64515,12.51888,12.76336
Core Area (mm²),LH1T-213,2546,2/5/2024 7:37,12.621,12.61261,12.50879,12.73902
Anode Overhang (All) (mm),LH1T-213,2546,2/5/2024 7:37,0.564,0.57423,0.3936,0.72235
Cathode Width (mm),LH1T-213,2546,2/5/2024 7:37,64.033,64.0584,63.878,64.14048
Core Area (mm²),LH1T-214,2547,2/5/2024 7:46,12.538,12.53986,12.43738,12.64287
Anode Overhang (All) (mm),LH1T-214,2547,2/5/2024 7:46,0.565,0.57423,0.34479,0.77237
Cathode Width (mm),LH1T-214,2547,2/5/2024 7:46,64.027,64.04202,63.8452,64.14042
Core Area (mm²),LH1T-215,2548,2/5/2024 7:56,12.706,12.69289,12.63655,12.87538
Anode Overhang (All) (mm),LH1T-215,2548,2/5/2024 7:56,0.566,0.5636,0.41,0.72235
Cathode Width (mm),LH1T-215,2548,2/5/2024 7:56,64.022,64.042,63.8616,64.14048
Core Area (mm²),LH1T-216,2549,2/5/2024 8:05,12.627,12.63265,12.54752,12.73351
Anode Overhang (All) (mm),LH1T-216,2549,2/5/2024 8:05,0.562,0.5636,0.41,0.72235
Cathode Width (mm),LH1T-216,2549,2/5/2024 8:05,64.024,64.042,63.86165,64.1405
Core Area (mm²),LH1T-217,2550,2/5/2024 8:14,12.65,12.65215,12.55156,12.73969
Anode Overhang (All) (mm),LH1T-217,2550,2/5/2024 8:14,0.571,0.57423,0.4428,0.68958
Cathode Width (mm),LH1T-217,2550,2/5/2024 8:14,64.021,64.04201,63.84522,64.14057
Core Area (mm²),LH1T-218,2551,2/5/2024 8:23,12.663,12.65726,12.56662,12.78273
Anode Overhang (All) (mm),LH1T-218,2551,2/5/2024 8:23,0.566,0.5636,0.3936,0.73873
Cathode Width (mm),LH1T-218,2551,2/5/2024 8:23,64.024,64.04202,63.8944,64.14045
Core Area (mm²),LH1T-219,2552,2/5/2024 10:55,12.582,12.58881,12.46535,12.70137
Anode Overhang (All) (mm),LH1T-219,2552,2/5/2024 10:55,0.563,0.56145,0.4428,0.68958
Cathode Width (mm),LH1T-219,2552,2/5/2024 10:55,64.035,64.0584,63.84521,64.14053
Core Area (mm²),LH1T-220,2553,2/5/2024 9:04,12.633,12.62955,12.49077,12.79981
Anode Overhang (All) (mm),LH1T-220,2553,2/5/2024 9:04,0.552,0.55784,0.3936,0.72235
Cathode Width (mm),LH1T-220,2553,2/5/2024 9:04,64.033,64.04213,63.878,64.1568
Core Area (mm²),LH1T-221,2554,2/5/2024 9:13,12.435,12.42783,12.32227,12.59593
Anode Overhang (All) (mm),LH1T-221,2554,2/5/2024 9:13,0.555,0.55784,0.2624,0.86982
Cathode Width (mm),LH1T-221,2554,2/5/2024 9:13,64.043,64.05843,63.87801,64.15688
Core Area (mm²),LH1T-222,2555,2/5/2024 9:23,12.44,12.44128,12.38574,12.53004
Anode Overhang (All) (mm),LH1T-222,2555,2/5/2024 9:23,0.558,0.55856,0.41,0.70596
Cathode Width (mm),LH1T-222,2555,2/5/2024 9:23,64.044,64.05841,63.8944,64.1569
Core Area (mm²),LH1T-223,2556,2/5/2024 9:32,12.444,12.44666,12.36476,12.50059
Anode Overhang (All) (mm),LH1T-223,2556,2/5/2024 9:32,0.562,0.56622,0.3936,0.72328
Cathode Width (mm),LH1T-223,2556,2/5/2024 9:32,64.028,64.0421,63.86173,64.1405
Core Area (mm²),LH1T-224,2557,2/5/2024 9:41,12.612,12.61396,12.50449,12.73472
Anode Overhang (All) (mm),LH1T-224,2557,2/5/2024 9:41,0.566,0.574,0.3608,0.78874
Cathode Width (mm),LH1T-224,2557,2/5/2024 9:41,64.025,64.04201,63.8616,64.14053
Anode Overhang (All) (mm),LH1T-225,2558,2/5/2024 9:50,0.563,0.5636,0.41,0.72235
Cathode Width (mm),LH1T-225,2558,2/5/2024 9:50,64.024,64.042,63.86161,64.14048
Core Area (mm²),LH1T-225,2558,2/5/2024 9:50,12.401,12.40054,12.36342,12.45554
Core Area (mm²),LH1T-226,2559,2/5/2024 10:00,12.401,12.40484,12.28663,12.52601
Anode Overhang (All) (mm),LH1T-226,2559,2/5/2024 10:00,0.56,0.55784,0.2952,0.82066
Cathode Width (mm),LH1T-226,2559,2/5/2024 10:00,64.045,64.0748,63.878,64.15688
Core Area (mm²),LH1T-227,2560,2/5/2024 10:09,12.512,12.50422,12.39408,12.66694
Anode Overhang (All) (mm),LH1T-227,2560,2/5/2024 10:09,0.563,0.55856,0.41,0.72179
Cathode Width (mm),LH1T-227,2560,2/5/2024 10:09,64.028,64.042,63.8616,64.12413
Core Area (mm²),LH1T-228,2561,2/5/2024 10:18,12.567,12.56864,12.51767,12.61046
Anode Overhang (All) (mm),LH1T-228,2561,2/5/2024 10:18,0.559,0.5636,0.41033,0.72328
Cathode Width (mm),LH1T-228,2561,2/5/2024 10:18,64.029,64.04213,63.87808,64.15681
Core Area (mm²),LH1T-229,2562,2/5/2024 10:27,12.481,12.48647,12.35427,12.63413
Anode Overhang (All) (mm),LH1T-229,2562,2/5/2024 10:27,0.558,0.55784,0.2788,0.83656
Cathode Width (mm),LH1T-229,2562,2/5/2024 10:27,64.042,64.05841,63.878,64.15682
Core Area (mm²),LH1T-230,2563,2/5/2024 10:37,12.646,12.64744,12.55048,12.78676
Anode Overhang (All) (mm),LH1T-230,2563,2/5/2024 10:37,0.567,0.5726,0.3936,0.72235
Cathode Width (mm),LH1T-230,2563,2/5/2024 10:37,64.026,64.04205,63.8616,64.14042
Core Area (mm²),LH1T-231,2564,2/5/2024 11:19,12.609,12.61167,12.50758,12.70769
Anode Overhang (All) (mm),LH1T-231,2564,2/5/2024 11:19,0.565,0.55977,0.3936,0.73964
Cathode Width (mm),LH1T-231,2564,2/5/2024 11:19,64.028,64.0584,63.86162,64.14041
Core Area (mm²),LH1T-232,2565,2/5/2024 11:28,12.399,12.40336,12.34795,12.44357
Anode Overhang (All) (mm),LH1T-232,2565,2/5/2024 11:28,0.567,0.574,0.41,0.72458
Cathode Width (mm),LH1T-232,2565,2/5/2024 11:28,64.031,64.04202,63.8944,64.1569
Anode Overhang (All) (mm),LH1T-233,2566,2/5/2024 11:37,0.567,0.55856,0.4592,0.6742
Cathode Width (mm),LH1T-233,2566,2/5/2024 11:37,64.033,64.0584,63.8616,64.15683
Core Area (mm²),LH1T-233,2566,2/5/2024 11:37,12.668,12.66304,12.53649,12.82805
Core Area (mm²),LH1T-234,2567,2/5/2024 11:49,12.414,12.41694,12.36705,12.45244
Anode Overhang (All) (mm),LH1T-234,2567,2/5/2024 11:49,0.563,0.55784,0.3772,0.75511
Cathode Width (mm),LH1T-234,2567,2/5/2024 11:49,64.029,64.04208,63.8616,64.15681
Core Area (mm²),LH1T-235,2568,2/5/2024 18:12,12.706,12.71024,12.57966,12.83881
Anode Overhang (All) (mm),LH1T-235,2568,2/5/2024 18:12,0.567,0.55856,0.4592,0.69366
Cathode Width (mm),LH1T-235,2568,2/5/2024 18:12,64.029,64.04205,63.84521,64.14045
Core Area (mm²),LH1T-236,2569,2/5/2024 12:45,12.56,12.55761,12.43133,12.71199
Anode Overhang (All) (mm),LH1T-236,2569,2/5/2024 12:45,0.567,0.574,0.3772,0.75458
Cathode Width (mm),LH1T-236,2569,2/5/2024 12:45,64.018,64.02565,63.8452,64.14042
Core Area (mm²),LH1T-237,2570,2/5/2024 12:54,12.381,12.38453,12.31931,12.44074
Anode Overhang (All) (mm),LH1T-237,2570,2/5/2024 12:54,0.565,0.55856,0.4431,0.68958
Cathode Width (mm),LH1T-237,2570,2/5/2024 12:54,64.031,64.0421,63.878,64.15688
Core Area (mm²),LH1T-238,2571,2/5/2024 13:04,12.505,12.50341,12.43335,12.58477
Anode Overhang (All) (mm),LH1T-238,2571,2/5/2024 13:04,0.571,0.5636,0.3936,0.756
Cathode Width (mm),LH1T-238,2571,2/5/2024 13:04,64.027,64.04208,63.8616,64.1405
Core Area (mm²),LH1T-239,2572,2/5/2024 13:13,12.369,12.3774,12.31205,12.41412
Anode Overhang (All) (mm),LH1T-239,2572,2/5/2024 13:13,0.564,0.574,0.42672,0.71203
Cathode Width (mm),LH1T-239,2572,2/5/2024 13:13,64.024,64.042,63.8616,64.15681
Core Area (mm²),LH1T-240,2573,2/5/2024 13:22,12.502,12.50059,12.46078,12.54403
Anode Overhang (All) (mm),LH1T-240,2573,2/5/2024 13:22,0.573,0.574,0.4592,0.70539
Cathode Width (mm),LH1T-240,2573,2/5/2024 13:22,64.026,64.04203,63.8616,64.15693
Core Area (mm²),LH1T-241,2574,2/5/2024 13:31,12.425,12.42622,12.38319,12.47289
Anode Overhang (All) (mm),LH1T-241,2574,2/5/2024 13:31,0.565,0.56622,0.4428,0.69055
Cathode Width (mm),LH1T-241,2574,2/5/2024 13:31,64.027,64.04201,63.8616,64.1568
Core Area (mm²),LH1T-242,2575,2/5/2024 13:41,12.676,12.67474,12.55438,12.8107
Anode Overhang (All) (mm),LH1T-242,2575,2/5/2024 13:41,0.561,0.55784,0.3936,0.73873
Cathode Width (mm),LH1T-242,2575,2/5/2024 13:41,64.028,64.04201,63.86161,64.14042
Anode Overhang (All) (mm),LH1T-243,2576,2/5/2024 13:50,0.563,0.55977,0.2952,0.83656
Cathode Width (mm),LH1T-243,2576,2/5/2024 13:50,64.043,64.05841,63.9108,64.1568
Core Area (mm²),LH1T-243,2576,2/5/2024 13:50,12.413,12.40793,12.27211,12.6071
Core Area (mm²),LH1T-244,2577,2/5/2024 13:59,12.739,12.73727,12.63641,12.88399
Anode Overhang (All) (mm),LH1T-244,2577,2/5/2024 13:59,0.567,0.57494,0.328,0.80377
Cathode Width (mm),LH1T-244,2577,2/5/2024 13:59,64.022,64.04203,63.878,64.14045
Core Area (mm²),LH1T-245,2578,2/5/2024 14:09,12.59,12.60279,12.49602,12.70567
Anode Overhang (All) (mm),LH1T-245,2578,2/5/2024 14:09,0.563,0.55784,0.47673,0.65292
Cathode Width (mm),LH1T-245,2578,2/5/2024 14:09,64.032,64.0584,63.8616,64.15681
Core Area (mm²),LH1T-246,2579,2/5/2024 14:18,12.532,12.52372,12.4433,12.65322
Anode Overhang (All) (mm),LH1T-246,2579,2/5/2024 14:18,0.574,0.59063,0.3608,0.78788
Cathode Width (mm),LH1T-246,2579,2/5/2024 14:18,64.028,64.0421,63.878,64.15701
Core Area (mm²),LH1T-247,2580,2/5/2024 14:28,12.445,12.43806,12.3735,12.55882
Anode Overhang (All) (mm),LH1T-247,2580,2/5/2024 14:28,0.564,0.55856,0.41,0.72458
Cathode Width (mm),LH1T-247,2580,2/5/2024 14:28,64.029,64.04202,63.8616,64.1405
Core Area (mm²),LH1T-248,2581,2/5/2024 14:37,12.684,12.68039,12.59136,12.80559
Anode Overhang (All) (mm),LH1T-248,2581,2/5/2024 14:37,0.568,0.55784,0.4428,0.70691
Cathode Width (mm),LH1T-248,2581,2/5/2024 14:37,64.026,64.04205,63.8616,64.14045
Core Area (mm²),LH1T-249,2582,2/5/2024 14:46,12.401,12.4,12.32227,12.48943
Anode Overhang (All) (mm),LH1T-249,2582,2/5/2024 14:46,0.557,0.55324,0.45744,0.66597
Cathode Width (mm),LH1T-249,2582,2/5/2024 14:46,64.041,64.05845,63.86165,64.15701
Core Area (mm²),LH1T-250,2583,2/5/2024 14:56,12.756,12.75852,12.64368,12.9082
Anode Overhang (All) (mm),LH1T-250,2583,2/5/2024 14:56,0.566,0.55784,0.4264,0.70691
Cathode Width (mm),LH1T-250,2583,2/5/2024 14:56,64.027,64.042,63.8616,64.14048
Core Area (mm²),LH1T-251,2584,2/5/2024 15:05,12.724,12.72033,12.60629,12.85306
Anode Overhang (All) (mm),LH1T-251,2584,2/5/2024 15:05,0.571,0.57423,0.4428,0.689
Cathode Width (mm),LH1T-251,2584,2/5/2024 15:05,64.022,64.04202,63.8616,64.14042
Anode Overhang (All) (mm),LH1T-252,2585,2/5/2024 15:14,0.57,0.5768,0.3608,0.77097
Cathode Width (mm),LH1T-252,2585,2/5/2024 15:14,64.023,64.042,63.878,64.1404
Core Area (mm²),LH1T-252,2585,2/5/2024 15:14,12.691,12.69047,12.6036,12.79887
Core Area (mm²),LH1T-253,2586,2/5/2024 15:24,12.749,12.74682,12.62955,12.88493
Anode Overhang (All) (mm),LH1T-253,2586,2/5/2024 15:24,0.57,0.57423,0.4756,0.6726
Cathode Width (mm),LH1T-253,2586,2/5/2024 15:24,64.027,64.0584,63.878,64.14048
Core Area (mm²),LH1T-254,2587,2/5/2024 15:33,12.589,12.58464,12.52345,12.69236
Anode Overhang (All) (mm),LH1T-254,2587,2/5/2024 15:33,0.569,0.57423,0.3804,0.73873
Cathode Width (mm),LH1T-254,2587,2/5/2024 15:33,64.024,64.042,63.8616,64.15693
Core Area (mm²),LH1T-255,2588,2/5/2024 15:42,12.536,12.53865,12.48028,12.58598
Anode Overhang (All) (mm),LH1T-255,2588,2/5/2024 15:42,0.562,0.5636,0.4592,0.67559
Cathode Width (mm),LH1T-255,2588,2/5/2024 15:42,64.018,64.0259,63.878,64.14053
Core Area (mm²),LH1T-256,2589,2/5/2024 15:52,12.5,12.50045,12.44774,12.56971
Anode Overhang (All) (mm),LH1T-256,2589,2/5/2024 15:52,0.569,0.57423,0.4264,0.72328
Cathode Width (mm),LH1T-256,2589,2/5/2024 15:52,64.025,64.04203,63.878,64.15683
Core Area (mm²),LH1T-257,2590,2/5/2024 16:01,12.666,12.66479,12.55573,12.81124
Anode Overhang (All) (mm),LH1T-257,2590,2/5/2024 16:01,0.568,0.57412,0.3116,0.82066
Cathode Width (mm),LH1T-257,2590,2/5/2024 16:01,64.028,64.04203,63.8452,64.15681
Core Area (mm²),LH1T-258,2591,2/5/2024 16:10,12.814,12.81836,12.70231,12.92555
Anode Overhang (All) (mm),LH1T-258,2591,2/5/2024 16:10,0.575,0.57423,0.4592,0.68958
Cathode Width (mm),LH1T-258,2591,2/5/2024 16:10,64.028,64.04205,63.878,64.14075
Core Area (mm²),LH1T-259,2592,2/5/2024 16:20,12.48,12.47423,12.35925,12.66815
Anode Overhang (All) (mm),LH1T-259,2592,2/5/2024 16:20,0.564,0.56145,0.3444,0.78737
Cathode Width (mm),LH1T-259,2592,2/5/2024 16:20,64.042,64.05844,63.89441,64.1569
Core Area (mm²),LH1T-260,2593,2/5/2024 16:29,12.795,12.79174,12.6859,12.89999
Anode Overhang (All) (mm),LH1T-260,2593,2/5/2024 16:29,0.558,0.55384,0.41,0.72328
Cathode Width (mm),LH1T-260,2593,2/5/2024 16:29,64.025,64.04201,63.82882,64.14042
Anode Overhang (All) (mm),LH1T-261,2594,2/5/2024 16:39,0.559,0.55856,0.26444,0.82066
Cathode Width (mm),LH1T-261,2594,2/5/2024 16:39,64.089,64.09122,63.8944,64.22248
Core Area (mm²),LH1T-261,2594,2/5/2024 16:39,12.621,12.62848,12.54793,12.66896
Core Area (mm²),LH1T-262,2595,2/5/2024 16:48,12.602,12.6079,12.52708,12.65927
Anode Overhang (All) (mm),LH1T-262,2595,2/5/2024 16:48,0.534,0.5412,0.2788,0.80427
Cathode Width (mm),LH1T-262,2595,2/5/2024 16:48,64.085,64.09137,63.92745,64.20625
Core Area (mm²),LH1T-263,2596,2/5/2024 16:57,12.506,12.5139,12.41345,12.60024
Anode Overhang (All) (mm),LH1T-263,2596,2/5/2024 16:57,0.565,0.57423,0.1312,0.95134
Cathode Width (mm),LH1T-263,2596,2/5/2024 16:57,64.099,64.1243,63.9272,64.2389
Core Area (mm²),LH1T-264,2597,2/5/2024 17:07,12.584,12.59768,12.50556,12.63641
Anode Overhang (All) (mm),LH1T-264,2597,2/5/2024 17:07,0.543,0.55784,0.3444,0.73873
Cathode Width (mm),LH1T-264,2597,2/5/2024 17:07,64.082,64.1076,63.878,64.20625
Core Area (mm²),LH1T-265,2598,2/5/2024 17:16,12.548,12.56097,12.44451,12.67192
Anode Overhang (All) (mm),LH1T-265,2598,2/5/2024 17:16,0.547,0.54281,0.3116,0.78788
Cathode Width (mm),LH1T-265,2598,2/5/2024 17:16,64.085,64.0913,63.89441,64.20617
Core Area (mm²),LH1T-266,2599,2/5/2024 17:25,12.506,12.50893,12.43752,12.62391
Anode Overhang (All) (mm),LH1T-266,2599,2/5/2024 17:25,0.549,0.54343,0.3116,0.7715
Cathode Width (mm),LH1T-266,2599,2/5/2024 17:25,64.079,64.0749,63.92721,64.20613
Core Area (mm²),LH1T-267,2600,2/5/2024 17:35,12.575,12.5763,12.52372,12.61611
Anode Overhang (All) (mm),LH1T-267,2600,2/5/2024 17:35,0.551,0.55784,0.2952,0.8051
Cathode Width (mm),LH1T-267,2600,2/5/2024 17:35,64.073,64.09125,63.8944,64.20621
Anode Overhang (All) (mm),LH1T-268,2601,2/5/2024 17:44,0.55,0.55784,0.2296,0.86982
Cathode Width (mm),LH1T-268,2601,2/5/2024 17:44,64.082,64.09125,63.9108,64.20608
Core Area (mm²),LH1T-268,2601,2/5/2024 17:44,12.6,12.604,12.55115,12.64959
Core Area (mm²),LH1T-269,2602,2/5/2024 17:54,12.526,12.52789,12.45487,12.57496
Anode Overhang (All) (mm),LH1T-269,2602,2/5/2024 17:54,0.551,0.55977,0.20764,0.9026
Cathode Width (mm),LH1T-269,2602,2/5/2024 17:54,64.073,64.07515,63.92721,64.20635
Core Area (mm²),LH1T-270,2603,2/5/2024 18:03,12.575,12.57334,12.46051,12.69249
Anode Overhang (All) (mm),LH1T-270,2603,2/5/2024 18:03,0.565,0.57423,0.3444,0.78788
Cathode Width (mm),LH1T-270,2603,2/5/2024 18:03,64.076,64.09133,63.89441,64.20621
Core Area (mm²),LH1T-271,2604,2/5/2024 18:22,12.66,12.66304,12.57576,12.70527
Anode Overhang (All) (mm),LH1T-271,2604,2/5/2024 18:22,0.562,0.5636,0.1968,0.88697
Cathode Width (mm),LH1T-271,2604,2/5/2024 18:22,64.073,64.07485,63.89442,64.20617
Anode Overhang (All) (mm),LH1T-272,2605,2/5/2024 18:31,0.525,0.54145,0.082,0.96816
Cathode Width (mm),LH1T-272,2605,2/5/2024 18:31,64.082,64.0913,63.8944,64.206
Core Area (mm²),LH1T-272,2605,2/5/2024 18:31,12.618,12.62364,12.53367,12.71979
Core Area (mm²),LH1T-273,2606,2/5/2024 18:40,12.556,12.55398,12.51794,12.60118
Anode Overhang (All) (mm),LH1T-273,2606,2/5/2024 18:40,0.521,0.52582,0.2296,0.83704
Cathode Width (mm),LH1T-273,2606,2/5/2024 18:40,64.082,64.10762,63.8781,64.18962
Core Area (mm²),LH1T-274,2607,2/5/2024 18:50,12.569,12.57334,12.48512,12.62929
Anode Overhang (All) (mm),LH1T-274,2607,2/5/2024 18:50,0.556,0.55784,0.1968,0.86982
Cathode Width (mm),LH1T-274,2607,2/5/2024 18:50,64.079,64.09125,63.92721,64.2225
Core Area (mm²),LH1T-275,2608,2/5/2024 18:59,12.529,12.53986,12.4281,12.57563
Anode Overhang (All) (mm),LH1T-275,2608,2/5/2024 18:59,0.567,0.5636,0.3116,0.82066
Cathode Width (mm),LH1T-275,2608,2/5/2024 18:59,64.078,64.09137,63.9108,64.20605
Core Area (mm²),LH1T-276,2609,2/5/2024 19:08,12.663,12.66627,12.60575,12.70527
Anode Overhang (All) (mm),LH1T-276,2609,2/5/2024 19:08,0.554,0.55784,0.2132,0.85343
Cathode Width (mm),LH1T-276,2609,2/5/2024 19:08,64.089,64.09129,63.9436,64.22275
Core Area (mm²),LH1T-277,2610,2/5/2024 19:18,12.627,12.62834,12.54967,12.70285
Anode Overhang (All) (mm),LH1T-277,2610,2/5/2024 19:18,0.566,0.574,0.3936,0.72328
Cathode Width (mm),LH1T-277,2610,2/5/2024 19:18,64.08,64.09121,63.9272,64.22275
Anode Overhang (All) (mm),LH1T-278,2611,2/5/2024 19:27,0.546,0.54343,0.328,0.77237
Cathode Width (mm),LH1T-278,2611,2/5/2024 19:27,64.085,64.1076,63.9108,64.2061
Core Area (mm²),LH1T-278,2611,2/5/2024 19:27,12.601,12.61664,12.50368,12.66452
Core Area (mm²),LH1T-279,2612,2/5/2024 19:36,12.687,12.69666,12.58679,12.76982
Anode Overhang (All) (mm),LH1T-279,2612,2/5/2024 19:36,0.555,0.55856,0.15264,0.93494
Cathode Width (mm),LH1T-279,2612,2/5/2024 19:36,64.084,64.10765,63.92722,64.2389
Core Area (mm²),LH1T-280,2613,2/5/2024 19:46,12.563,12.56231,12.51511,12.63588
Anode Overhang (All) (mm),LH1T-280,2613,2/5/2024 19:46,0.535,0.54219,0.3116,0.7715
Cathode Width (mm),LH1T-280,2613,2/5/2024 19:46,64.077,64.10773,63.91088,64.1899
Core Area (mm²),LH1T-281,2614,2/5/2024 19:55,12.546,12.54954,12.48687,12.5997
Anode Overhang (All) (mm),LH1T-281,2614,2/5/2024 19:55,0.564,0.57423,0.2624,0.85422
Cathode Width (mm),LH1T-281,2614,2/5/2024 19:55,64.069,64.09123,63.87802,64.20602
Core Area (mm²),LH1T-282,2615,2/5/2024 20:04,12.514,12.53017,12.41627,12.58908
Cathode Width (mm),LH1T-282,2615,2/5/2024 20:04,64.098,64.12435,63.8944,64.22324
Anode Overhang (All) (mm),LH1T-282,2615,2/5/2024 20:04,0.566,0.57423,0.082,0.98523
Core Area (mm²),LH1T-283,2616,2/5/2024 20:14,12.618,12.62431,12.53246,12.67703
Anode Overhang (All) (mm),LH1T-283,2616,2/5/2024 20:14,0.544,0.54219,0.3444,0.73964
Cathode Width (mm),LH1T-283,2616,2/5/2024 20:14,64.086,64.12401,63.9272,64.206
Core Area (mm²),LH1T-284,2617,2/5/2024 20:23,12.589,12.59634,12.48674,12.64704
Anode Overhang (All) (mm),LH1T-284,2617,2/5/2024 20:23,0.555,0.55977,0.2624,0.85343
Cathode Width (mm),LH1T-284,2617,2/5/2024 20:23,64.073,64.10765,63.8944,64.18965
Anode Overhang (All) (mm),LH1T-285,2618,2/6/2024 7:54,0.552,0.55856,0.32964,0.7715
Cathode Width (mm),LH1T-285,2618,2/6/2024 7:54,64.077,64.10762,63.91097,64.18981
Core Area (mm²),LH1T-285,2618,2/6/2024 7:54,12.583,12.58639,12.52103,12.64314
Core Area (mm²),LH1T-286,2619,2/5/2024 20:41,12.513,12.52587,12.39435,12.57401
Anode Overhang (All) (mm),LH1T-286,2619,2/5/2024 20:41,0.547,0.55007,0.2952,0.8051
Cathode Width (mm),LH1T-286,2619,2/5/2024 20:41,64.086,64.10761,63.94365,64.20613
Core Area (mm²),LH1T-287,2620,2/5/2024 20:50,12.662,12.66546,12.60979,12.71105
Anode Overhang (All) (mm),LH1T-287,2620,2/5/2024 20:50,0.558,0.57423,0.1476,0.95177
Cathode Width (mm),LH1T-287,2620,2/5/2024 20:50,64.077,64.09141,63.9272,64.22243
Anode Overhang (All) (mm),LH1T-288,2621,2/5/2024 20:59,0.547,0.55784,0.2952,0.80427
Cathode Width (mm),LH1T-288,2621,2/5/2024 20:59,64.085,64.09133,63.96,64.2225
Core Area (mm²),LH1T-288,2621,2/5/2024 20:59,12.556,12.55398,12.52009,12.59365
Core Area (mm²),LH1T-289,2622,2/5/2024 21:09,12.622,12.62955,12.5603,12.66264
Anode Overhang (All) (mm),LH1T-289,2622,2/5/2024 21:09,0.545,0.54516,0.25087,0.83704
Cathode Width (mm),LH1T-289,2622,2/5/2024 21:09,64.087,64.0915,63.9108,64.20613
Core Area (mm²),LH1T-290,2623,2/5/2024 21:18,12.641,12.64838,12.55519,12.71293
Anode Overhang (All) (mm),LH1T-290,2623,2/5/2024 21:18,0.55,0.55784,0.3116,0.78874
Cathode Width (mm),LH1T-290,2623,2/5/2024 21:18,64.092,64.10762,63.9272,64.2061
Core Area (mm²),LH1T-291,2624,2/5/2024 21:27,12.596,12.59674,12.55425,12.63345
Anode Overhang (All) (mm),LH1T-291,2624,2/5/2024 21:27,0.561,0.55856,0.2952,0.82147
Cathode Width (mm),LH1T-291,2624,2/5/2024 21:27,64.072,64.09125,63.87803,64.20613
Core Area (mm²),LH1T-292,2625,2/5/2024 21:37,12.639,12.64408,12.54927,12.72813
Anode Overhang (All) (mm),LH1T-292,2625,2/5/2024 21:37,0.546,0.54343,0.12159,0.95346
Cathode Width (mm),LH1T-292,2625,2/5/2024 21:37,64.08,64.0912,63.89441,64.20613
Core Area (mm²),LH1T-293,2626,2/5/2024 21:46,12.591,12.60373,12.4905,12.65363
Anode Overhang (All) (mm),LH1T-293,2626,2/5/2024 21:46,0.552,0.55856,0.2624,0.85343
Cathode Width (mm),LH1T-293,2626,2/5/2024 21:46,64.076,64.1077,63.9272,64.19001
Core Area (mm²),LH1T-294,2627,2/5/2024 21:55,12.542,12.54766,12.47679,12.57751
Anode Overhang (All) (mm),LH1T-294,2627,2/5/2024 21:55,0.562,0.55856,0.3116,0.78788
Cathode Width (mm),LH1T-294,2627,2/5/2024 21:55,64.081,64.0913,63.8616,64.22242
Core Area (mm²),LH1T-295,2628,2/5/2024 22:05,12.64,12.64354,12.56742,12.68241
Anode Overhang (All) (mm),LH1T-295,2628,2/5/2024 22:05,0.562,0.574,0.18336,0.9184
Cathode Width (mm),LH1T-295,2628,2/5/2024 22:05,64.077,64.1076,63.89441,64.20602
Core Area (mm²),LH1T-296,2629,2/5/2024 22:14,12.672,12.68644,12.54026,12.76767
Anode Overhang (All) (mm),LH1T-296,2629,2/5/2024 22:14,0.563,0.56145,0.17126,0.91899
Cathode Width (mm),LH1T-296,2629,2/5/2024 22:14,64.081,64.09128,63.86162,64.22242
Anode Overhang (All) (mm),LH1T-297,2630,2/5/2024 22:23,0.543,0.55784,0.18807,0.90334
Cathode Width (mm),LH1T-297,2630,2/5/2024 22:23,64.079,64.09121,63.8944,64.2061
Core Area (mm²),LH1T-297,2630,2/5/2024 22:23,12.538,12.54362,12.48781,12.59432
Core Area (mm²),LH1T-298,2631,2/5/2024 22:33,12.57,12.5845,12.455,12.65833
Anode Overhang (All) (mm),LH1T-298,2631,2/5/2024 22:33,0.551,0.55007,0.3116,0.78788
Cathode Width (mm),LH1T-298,2631,2/5/2024 22:33,64.08,64.0913,63.8944,64.22248
Core Area (mm²),LH1T-299,2632,2/5/2024 22:42,12.677,12.71804,12.49924,12.77237
Anode Overhang (All) (mm),LH1T-299,2632,2/5/2024 22:42,0.564,0.57423,0.16482,0.91899
Cathode Width (mm),LH1T-299,2632,2/5/2024 22:42,64.077,64.09125,63.91097,64.22275
Core Area (mm²),LH1T-300,2633,2/5/2024 22:51,12.66,12.67434,12.57294,12.70312
Anode Overhang (All) (mm),LH1T-300,2633,2/5/2024 22:51,0.548,0.55784,0.2296,0.86982
Cathode Width (mm),LH1T-300,2633,2/5/2024 22:51,64.08,64.10763,63.92733,64.22261
Core Area (mm²),LH1T-301,2634,2/5/2024 23:01,12.518,12.54013,12.37149,12.61718
Anode Overhang (All) (mm),LH1T-301,2634,2/5/2024 23:01,0.557,0.55856,0.2132,0.88621
Cathode Width (mm),LH1T-301,2634,2/5/2024 23:01,64.083,64.07501,63.89442,64.22253
Core Area (mm²),LH1T-302,2635,2/5/2024 23:10,12.636,12.64623,12.52843,12.74238
Anode Overhang (All) (mm),LH1T-302,2635,2/5/2024 23:10,0.555,0.55856,0.328,0.78788
Cathode Width (mm),LH1T-302,2635,2/5/2024 23:10,64.077,64.10768,63.8947,64.20602
Core Area (mm²),LH1T-303,2636,2/5/2024 23:19,12.572,12.5954,12.46751,12.63359
Anode Overhang (All) (mm),LH1T-303,2636,2/5/2024 23:19,0.57,0.57423,0.41,0.72328
Cathode Width (mm),LH1T-303,2636,2/5/2024 23:19,64.084,64.09145,63.9108,64.2227
Core Area (mm²),LH1T-304,2637,2/5/2024 23:28,12.582,12.58692,12.52278,12.61597
Anode Overhang (All) (mm),LH1T-304,2637,2/5/2024 23:28,0.541,0.55784,0.2296,0.86982
Cathode Width (mm),LH1T-304,2637,2/5/2024 23:28,64.076,64.10765,63.91083,64.18981
Core Area (mm²),LH1T-305,2638,2/5/2024 23:38,12.61,12.6157,12.55774,12.64811
Anode Overhang (All) (mm),LH1T-305,2638,2/5/2024 23:38,0.546,0.54343,0.246,0.85343
Cathode Width (mm),LH1T-305,2638,2/5/2024 23:38,64.08,64.09122,63.9273,64.18973
Anode Overhang (All) (mm),LH1T-306,2639,2/5/2024 23:47,0.568,0.57494,0.1476,0.91855
Cathode Width (mm),LH1T-306,2639,2/5/2024 23:47,64.096,64.124,63.878,64.22287
Core Area (mm²),LH1T-306,2639,2/5/2024 23:47,12.532,12.53663,12.45419,12.58477
Core Area (mm²),LH1T-307,2640,2/5/2024 23:56,12.47,12.4741,12.39798,12.51955
Anode Overhang (All) (mm),LH1T-307,2640,2/5/2024 23:56,0.574,0.57494,0.3116,0.83704
Cathode Width (mm),LH1T-307,2640,2/5/2024 23:56,64.107,64.1404,63.9272,64.23897
Core Area (mm²),LH1T-308,2641,2/6/2024 0:06,12.569,12.5728,12.51901,12.62808
Anode Overhang (All) (mm),LH1T-308,2641,2/6/2024 0:06,0.546,0.54343,0.1312,0.95177
Cathode Width (mm),LH1T-308,2641,2/6/2024 0:06,64.083,64.09145,63.91083,64.20621
Core Area (mm²),LH1T-309,2642,2/6/2024 0:15,12.507,12.51834,12.41008,12.57832
Anode Overhang (All) (mm),LH1T-309,2642,2/6/2024 0:15,0.532,0.54145,0.2952,0.78788
Cathode Width (mm),LH1T-309,2642,2/6/2024 0:15,64.084,64.09141,63.92728,64.18985
Core Area (mm²),LH1T-310,2643,2/6/2024 0:24,12.619,12.62108,12.54201,12.66667
Anode Overhang (All) (mm),LH1T-310,2643,2/6/2024 0:24,0.562,0.55784,0.328,0.78737
Cathode Width (mm),LH1T-310,2643,2/6/2024 0:24,64.082,64.09122,63.9272,64.22245
Core Area (mm²),LH1T-311,2644,2/6/2024 0:34,12.577,12.58504,12.50113,12.62794
Anode Overhang (All) (mm),LH1T-311,2644,2/6/2024 0:34,0.547,0.55784,0.2296,0.86982
Cathode Width (mm),LH1T-311,2644,2/6/2024 0:34,64.081,64.10761,63.9108,64.18968
Core Area (mm²),LH1T-312,2645,2/6/2024 0:43,12.566,12.58047,12.47046,12.65578
Anode Overhang (All) (mm),LH1T-312,2645,2/6/2024 0:43,0.561,0.55784,0.2952,0.80427
Cathode Width (mm),LH1T-312,2645,2/6/2024 0:43,64.082,64.09125,63.8944,64.22248
Core Area (mm²),LH1T-313,2646,2/6/2024 0:52,12.537,12.54994,12.42474,12.65282
Anode Overhang (All) (mm),LH1T-313,2646,2/6/2024 0:52,0.557,0.57423,0.3608,0.75511
Cathode Width (mm),LH1T-313,2646,2/6/2024 0:52,64.082,64.09125,63.9108,64.22245
Core Area (mm²),LH1T-314,2647,2/6/2024 1:02,12.537,12.54645,12.47598,12.60158
Anode Overhang (All) (mm),LH1T-314,2647,2/6/2024 1:02,0.552,0.55784,0.3804,0.72235
Cathode Width (mm),LH1T-314,2647,2/6/2024 1:02,64.071,64.1076,63.9273,64.20613
Anode Overhang (All) (mm),LH1T-315,2648,2/6/2024 1:11,0.557,0.55856,0.3608,0.73964
Cathode Width (mm),LH1T-315,2648,2/6/2024 1:11,64.083,64.10762,63.92737,64.20603
Core Area (mm²),LH1T-315,2648,2/6/2024 1:11,12.55,12.56729,12.43469,12.61933
Core Area (mm²),LH1T-316,2649,2/6/2024 1:20,12.599,12.62794,12.44854,12.7058
Anode Overhang (All) (mm),LH1T-316,2649,2/6/2024 1:20,0.56,0.55856,0.13799,0.93538
Cathode Width (mm),LH1T-316,2649,2/6/2024 1:20,64.076,64.09123,63.8616,64.20617
Core Area (mm²),LH1T-317,2650,2/6/2024 1:30,12.466,12.46939,12.37028,12.5217
Anode Overhang (All) (mm),LH1T-317,2650,2/6/2024 1:30,0.568,0.57423,0.2296,0.88621
Cathode Width (mm),LH1T-317,2650,2/6/2024 1:30,64.109,64.12403,63.89448,64.25545
Core Area (mm²),LH1T-318,2651,2/6/2024 1:39,12.582,12.58652,12.50045,12.64152
Anode Overhang (All) (mm),LH1T-318,2651,2/6/2024 1:39,0.553,0.55856,0.2296,0.85343
Cathode Width (mm),LH1T-318,2651,2/6/2024 1:39,64.083,64.1076,63.89465,64.20625
Core Area (mm²),LH1T-319,2652,2/6/2024 1:49,12.624,12.6274,12.53138,12.7132
Anode Overhang (All) (mm),LH1T-319,2652,2/6/2024 1:49,0.545,0.54343,0.24319,0.82066
Cathode Width (mm),LH1T-319,2652,2/6/2024 1:49,64.079,64.09137,63.8616,64.20603
Core Area (mm²),LH1T-320,2653,2/6/2024 1:58,12.582,12.58773,12.52211,12.62942
Anode Overhang (All) (mm),LH1T-320,2653,2/6/2024 1:58,0.556,0.56145,0.23193,0.83704
Cathode Width (mm),LH1T-320,2653,2/6/2024 1:58,64.083,64.0912,63.92745,64.22245
Core Area (mm²),LH1T-321,2654,2/6/2024 2:07,12.573,12.59378,12.46253,12.67218
Anode Overhang (All) (mm),LH1T-321,2654,2/6/2024 2:07,0.542,0.5576,0.3444,0.75511
Cathode Width (mm),LH1T-321,2654,2/6/2024 2:07,64.073,64.10761,63.91085,64.18973
Core Area (mm²),LH1T-322,2655,2/6/2024 2:16,12.632,12.63493,12.56877,12.68415
Anode Overhang (All) (mm),LH1T-322,2655,2/6/2024 2:16,0.559,0.55856,0.3444,0.7715
Cathode Width (mm),LH1T-322,2655,2/6/2024 2:16,64.08,64.09137,63.92723,64.2061
Core Area (mm²),LH1T-323,2656,2/6/2024 2:26,12.499,12.52641,12.34876,12.68254
Anode Overhang (All) (mm),LH1T-323,2656,2/6/2024 2:26,0.56,0.574,0.13524,0.93494
Cathode Width (mm),LH1T-323,2656,2/6/2024 2:26,64.08,64.09121,63.8944,64.22257
Core Area (mm²),LH1T-324,2657,2/6/2024 2:35,12.603,12.61543,12.52762,12.66156
Anode Overhang (All) (mm),LH1T-324,2657,2/6/2024 2:35,0.563,0.55977,0.41033,0.70596
Cathode Width (mm),LH1T-324,2657,2/6/2024 2:35,64.077,64.1077,63.9272,64.20621
Anode Overhang (All) (mm),LH1T-325,2658,2/6/2024 2:44,0.552,0.5576,0.3116,0.78788
Cathode Width (mm),LH1T-325,2658,2/6/2024 2:44,64.083,64.09121,63.87801,64.22242
Core Area (mm²),LH1T-325,2658,2/6/2024 2:44,12.576,12.59056,12.46952,12.69263
Core Area (mm²),LH1T-326,2659,2/6/2024 2:54,12.635,12.63897,12.56635,12.68805
Anode Overhang (All) (mm),LH1T-326,2659,2/6/2024 2:54,0.544,0.54219,0.2296,0.85343
Cathode Width (mm),LH1T-326,2659,2/6/2024 2:54,64.087,64.09121,63.92722,64.2227
Core Area (mm²),LH1T-327,2660,2/6/2024 3:03,12.644,12.64905,12.57079,12.73445
Anode Overhang (All) (mm),LH1T-327,2660,2/6/2024 3:03,0.557,0.55784,0.1968,0.91899
Cathode Width (mm),LH1T-327,2660,2/6/2024 3:03,64.081,64.10762,63.92733,64.2224
Core Area (mm²),LH1T-328,2661,2/6/2024 3:12,12.662,12.66586,12.58195,12.70957
Anode Overhang (All) (mm),LH1T-328,2661,2/6/2024 3:12,0.558,0.55856,0.11597,0.98523
Cathode Width (mm),LH1T-328,2661,2/6/2024 3:12,64.07,64.09133,63.91081,64.1897
Core Area (mm²),LH1T-329,2662,2/6/2024 3:22,12.54,12.55559,12.3922,12.66412
Anode Overhang (All) (mm),LH1T-329,2662,2/6/2024 3:22,0.562,0.56145,0.3444,0.77237
Cathode Width (mm),LH1T-329,2662,2/6/2024 3:22,64.078,64.09141,63.92767,64.20602
Core Area (mm²),LH1T-330,2663,2/6/2024 3:31,12.669,12.68402,12.56621,12.76
Anode Overhang (All) (mm),LH1T-330,2663,2/6/2024 3:31,0.566,0.57423,0.246,0.88575
Cathode Width (mm),LH1T-330,2663,2/6/2024 3:31,64.076,64.1076,63.89441,64.22243
Core Area (mm²),LH1T-331,2664,2/6/2024 3:40,12.578,12.60252,12.4355,12.72181
Anode Overhang (All) (mm),LH1T-331,2664,2/6/2024 3:40,0.564,0.574,0.328,0.78788
Cathode Width (mm),LH1T-331,2664,2/6/2024 3:40,64.075,64.09137,63.9108,64.20613
Core Area (mm²),LH1T-332,2665,2/6/2024 3:50,12.585,12.60494,12.46522,12.69411
Anode Overhang (All) (mm),LH1T-332,2665,2/6/2024 3:50,0.557,0.55784,0.3444,0.756
Cathode Width (mm),LH1T-332,2665,2/6/2024 3:50,64.084,64.1076,63.9275,64.22261
Anode Overhang (All) (mm),LH1T-333,2666,2/6/2024 3:59,0.566,0.57423,0.16725,0.95134
Cathode Width (mm),LH1T-333,2666,2/6/2024 3:59,64.065,64.09122,63.9108,64.1897
Core Area (mm²),LH1T-333,2666,2/6/2024 3:59,12.655,12.65255,12.58249,12.70997
Core Area (mm²),LH1T-334,2667,2/6/2024 4:09,12.539,12.54456,12.44411,12.60091
Anode Overhang (All) (mm),LH1T-334,2667,2/6/2024 4:09,0.573,0.57423,0.3804,0.73964
Cathode Width (mm),LH1T-334,2667,2/6/2024 4:09,64.078,64.09121,63.86161,64.22242
Core Area (mm²),LH1T-335,2668,2/6/2024 4:18,12.582,12.60199,12.45782,12.65672
Anode Overhang (All) (mm),LH1T-335,2668,2/6/2024 4:18,0.558,0.56145,0.3479,0.756
Cathode Width (mm),LH1T-335,2668,2/6/2024 4:18,64.08,64.09122,63.9108,64.20601
Core Area (mm²),LH1T-336,2669,2/6/2024 4:27,12.548,12.5525,12.47894,12.64125
Anode Overhang (All) (mm),LH1T-336,2669,2/6/2024 4:27,0.567,0.5693,0.3444,0.77237
Cathode Width (mm),LH1T-336,2669,2/6/2024 4:27,64.074,64.09145,63.89465,64.2063
Core Area (mm²),LH1T-337,2670,2/6/2024 4:37,12.568,12.59553,12.4359,12.66358
Anode Overhang (All) (mm),LH1T-337,2670,2/6/2024 4:37,0.553,0.55856,0.2952,0.80427
Cathode Width (mm),LH1T-337,2670,2/6/2024 4:37,64.082,64.10763,63.9272,64.20621
Core Area (mm²),LH1T-338,2671,2/6/2024 4:46,12.542,12.56487,12.41977,12.67743
Anode Overhang (All) (mm),LH1T-338,2671,2/6/2024 4:46,0.555,0.5576,0.1804,0.91899
Cathode Width (mm),LH1T-338,2671,2/6/2024 4:46,64.077,64.09123,63.8944,64.22242
Core Area (mm²),LH1T-339,2672,2/6/2024 4:55,12.604,12.62041,12.50126,12.68106
Anode Overhang (All) (mm),LH1T-339,2672,2/6/2024 4:55,0.557,0.55856,0.41,0.70691
Cathode Width (mm),LH1T-339,2672,2/6/2024 4:55,64.085,64.10765,63.9108,64.2388
Core Area (mm²),LH1T-340,2673,2/6/2024 5:05,12.55,12.55586,12.471,12.60279
Anode Overhang (All) (mm),LH1T-340,2673,2/6/2024 5:05,0.559,0.574,0.15541,0.95247
Cathode Width (mm),LH1T-340,2673,2/6/2024 5:05,64.084,64.1076,63.8944,64.20613
Core Area (mm²),LH1T-341,2674,2/6/2024 10:01,12.645,12.66613,12.53354,12.73862
Anode Overhang (All) (mm),LH1T-341,2674,2/6/2024 10:01,0.535,0.54145,0.082,0.98455
Cathode Width (mm),LH1T-341,2674,2/6/2024 10:01,64.069,64.07493,63.89445,64.18977
Core Area (mm²),LH1T-342,2675,2/6/2024 10:10,12.612,12.62014,12.54214,12.66976
Anode Overhang (All) (mm),LH1T-342,2675,2/6/2024 10:10,0.534,0.52582,0.17174,0.90334
Cathode Width (mm),LH1T-342,2675,2/6/2024 10:10,64.073,64.09125,63.8944,64.18973
Core Area (mm²),LH1T-343,2676,2/6/2024 10:19,12.442,12.4515,12.34311,12.5135
Anode Overhang (All) (mm),LH1T-343,2676,2/6/2024 10:19,0.572,0.57423,0.28072,0.83704
Cathode Width (mm),LH1T-343,2676,2/6/2024 10:19,64.101,64.1241,63.91082,64.23948
Core Area (mm²),LH1T-344,2677,2/6/2024 10:28,12.482,12.49615,12.36302,12.56554
Anode Overhang (All) (mm),LH1T-344,2677,2/6/2024 10:28,0.567,0.57423,0.3608,0.77237
Cathode Width (mm),LH1T-344,2677,2/6/2024 10:28,64.1,64.12403,63.91081,64.2227
Core Area (mm²),LH1T-345,2678,2/6/2024 10:37,12.634,12.63641,12.55707,12.69895
Anode Overhang (All) (mm),LH1T-345,2678,2/6/2024 10:37,0.556,0.57423,0.0984,0.98455
Cathode Width (mm),LH1T-345,2678,2/6/2024 10:37,64.074,64.1076,63.9272,64.22265
Core Area (mm²),LH1T-346,2679,2/6/2024 10:47,12.463,12.47558,12.34621,12.53421
Anode Overhang (All) (mm),LH1T-346,2679,2/6/2024 10:47,0.564,0.55784,0.29702,0.82147
Cathode Width (mm),LH1T-346,2679,2/6/2024 10:47,64.091,64.12402,63.92741,64.2225
Core Area (mm²),LH1T-347,2680,2/6/2024 10:56,12.557,12.56474,12.46952,12.62202
Anode Overhang (All) (mm),LH1T-347,2680,2/6/2024 10:56,0.546,0.55784,0.24655,0.83704
Cathode Width (mm),LH1T-347,2680,2/6/2024 10:56,64.082,64.0749,63.91085,64.22243
Core Area (mm²),LH1T-348,2681,2/6/2024 11:05,12.401,12.4199,12.26646,12.52116
Anode Overhang (All) (mm),LH1T-348,2681,2/6/2024 11:05,0.58,0.5904,0.3479,0.78788
Cathode Width (mm),LH1T-348,2681,2/6/2024 11:05,64.106,64.14043,63.91082,64.23888
Core Area (mm²),LH1T-349,2682,2/6/2024 11:15,12.588,12.60199,12.48553,12.66694
Anode Overhang (All) (mm),LH1T-349,2682,2/6/2024 11:15,0.569,0.57494,0.3936,0.73964
Cathode Width (mm),LH1T-349,2682,2/6/2024 11:15,64.067,64.07482,63.8944,64.20608
Core Area (mm²),LH1T-350,2683,2/6/2024 11:24,12.605,12.64139,12.44949,12.69908
Anode Overhang (All) (mm),LH1T-350,2683,2/6/2024 11:24,0.567,0.57423,0.1476,0.98455
Cathode Width (mm),LH1T-350,2683,2/6/2024 11:24,64.071,64.09128,63.89445,64.18977
Core Area (mm²),LH1T-351,2684,2/6/2024 11:33,12.57,12.57886,12.49117,12.64004
Anode Overhang (All) (mm),LH1T-351,2684,2/6/2024 11:33,0.561,0.574,0.164,0.95134
Cathode Width (mm),LH1T-351,2684,2/6/2024 11:33,64.075,64.0912,63.92722,64.20617
Anode Overhang (All) (mm),LH1T-352,2685,2/6/2024 11:43,0.548,0.55856,0.2952,0.82066
Cathode Width (mm),LH1T-352,2685,2/6/2024 11:43,64.078,64.1076,63.86162,64.18962
Core Area (mm²),LH1T-352,2685,2/6/2024 11:43,12.564,12.57482,12.47652,12.61436
Core Area (mm²),LH1T-353,2686,2/6/2024 11:52,12.512,12.52547,12.42797,12.60669
Anode Overhang (All) (mm),LH1T-353,2686,2/6/2024 11:52,0.574,0.57423,0.40571,0.74091
Cathode Width (mm),LH1T-353,2686,2/6/2024 11:52,64.101,64.12433,63.8945,64.23888
Core Area (mm²),LH1T-354,2687,2/6/2024 12:01,12.539,12.54524,12.45984,12.61651
Anode Overhang (All) (mm),LH1T-354,2687,2/6/2024 12:01,0.539,0.54145,0.1804,0.9026
Cathode Width (mm),LH1T-354,2687,2/6/2024 12:01,64.075,64.0912,63.9108,64.22253
Core Area (mm²),LH1T-355,2688,2/6/2024 12:11,12.72,12.72329,12.63184,12.76094
Anode Overhang (All) (mm),LH1T-355,2688,2/6/2024 12:11,0.539,0.54219,0.05599,0.98455
Cathode Width (mm),LH1T-355,2688,2/6/2024 12:11,64.08,64.09133,63.92723,64.20613
Core Area (mm²),LH1T-356,2689,2/6/2024 12:20,12.649,12.65349,12.56608,12.71118
Anode Overhang (All) (mm),LH1T-356,2689,2/6/2024 12:20,0.554,0.55856,0.10372,0.98455
Cathode Width (mm),LH1T-356,2689,2/6/2024 12:20,64.075,64.09133,63.9108,64.20602
Core Area (mm²),LH1T-357,2690,2/6/2024 12:29,12.549,12.54819,12.47383,12.60131
Anode Overhang (All) (mm),LH1T-357,2690,2/6/2024 12:29,0.567,0.574,0.328,0.78874
Cathode Width (mm),LH1T-357,2690,2/6/2024 12:29,64.079,64.09124,63.92728,64.22257
Core Area (mm²),LH1T-358,2691,2/6/2024 12:39,12.535,12.54093,12.44438,12.58464
Anode Overhang (All) (mm),LH1T-358,2691,2/6/2024 12:39,0.541,0.55784,0.246,0.85343
Cathode Width (mm),LH1T-358,2691,2/6/2024 12:39,64.079,64.10763,63.92721,64.1897
Core Area (mm²),LH1T-359,2692,2/6/2024 12:48,12.566,12.56985,12.50731,12.61059
Anode Overhang (All) (mm),LH1T-359,2692,2/6/2024 12:48,0.536,0.54145,0.2952,0.80427
Cathode Width (mm),LH1T-359,2692,2/6/2024 12:48,64.082,64.1076,63.92723,64.20617
Core Area (mm²),LH1T-360,2693,2/6/2024 12:57,12.658,12.66882,12.57872,12.7093
Anode Overhang (All) (mm),LH1T-360,2693,2/6/2024 12:57,0.562,0.55977,0.328,0.7715
Cathode Width (mm),LH1T-360,2693,2/6/2024 12:57,64.086,64.09125,63.9272,64.23883
Anode Overhang (All) (mm),LH1T-361,2694,2/6/2024 13:07,0.557,0.55007,0.4592,0.65927
Cathode Width (mm),LH1T-361,2694,2/6/2024 13:07,64.098,64.10765,63.86173,64.2389
Core Area (mm²),LH1T-361,2694,2/6/2024 13:07,12.337,12.33935,12.24938,12.39623
Core Area (mm²),LH1T-362,2695,2/6/2024 13:16,12.578,12.58666,12.47073,12.69841
Anode Overhang (All) (mm),LH1T-362,2695,2/6/2024 13:16,0.558,0.574,0.3444,0.7715
Cathode Width (mm),LH1T-362,2695,2/6/2024 13:16,64.082,64.1076,63.87801,64.20601
Anode Overhang (All) (mm),LH1T-363,2696,2/6/2024 13:25,0.554,0.55784,0.23481,0.85422
Cathode Width (mm),LH1T-363,2696,2/6/2024 13:25,64.083,64.09139,63.9272,64.22242
Core Area (mm²),LH1T-363,2696,2/6/2024 13:25,12.572,12.58397,12.48001,12.6188
Core Area (mm²),LH1T-364,2697,2/6/2024 13:35,12.58,12.60158,12.42649,12.7362
Anode Overhang (All) (mm),LH1T-364,2697,2/6/2024 13:35,0.55,0.55856,0.2952,0.8051
Cathode Width (mm),LH1T-364,2697,2/6/2024 13:35,64.086,64.10761,63.8944,64.20601
Core Area (mm²),LH1T-365,2698,2/6/2024 14:06,12.565,12.57657,12.47369,12.6118
Anode Overhang (All) (mm),LH1T-365,2698,2/6/2024 14:06,0.541,0.54516,0.24818,0.83704
Cathode Width (mm),LH1T-365,2698,2/6/2024 14:06,64.09,64.10763,63.9436,64.2061
Core Area (mm²),LH1T-366,2699,2/6/2024 14:55,12.568,12.56944,12.51148,12.62081
Anode Overhang (All) (mm),LH1T-366,2699,2/6/2024 14:55,0.554,0.5576,0.3608,0.73964
Cathode Width (mm),LH1T-366,2699,2/6/2024 14:55,64.082,64.09137,63.91097,64.22242
Core Area (mm²),LH1T-367,2700,2/6/2024 15:05,12.567,12.57267,12.47773,12.67447
Anode Overhang (All) (mm),LH1T-367,2700,2/6/2024 15:05,0.552,0.55784,0.3608,0.756
Cathode Width (mm),LH1T-367,2700,2/6/2024 15:05,64.081,64.1077,63.9108,64.20621
Core Area (mm²),LH1T-368,2701,2/6/2024 15:14,12.489,12.50166,12.40484,12.5607
Anode Overhang (All) (mm),LH1T-368,2701,2/6/2024 15:14,0.549,0.55784,0.2624,0.83704
Cathode Width (mm),LH1T-368,2701,2/6/2024 15:14,64.083,64.0913,63.92722,64.22245
Core Area (mm²),LH1T-369,2702,2/6/2024 15:23,12.51,12.51861,12.40376,12.58719
Anode Overhang (All) (mm),LH1T-369,2702,2/6/2024 15:23,0.53,0.54219,0.2788,0.80427
Cathode Width (mm),LH1T-369,2702,2/6/2024 15:23,64.08,64.1076,63.92745,64.2063
Anode Overhang (All) (mm),LH1T-370,2703,2/6/2024 15:33,0.564,0.574,0.164,0.95134
Cathode Width (mm),LH1T-370,2703,2/6/2024 15:33,64.081,64.10761,63.9108,64.20617
Core Area (mm²),LH1T-370,2703,2/6/2024 15:33,12.656,12.6703,12.54819,12.73324
Core Area (mm²),LH1T-371,2704,2/6/2024 15:42,12.611,12.62175,12.49817,12.68146
Anode Overhang (All) (mm),LH1T-371,2704,2/6/2024 15:42,0.555,0.55784,0.2788,0.82066
Cathode Width (mm),LH1T-371,2704,2/6/2024 15:42,64.08,64.0913,63.878,64.2224
Core Area (mm²),LH1T-372,2705,2/6/2024 15:51,12.52,12.52479,12.45406,12.57522
Anode Overhang (All) (mm),LH1T-372,2705,2/6/2024 15:51,0.566,0.574,0.2296,0.88621
Cathode Width (mm),LH1T-372,2705,2/6/2024 15:51,64.082,64.1076,63.86177,64.22261
Anode Overhang (All) (mm),LH1T-373,2706,2/6/2024 16:01,0.54,0.54219,0.2788,0.82066
Cathode Width (mm),LH1T-373,2706,2/6/2024 16:01,64.08,64.0913,63.8944,64.20617
Core Area (mm²),LH1T-373,2706,2/6/2024 16:01,12.583,12.58746,12.51431,12.62808
Core Area (mm²),LH1T-374,2707,2/6/2024 16:10,12.561,12.57186,12.42407,12.70594
Anode Overhang (All) (mm),LH1T-374,2707,2/6/2024 16:10,0.542,0.54219,0.2788,0.80427
Cathode Width (mm),LH1T-374,2707,2/6/2024 16:10,64.084,64.0912,63.9272,64.2061
Core Area (mm²),LH1T-375,2708,2/6/2024 16:19,12.626,12.62848,12.55828,12.6898
Anode Overhang (All) (mm),LH1T-375,2708,2/6/2024 16:19,0.505,0.5271,0.07239,0.95346
Cathode Width (mm),LH1T-375,2708,2/6/2024 16:19,64.08,64.10762,63.9272,64.17337
Core Area (mm²),LH1T-376,2709,2/6/2024 16:28,12.536,12.53918,12.46186,12.58087
Anode Overhang (All) (mm),LH1T-376,2709,2/6/2024 16:28,0.555,0.56145,0.25593,0.85422
Cathode Width (mm),LH1T-376,2709,2/6/2024 16:28,64.081,64.10762,63.87803,64.2063
Core Area (mm²),LH1T-377,2710,2/6/2024 16:38,12.559,12.56904,12.46307,12.67877
Anode Overhang (All) (mm),LH1T-377,2710,2/6/2024 16:38,0.557,0.55784,0.3608,0.73964
Cathode Width (mm),LH1T-377,2710,2/6/2024 16:38,64.086,64.09128,63.9108,64.2224
Anode Overhang (All) (mm),LH1T-378,2711,2/6/2024 16:47,0.555,0.55856,0.246,0.83704
Cathode Width (mm),LH1T-378,2711,2/6/2024 16:47,64.088,64.09137,63.9108,64.22253
Core Area (mm²),LH1T-378,2711,2/6/2024 16:47,12.538,12.54739,12.46414,12.58558
Core Area (mm²),LH1T-379,2712,2/6/2024 16:56,12.533,12.53636,12.4394,12.64341
Anode Overhang (All) (mm),LH1T-379,2712,2/6/2024 16:56,0.549,0.55856,0.328,0.78788
Cathode Width (mm),LH1T-379,2712,2/6/2024 16:56,64.074,64.10768,63.91081,64.18981
Core Area (mm²),LH1T-380,2713,2/6/2024 17:06,12.615,12.62081,12.53784,12.66586
Anode Overhang (All) (mm),LH1T-380,2713,2/6/2024 17:06,0.558,0.574,0.1968,0.86982
Cathode Width (mm),LH1T-380,2713,2/6/2024 17:06,64.08,64.09122,63.9108,64.20601
Core Area (mm²),LH1T-381,2714,2/6/2024 17:15,12.636,12.63063,12.59715,12.71912
Anode Overhang (All) (mm),LH1T-381,2714,2/6/2024 17:15,0.538,0.54145,0.16482,0.9026
Cathode Width (mm),LH1T-381,2714,2/6/2024 17:15,64.08,64.1076,63.9108,64.20601
Core Area (mm²),LH1T-382,2715,2/6/2024 17:24,12.605,12.60979,12.54201,12.66183
Anode Overhang (All) (mm),LH1T-382,2715,2/6/2024 17:24,0.546,0.5576,0.2952,0.78874
Cathode Width (mm),LH1T-382,2715,2/6/2024 17:24,64.076,64.1076,63.8944,64.20605
Core Area (mm²),LH1T-383,2716,2/6/2024 17:33,12.627,12.62996,12.57375,12.70016
Anode Overhang (All) (mm),LH1T-383,2716,2/6/2024 17:33,0.563,0.574,0.0984,0.98455
Cathode Width (mm),LH1T-383,2716,2/6/2024 17:33,64.073,64.1076,63.89448,64.18977
Core Area (mm²),LH1T-384,2717,2/6/2024 17:43,12.618,12.63103,12.52197,12.67165
Anode Overhang (All) (mm),LH1T-384,2717,2/6/2024 17:43,0.566,0.574,0.13222,0.98455
Cathode Width (mm),LH1T-384,2717,2/6/2024 17:43,64.071,64.09122,63.9108,64.18968
Core Area (mm²),LH1T-385,2718,2/6/2024 17:52,12.644,12.6504,12.54066,12.69424
Anode Overhang (All) (mm),LH1T-385,2718,2/6/2024 17:52,0.561,0.56622,0.1968,0.88621
Cathode Width (mm),LH1T-385,2718,2/6/2024 17:52,64.08,64.09123,63.91081,64.22261
Core Area (mm²),LH1T-386,2719,2/6/2024 18:01,12.538,12.55384,12.42958,12.6313
Anode Overhang (All) (mm),LH1T-386,2719,2/6/2024 18:01,0.563,0.574,0.3608,0.756
Cathode Width (mm),LH1T-386,2719,2/6/2024 18:01,64.077,64.09123,63.86165,64.2061
Core Area (mm²),LH1T-387,2720,2/6/2024 18:10,12.567,12.57751,12.48095,12.62256
Anode Overhang (All) (mm),LH1T-387,2720,2/6/2024 18:10,0.551,0.55856,0.2296,0.86982
Cathode Width (mm),LH1T-387,2720,2/6/2024 18:10,64.084,64.0915,63.9436,64.20635
Core Area (mm²),LH1T-388,2721,2/6/2024 18:20,12.508,12.52103,12.41506,12.62565
Anode Overhang (All) (mm),LH1T-388,2721,2/6/2024 18:20,0.56,0.55856,0.11939,0.96774
Cathode Width (mm),LH1T-388,2721,2/6/2024 18:20,64.085,64.10761,63.9108,64.20621
Core Area (mm²),LH1T-389,2722,2/6/2024 18:29,12.577,12.57805,12.50072,12.65295
Anode Overhang (All) (mm),LH1T-389,2722,2/6/2024 18:29,0.546,0.54219,0.1512,0.91855
Cathode Width (mm),LH1T-389,2722,2/6/2024 18:29,64.077,64.09137,63.87808,64.20605
Core Area (mm²),LH1T-390,2723,2/6/2024 18:38,12.606,12.60911,12.5486,12.64556
Anode Overhang (All) (mm),LH1T-390,2723,2/6/2024 18:38,0.524,0.54219,0.1804,0.88621
Cathode Width (mm),LH1T-390,2723,2/6/2024 18:38,64.073,64.09133,63.86162,64.18968
Core Area (mm²),LH1T-391,2724,2/6/2024 18:48,12.298,12.30748,12.14502,12.4277
Anode Overhang (All) (mm),LH1T-391,2724,2/6/2024 18:48,0.561,0.55784,0.3444,0.78737
Cathode Width (mm),LH1T-391,2724,2/6/2024 18:48,64.039,64.0584,63.878,64.1569
Core Area (mm²),LH1T-392,2725,2/6/2024 19:07,12.255,12.26807,12.15659,12.31675
Anode Overhang (All) (mm),LH1T-392,2725,2/6/2024 19:07,0.559,0.55784,0.32841,0.78788
Cathode Width (mm),LH1T-392,2725,2/6/2024 19:07,64.039,64.05845,63.878,64.17321
Anode Overhang (All) (mm),LH1T-393,2726,2/7/2024 12:18,0.562,0.55856,0.32841,0.78874
Cathode Width (mm),LH1T-393,2726,2/7/2024 12:18,64.041,64.0585,63.8616,64.17333
Core Area (mm²),LH1T-393,2726,2/7/2024 12:18,12.266,12.27587,12.189,12.33679
Core Area (mm²),LH1T-394,2727,2/7/2024 12:27,12.273,12.2791,12.21737,12.31339
Anode Overhang (All) (mm),LH1T-394,2727,2/7/2024 12:27,0.561,0.56145,0.4264,0.70118
Cathode Width (mm),LH1T-394,2727,2/7/2024 12:27,64.03,64.0584,63.8616,64.1569
Core Area (mm²),LH1T-395,2728,2/6/2024 20:08,12.491,12.49171,12.4433,12.5416
Anode Overhang (All) (mm),LH1T-395,2728,2/6/2024 20:08,0.561,0.55977,0.4428,0.6732
Cathode Width (mm),LH1T-395,2728,2/6/2024 20:08,64.023,64.04201,63.8616,64.14048
Core Area (mm²),LH1T-396,2729,2/6/2024 20:17,12.214,12.22504,12.11167,12.31702
Anode Overhang (All) (mm),LH1T-396,2729,2/6/2024 20:17,0.559,0.55856,0.41033,0.70691
Cathode Width (mm),LH1T-396,2729,2/6/2024 20:17,64.035,64.04217,63.8944,64.15688
Core Area (mm²),LH1T-397,2730,2/6/2024 20:26,12.281,12.29927,12.16735,12.36745
Anode Overhang (All) (mm),LH1T-397,2730,2/6/2024 20:26,0.558,0.55784,0.4264,0.68958
Cathode Width (mm),LH1T-397,2730,2/6/2024 20:26,64.042,64.05843,63.8944,64.15697
Core Area (mm²),LH1T-398,2731,2/7/2024 12:37,12.457,12.45715,12.40027,12.5377
Anode Overhang (All) (mm),LH1T-398,2731,2/7/2024 12:37,0.579,0.57494,0.4428,0.72328
Cathode Width (mm),LH1T-398,2731,2/7/2024 12:37,64.036,64.05875,63.86196,64.15697
Anode Overhang (All) (mm),LH1T-399,2732,2/6/2024 20:43,0.582,0.57494,0.45949,0.70596
Cathode Width (mm),LH1T-399,2732,2/6/2024 20:43,64.005,64.02561,63.8616,64.14041
Core Area (mm²),LH1T-399,2732,2/6/2024 20:43,12.467,12.47705,12.3653,12.58343
Core Area (mm²),LH1T-400,2733,2/6/2024 20:53,12.372,12.38346,12.28031,12.46509
Anode Overhang (All) (mm),LH1T-400,2733,2/6/2024 20:53,0.564,0.55856,0.41131,0.70995
Cathode Width (mm),LH1T-400,2733,2/6/2024 20:53,64.04,64.05845,63.8944,64.17355
Core Area (mm²),LH1T-401,2734,2/6/2024 21:02,12.329,12.33303,12.27789,12.36759
Anode Overhang (All) (mm),LH1T-401,2734,2/6/2024 21:02,0.547,0.5576,0.41,0.68958
Cathode Width (mm),LH1T-401,2734,2/6/2024 21:02,64.043,64.05853,63.8944,64.15727
Core Area (mm²),LH1T-402,2735,2/6/2024 21:11,12.426,12.42622,12.37014,12.46751
Anode Overhang (All) (mm),LH1T-402,2735,2/6/2024 21:11,0.556,0.55856,0.3608,0.77097
Cathode Width (mm),LH1T-402,2735,2/6/2024 21:11,64.037,64.04225,63.878,64.14053
Core Area (mm²),LH1T-403,2736,2/6/2024 21:20,12.502,12.49454,12.44881,12.60468
Anode Overhang (All) (mm),LH1T-403,2736,2/6/2024 21:20,0.586,0.59063,0.492,0.67559
Cathode Width (mm),LH1T-403,2736,2/6/2024 21:20,64.038,64.05857,63.9108,64.15697
Core Area (mm²),LH1T-404,2737,2/6/2024 21:29,12.303,12.31124,12.18617,12.41896
Anode Overhang (All) (mm),LH1T-404,2737,2/6/2024 21:29,0.558,0.574,0.2296,0.9026
Cathode Width (mm),LH1T-404,2737,2/6/2024 21:29,64.042,64.05843,63.87802,64.17325
Core Area (mm²),LH1T-405,2738,2/6/2024 21:38,11.933,11.9355,11.83397,12.0919
Anode Overhang (All) (mm),LH1T-405,2738,2/6/2024 21:38,0.566,0.57423,0.3444,0.82066
Cathode Width (mm),LH1T-405,2738,2/6/2024 21:38,64.033,64.05843,63.87802,64.15683
Core Area (mm²),LH1T-406,2739,2/6/2024 21:48,12.316,12.32563,12.23795,12.37445
Anode Overhang (All) (mm),LH1T-406,2739,2/6/2024 21:48,0.556,0.55856,0.42923,0.6732
Cathode Width (mm),LH1T-406,2739,2/6/2024 21:48,64.045,64.0587,63.87813,64.17361
Core Area (mm²),LH1T-407,2740,2/6/2024 21:57,12.289,12.30519,12.19828,12.37404
Anode Overhang (All) (mm),LH1T-407,2740,2/6/2024 21:57,0.557,0.55784,0.4756,0.64296
Cathode Width (mm),LH1T-407,2740,2/6/2024 21:57,64.031,64.04217,63.86163,64.14075
Core Area (mm²),LH1T-408,2741,2/6/2024 22:06,12.194,12.19572,12.14516,12.25086
Anode Overhang (All) (mm),LH1T-408,2741,2/6/2024 22:06,0.545,0.55856,0.246,0.85343
Cathode Width (mm),LH1T-408,2741,2/6/2024 22:06,64.041,64.05853,63.89443,64.17333
Core Area (mm²),LH1T-409,2742,2/6/2024 22:15,12.49,12.48808,12.44303,12.57119
Anode Overhang (All) (mm),LH1T-409,2742,2/6/2024 22:15,0.576,0.57494,0.4431,0.70539
Cathode Width (mm),LH1T-409,2742,2/6/2024 22:15,64.036,64.0585,63.89465,64.15697
Core Area (mm²),LH1T-410,2743,2/6/2024 22:24,12.383,12.39919,12.26969,12.44653
Anode Overhang (All) (mm),LH1T-410,2743,2/6/2024 22:24,0.567,0.57423,0.4264,0.70539
Cathode Width (mm),LH1T-410,2743,2/6/2024 22:24,64.035,64.0584,63.8944,64.15688
Core Area (mm²),LH1T-411,2744,2/6/2024 22:34,12.361,12.36651,12.28018,12.45204
Anode Overhang (All) (mm),LH1T-411,2744,2/6/2024 22:34,0.565,0.55977,0.4428,0.68508
Cathode Width (mm),LH1T-411,2744,2/6/2024 22:34,64.027,64.04202,63.89441,64.1405
Core Area (mm²),LH1T-412,2745,2/6/2024 22:43,12.367,12.36866,12.29981,12.44424
Anode Overhang (All) (mm),LH1T-412,2745,2/6/2024 22:43,0.56,0.55784,0.34479,0.77097
Cathode Width (mm),LH1T-412,2745,2/6/2024 22:43,64.097,64.12403,63.8944,64.20617
Core Area (mm²),LH1T-413,2746,2/6/2024 22:52,12.431,12.42972,12.3415,12.53555
Anode Overhang (All) (mm),LH1T-413,2746,2/6/2024 22:52,0.567,0.574,0.2952,0.83704
Cathode Width (mm),LH1T-413,2746,2/6/2024 22:52,64.011,64.0256,63.87801,64.12405
Core Area (mm²),LH1T-414,2747,2/6/2024 23:01,12.363,12.36328,12.32334,12.39664
Anode Overhang (All) (mm),LH1T-414,2747,2/6/2024 23:01,0.555,0.5576,0.46646,0.64044
Cathode Width (mm),LH1T-414,2747,2/6/2024 23:01,64.041,64.05853,63.89445,64.17323
Core Area (mm²),LH1T-415,2748,2/6/2024 23:10,12.399,12.39852,12.36651,12.44707
Anode Overhang (All) (mm),LH1T-415,2748,2/6/2024 23:10,0.539,0.54145,0.3116,0.77097
Cathode Width (mm),LH1T-415,2748,2/6/2024 23:10,64.042,64.0748,63.89441,64.17337
Core Area (mm²),LH1T-416,2749,2/6/2024 23:19,12.349,12.35643,12.27224,12.40632
Anode Overhang (All) (mm),LH1T-416,2749,2/6/2024 23:19,0.55,0.54219,0.4756,0.63369
Cathode Width (mm),LH1T-416,2749,2/6/2024 23:19,64.026,64.04205,63.8616,64.12425
Core Area (mm²),LH1T-417,2750,2/6/2024 23:28,12.41,12.42555,12.28959,12.49171
Anode Overhang (All) (mm),LH1T-417,2750,2/6/2024 23:28,0.56,0.55856,0.41,0.72458
Cathode Width (mm),LH1T-417,2750,2/6/2024 23:28,64.097,64.12401,63.87801,64.22248
Core Area (mm²),LH1T-418,2751,2/6/2024 23:37,12.402,12.41291,12.31998,12.47921
Anode Overhang (All) (mm),LH1T-418,2751,2/6/2024 23:37,0.575,0.57423,0.44401,0.68958
Cathode Width (mm),LH1T-418,2751,2/6/2024 23:37,64.034,64.04208,63.8944,64.17328
Anode Overhang (All) (mm),LH1T-419,2752,2/6/2024 23:46,0.552,0.54145,0.45791,0.65682
Cathode Width (mm),LH1T-419,2752,2/6/2024 23:46,64.032,64.04261,63.87825,64.14053
Core Area (mm²),LH1T-419,2752,2/6/2024 23:46,12.268,12.27816,12.14731,12.41573
Core Area (mm²),LH1T-420,2753,2/6/2024 23:55,12.267,12.26673,12.2089,12.30949
Anode Overhang (All) (mm),LH1T-420,2753,2/6/2024 23:55,0.548,0.54145,0.4592,0.64044
Cathode Width (mm),LH1T-420,2753,2/6/2024 23:55,64.043,64.05875,63.87841,64.17328
Core Area (mm²),LH1T-421,2754,2/7/2024 0:04,12.296,12.2951,12.26081,12.33975
Anode Overhang (All) (mm),LH1T-421,2754,2/7/2024 0:04,0.581,0.5904,0.4756,0.68958
Cathode Width (mm),LH1T-421,2754,2/7/2024 0:04,64.075,64.10762,63.89442,64.18968
Core Area (mm²),LH1T-422,2755,2/7/2024 0:13,12.309,12.30909,12.27372,12.35401
Anode Overhang (All) (mm),LH1T-422,2755,2/7/2024 0:13,0.552,0.5576,0.39496,0.70596
Cathode Width (mm),LH1T-422,2755,2/7/2024 0:13,64.047,64.05875,63.89441,64.17325
Anode Overhang (All) (mm),LH1T-423,2756,2/7/2024 0:22,0.562,0.574,0.4428,0.6732
Cathode Width (mm),LH1T-423,2756,2/7/2024 0:22,64.045,64.0584,63.878,64.17333
Core Area (mm²),LH1T-423,2756,2/7/2024 0:22,12.307,12.32254,12.1539,12.416
Core Area (mm²),LH1T-424,2757,2/7/2024 0:31,12.351,12.35777,12.29631,12.39395
Anode Overhang (All) (mm),LH1T-424,2757,2/7/2024 0:31,0.565,0.55784,0.44552,0.67738
Cathode Width (mm),LH1T-424,2757,2/7/2024 0:31,64.038,64.05861,63.89442,64.1569
Core Area (mm²),LH1T-425,2758,2/7/2024 0:40,12.226,12.2366,12.14408,12.30183
Anode Overhang (All) (mm),LH1T-425,2758,2/7/2024 0:40,0.566,0.574,0.3444,0.7715
Cathode Width (mm),LH1T-425,2758,2/7/2024 0:40,64.038,64.05843,63.8616,64.1571
Core Area (mm²),LH1T-426,2759,2/7/2024 0:50,12.319,12.31837,12.244,12.40914
Anode Overhang (All) (mm),LH1T-426,2759,2/7/2024 0:50,0.561,0.55977,0.45065,0.6732
Cathode Width (mm),LH1T-426,2759,2/7/2024 0:50,64.019,64.042,63.86161,64.12413
Anode Overhang (All) (mm),LH1T-427,2760,2/7/2024 0:59,0.553,0.54219,0.46183,0.64044
Cathode Width (mm),LH1T-427,2760,2/7/2024 0:59,64.035,64.04202,63.878,64.15693
Core Area (mm²),LH1T-427,2760,2/7/2024 0:59,12.294,12.30156,12.20379,12.37431
Anode Overhang (All) (mm),LH1T-428,2761,2/7/2024 1:08,0.588,0.59063,0.5084,0.65784
Cathode Width (mm),LH1T-428,2761,2/7/2024 1:08,64.087,64.10762,63.96,64.20621
Core Area (mm²),LH1T-428,2761,2/7/2024 1:08,12.358,12.35925,12.31299,12.40269
Core Area (mm²),LH1T-429,2762,2/7/2024 1:17,12.319,12.31971,12.25301,12.38736
Anode Overhang (All) (mm),LH1T-429,2762,2/7/2024 1:17,0.558,0.55784,0.44168,0.6732
Cathode Width (mm),LH1T-429,2762,2/7/2024 1:17,64.039,64.05861,63.89445,64.17321
Anode Overhang (All) (mm),LH1T-430,2763,2/7/2024 1:26,0.563,0.574,0.3772,0.75725
Cathode Width (mm),LH1T-430,2763,2/7/2024 1:26,64.039,64.05842,63.89448,64.15697
Core Area (mm²),LH1T-430,2763,2/7/2024 1:26,12.392,12.39085,12.33437,12.47423
Core Area (mm²),LH1T-431,2764,2/7/2024 1:35,12.357,12.35938,12.30089,12.39314
Anode Overhang (All) (mm),LH1T-431,2764,2/7/2024 1:35,0.582,0.57423,0.42923,0.72235
Cathode Width (mm),LH1T-431,2764,2/7/2024 1:35,64.075,64.1076,63.9108,64.18973
Core Area (mm²),LH1T-432,2765,2/7/2024 1:44,12.425,12.42474,12.38009,12.49534
Anode Overhang (All) (mm),LH1T-432,2765,2/7/2024 1:44,0.555,0.55977,0.3444,0.77237
Cathode Width (mm),LH1T-432,2765,2/7/2024 1:44,64.035,64.05842,63.878,64.15701
Core Area (mm²),LH1T-433,2766,2/7/2024 1:53,12.318,12.31635,12.28085,12.41479
Anode Overhang (All) (mm),LH1T-433,2766,2/7/2024 1:53,0.587,0.59063,0.49445,0.6742
Cathode Width (mm),LH1T-433,2766,2/7/2024 1:53,64.05,64.07481,63.91081,64.1732
Core Area (mm²),LH1T-434,2767,2/7/2024 2:02,12.254,12.26417,12.13722,12.38816
Anode Overhang (All) (mm),LH1T-434,2767,2/7/2024 2:02,0.565,0.57423,0.4264,0.70596
Cathode Width (mm),LH1T-434,2767,2/7/2024 2:02,64.04,64.05853,63.878,64.1569
Core Area (mm²),LH1T-435,2768,2/7/2024 2:11,12.359,12.36046,12.28313,12.439
Anode Overhang (All) (mm),LH1T-435,2768,2/7/2024 2:11,0.568,0.57494,0.38118,0.73818
Cathode Width (mm),LH1T-435,2768,2/7/2024 2:11,64.017,64.0257,63.87805,64.14045
Core Area (mm²),LH1T-436,2769,2/7/2024 2:20,12.338,12.35374,12.221,12.43469
Anode Overhang (All) (mm),LH1T-436,2769,2/7/2024 2:20,0.561,0.56145,0.3772,0.73873
Cathode Width (mm),LH1T-436,2769,2/7/2024 2:20,64.032,64.04205,63.878,64.15693
Core Area (mm²),LH1T-437,2770,2/7/2024 2:29,12.245,12.25207,12.17031,12.31124
Anode Overhang (All) (mm),LH1T-437,2770,2/7/2024 2:29,0.576,0.57423,0.4592,0.6983
Cathode Width (mm),LH1T-437,2770,2/7/2024 2:29,64.034,64.05857,63.878,64.1569
Core Area (mm²),LH1T-438,2771,2/7/2024 2:38,12.382,12.3852,12.28636,12.48741
Anode Overhang (All) (mm),LH1T-438,2771,2/7/2024 2:38,0.558,0.55977,0.3444,0.78788
Cathode Width (mm),LH1T-438,2771,2/7/2024 2:38,64.034,64.04217,63.8944,64.14057
Core Area (mm²),LH1T-439,2772,2/7/2024 2:47,12.266,12.26525,12.1652,12.35454
Anode Overhang (All) (mm),LH1T-439,2772,2/7/2024 2:47,0.567,0.57423,0.41131,0.7216
Cathode Width (mm),LH1T-439,2772,2/7/2024 2:47,64.04,64.05843,63.8616,64.15705
Core Area (mm²),LH1T-440,2773,2/7/2024 2:56,12.436,12.43859,12.36221,12.52211
Anode Overhang (All) (mm),LH1T-440,2773,2/7/2024 2:56,0.562,0.5636,0.4428,0.68958
Cathode Width (mm),LH1T-440,2773,2/7/2024 2:56,64.021,64.04202,63.8616,64.14053
Core Area (mm²),LH1T-441,2774,2/7/2024 3:06,12.532,12.53367,12.47786,12.59674
Anode Overhang (All) (mm),LH1T-441,2774,2/7/2024 3:06,0.565,0.5693,0.4592,0.6742
Cathode Width (mm),LH1T-441,2774,2/7/2024 3:06,64.026,64.04202,63.8781,64.14043
Core Area (mm²),LH1T-442,2775,2/7/2024 3:15,12.254,12.25328,12.1738,12.33948
Anode Overhang (All) (mm),LH1T-442,2775,2/7/2024 3:15,0.549,0.55784,0.3116,0.80427
Cathode Width (mm),LH1T-442,2775,2/7/2024 3:15,64.032,64.05841,63.8452,64.14048
Core Area (mm²),LH1T-443,2776,2/7/2024 3:24,12.416,12.41721,12.35454,12.46172
Anode Overhang (All) (mm),LH1T-443,2776,2/7/2024 3:24,0.556,0.55784,0.3772,0.73964
Cathode Width (mm),LH1T-443,2776,2/7/2024 3:24,64.03,64.04201,63.878,64.15685
Core Area (mm²),LH1T-444,2777,2/7/2024 3:33,12.364,12.36302,12.31043,12.44828
Anode Overhang (All) (mm),LH1T-444,2777,2/7/2024 3:33,0.568,0.57423,0.4592,0.6732
Cathode Width (mm),LH1T-444,2777,2/7/2024 3:33,64.038,64.0585,63.8616,64.15705
Core Area (mm²),LH1T-445,2778,2/7/2024 3:42,12.454,12.45702,12.38373,12.49951
Anode Overhang (All) (mm),LH1T-445,2778,2/7/2024 3:42,0.549,0.5576,0.41,0.689
Cathode Width (mm),LH1T-445,2778,2/7/2024 3:42,64.031,64.04221,63.8944,64.14057
Core Area (mm²),LH1T-446,2779,2/7/2024 3:51,12.357,12.35992,12.30465,12.42676
Anode Overhang (All) (mm),LH1T-446,2779,2/7/2024 3:51,0.583,0.5904,0.4756,0.69192
Cathode Width (mm),LH1T-446,2779,2/7/2024 3:51,64.034,64.0748,63.878,64.15701
Core Area (mm²),LH1T-447,2780,2/7/2024 4:00,12.239,12.23768,12.17219,12.31622
Anode Overhang (All) (mm),LH1T-447,2780,2/7/2024 4:00,0.555,0.55784,0.40766,0.68958
Cathode Width (mm),LH1T-447,2780,2/7/2024 4:00,64.038,64.05868,63.87841,64.15682
Core Area (mm²),LH1T-448,2781,2/7/2024 4:09,12.402,12.40766,12.34338,12.45056
Anode Overhang (All) (mm),LH1T-448,2781,2/7/2024 4:09,0.562,0.574,0.3936,0.738
Cathode Width (mm),LH1T-448,2781,2/7/2024 4:09,64.037,64.0584,63.878,64.15693
Core Area (mm²),LH1T-449,2782,2/7/2024 4:18,12.304,12.322,12.19182,12.40417
Anode Overhang (All) (mm),LH1T-449,2782,2/7/2024 4:18,0.551,0.55784,0.2952,0.82066
Cathode Width (mm),LH1T-449,2782,2/7/2024 4:18,64.036,64.05848,63.87801,64.15682
Anode Overhang (All) (mm),LH1T-450,2783,2/7/2024 4:27,0.549,0.5576,0.41,0.68958
Cathode Width (mm),LH1T-450,2783,2/7/2024 4:27,64.041,64.05857,63.8616,64.1569
Core Area (mm²),LH1T-450,2783,2/7/2024 4:27,12.374,12.3774,12.31783,12.41398
Core Area (mm²),LH1T-451,2784,2/7/2024 4:36,12.295,12.2982,12.25543,12.33222
Anode Overhang (All) (mm),LH1T-451,2784,2/7/2024 4:36,0.548,0.54219,0.40682,0.68958
Cathode Width (mm),LH1T-451,2784,2/7/2024 4:36,64.033,64.05848,63.878,64.17323
Core Area (mm²),LH1T-452,2785,2/7/2024 4:45,12.414,12.41371,12.37203,12.44505
Anode Overhang (All) (mm),LH1T-452,2785,2/7/2024 4:45,0.589,0.59063,0.5084,0.67559
Cathode Width (mm),LH1T-452,2785,2/7/2024 4:45,64.083,64.10765,63.94363,64.20608
Core Area (mm²),LH1T-453,2786,2/7/2024 4:54,12.294,12.29618,12.18886,12.39959
Anode Overhang (All) (mm),LH1T-453,2786,2/7/2024 4:54,0.549,0.55784,0.3936,0.68958
Cathode Width (mm),LH1T-453,2786,2/7/2024 4:54,64.043,64.05848,63.878,64.18981
Core Area (mm²),LH1T-454,2787,2/7/2024 5:03,12.513,12.50946,12.45016,12.64892
Anode Overhang (All) (mm),LH1T-454,2787,2/7/2024 5:03,0.556,0.5576,0.3608,0.75511
Cathode Width (mm),LH1T-454,2787,2/7/2024 5:03,64.021,64.04201,63.86161,64.14057
Core Area (mm²),LH1T-455,2788,2/7/2024 5:12,12.352,12.361,12.28179,12.39368
Anode Overhang (All) (mm),LH1T-455,2788,2/7/2024 5:12,0.549,0.55784,0.41,0.68958
Cathode Width (mm),LH1T-455,2788,2/7/2024 5:12,64.032,64.04208,63.8616,64.15682
Core Area (mm²),LH1T-456,2789,2/7/2024 5:21,12.387,12.38749,12.31985,12.44854
Anode Overhang (All) (mm),LH1T-456,2789,2/7/2024 5:21,0.585,0.5904,0.4592,0.72235
Cathode Width (mm),LH1T-456,2789,2/7/2024 5:21,64.081,64.10785,63.94373,64.20602
Core Area (mm²),LH1T-457,2790,2/7/2024 5:30,12.312,12.31554,12.18779,12.45325
Anode Overhang (All) (mm),LH1T-457,2790,2/7/2024 5:30,0.565,0.5693,0.45558,0.6742
Cathode Width (mm),LH1T-457,2790,2/7/2024 5:30,64.028,64.04205,63.878,64.15683
Core Area (mm²),LH1T-458,2791,2/7/2024 5:39,12.241,12.24373,12.17958,12.28824
Anode Overhang (All) (mm),LH1T-458,2791,2/7/2024 5:39,0.563,0.57423,0.41131,0.68958
Cathode Width (mm),LH1T-458,2791,2/7/2024 5:39,64.032,64.0584,63.84521,64.17322
Anode Overhang (All) (mm),LH1T-459,2792,2/7/2024 5:49,0.551,0.5576,0.41,0.69055
Cathode Width (mm),LH1T-459,2792,2/7/2024 5:49,64.043,64.0585,63.878,64.17337
Core Area (mm²),LH1T-459,2792,2/7/2024 5:49,12.326,12.32523,12.26471,12.36813
Core Area (mm²),LH1T-460,2793,2/7/2024 5:58,12.342,12.34338,12.30223,12.38709
Anode Overhang (All) (mm),LH1T-460,2793,2/7/2024 5:58,0.563,0.55977,0.4592,0.6742
Cathode Width (mm),LH1T-460,2793,2/7/2024 5:58,64.031,64.04205,63.8616,64.14065
Core Area (mm²),LH1T-461,2794,2/7/2024 6:07,12.431,12.43321,12.37821,12.47638
Anode Overhang (All) (mm),LH1T-461,2794,2/7/2024 6:07,0.57,0.57423,0.4428,0.69055
Cathode Width (mm),LH1T-461,2794,2/7/2024 6:07,64.038,64.05841,63.8616,64.15697
Core Area (mm²),LH1T-462,2795,2/7/2024 6:16,12.225,12.24481,12.08128,12.35629
Anode Overhang (All) (mm),LH1T-462,2795,2/7/2024 6:16,0.546,0.55784,0.328,0.78737
Cathode Width (mm),LH1T-462,2795,2/7/2024 6:16,64.039,64.05842,63.878,64.15688
Core Area (mm²),LH1T-463,2796,2/7/2024 6:25,12.266,12.27224,12.19075,12.32576
Anode Overhang (All) (mm),LH1T-463,2796,2/7/2024 6:25,0.574,0.57423,0.49309,0.65927
Cathode Width (mm),LH1T-463,2796,2/7/2024 6:25,64.063,64.09121,63.8944,64.18968
Core Area (mm²),LH1T-464,2797,2/7/2024 6:34,12.54,12.53865,12.5014,12.5876
Anode Overhang (All) (mm),LH1T-464,2797,2/7/2024 6:34,0.57,0.57423,0.328,0.83704
Cathode Width (mm),LH1T-464,2797,2/7/2024 6:34,64.077,64.1076,63.92721,64.18965
Core Area (mm²),LH1T-465,2798,2/7/2024 6:43,12.332,12.33155,12.22759,12.49481
Anode Overhang (All) (mm),LH1T-465,2798,2/7/2024 6:43,0.561,0.57423,0.43142,0.68958
Cathode Width (mm),LH1T-465,2798,2/7/2024 6:43,64.027,64.0421,63.8616,64.15721
Core Area (mm²),LH1T-466,2799,2/7/2024 6:52,12.282,12.29201,12.20487,12.33598
Anode Overhang (All) (mm),LH1T-466,2799,2/7/2024 6:52,0.554,0.5576,0.4264,0.67738
Cathode Width (mm),LH1T-466,2799,2/7/2024 6:52,64.038,64.05845,63.86161,64.17328
Core Area (mm²),LH1T-467,2800,2/7/2024 7:01,12.364,12.37324,12.27614,12.40134
Anode Overhang (All) (mm),LH1T-467,2800,2/7/2024 7:01,0.556,0.55856,0.4264,0.68958
Cathode Width (mm),LH1T-467,2800,2/7/2024 7:01,64.032,64.04205,63.878,64.1733
Anode Overhang (All) (mm),LH1T-468,2801,2/7/2024 7:10,0.578,0.57423,0.46183,0.68958
Cathode Width (mm),LH1T-468,2801,2/7/2024 7:10,64.076,64.10762,63.8944,64.20621
Core Area (mm²),LH1T-468,2801,2/7/2024 7:10,12.365,12.36907,12.2167,12.51928
Core Area (mm²),LH1T-469,2802,2/7/2024 7:19,12.342,12.35011,12.26821,12.42488
Anode Overhang (All) (mm),LH1T-469,2802,2/7/2024 7:19,0.558,0.55856,0.4428,0.67738
Cathode Width (mm),LH1T-469,2802,2/7/2024 7:19,64.024,64.0257,63.8616,64.14041
Core Area (mm²),LH1T-470,2803,2/7/2024 7:29,12.378,12.37539,12.3138,12.45083
Anode Overhang (All) (mm),LH1T-470,2803,2/7/2024 7:29,0.58,0.57494,0.492,0.6742
Cathode Width (mm),LH1T-470,2803,2/7/2024 7:29,64.075,64.1076,63.86161,64.20605
Core Area (mm²),LH1T-471,2804,2/7/2024 7:38,12.379,12.38278,12.33652,12.42165
Anode Overhang (All) (mm),LH1T-471,2804,2/7/2024 7:38,0.544,0.5576,0.3772,0.70539
Cathode Width (mm),LH1T-471,2804,2/7/2024 7:38,64.044,64.06684,63.87801,64.17355
Core Area (mm²),LH1T-472,2805,2/7/2024 7:47,12.227,12.23257,12.13413,12.3064
Anode Overhang (All) (mm),LH1T-472,2805,2/7/2024 7:47,0.561,0.55784,0.3772,0.75511
Cathode Width (mm),LH1T-472,2805,2/7/2024 7:47,64.044,64.0584,63.8616,64.17333
Core Area (mm²),LH1T-473,2806,2/7/2024 7:56,12.283,12.29618,12.16358,12.4277
Anode Overhang (All) (mm),LH1T-473,2806,2/7/2024 7:56,0.56,0.55784,0.3772,0.73873
Cathode Width (mm),LH1T-473,2806,2/7/2024 7:56,64.043,64.05848,63.86168,64.15715
Core Area (mm²),LH1T-474,2807,2/7/2024 8:05,12.351,12.35064,12.244,12.45123
Anode Overhang (All) (mm),LH1T-474,2807,2/7/2024 8:05,0.567,0.574,0.48926,0.65292
Cathode Width (mm),LH1T-474,2807,2/7/2024 8:05,64.03,64.0421,63.8944,64.1405
Core Area (mm²),LH1T-475,2808,2/7/2024 8:14,12.279,12.27897,12.19868,12.33827
Anode Overhang (All) (mm),LH1T-475,2808,2/7/2024 8:14,0.554,0.55784,0.43756,0.6726
Cathode Width (mm),LH1T-475,2808,2/7/2024 8:14,64.039,64.05843,63.89441,64.1569
Core Area (mm²),LH1T-476,2809,2/7/2024 8:24,12.602,12.60226,12.54362,12.65954
Anode Overhang (All) (mm),LH1T-476,2809,2/7/2024 8:24,0.543,0.54145,0.3772,0.72235
Cathode Width (mm),LH1T-476,2809,2/7/2024 8:24,64.06,64.07482,63.87805,64.18965
Anode Overhang (All) (mm),LH1T-477,2810,2/7/2024 8:33,0.559,0.55856,0.4756,0.64483
Cathode Width (mm),LH1T-477,2810,2/7/2024 8:33,64.041,64.05853,63.878,64.17345
Core Area (mm²),LH1T-477,2810,2/7/2024 8:33,12.331,12.3337,12.29282,12.37297
Core Area (mm²),LH1T-478,2811,2/7/2024 8:42,12.288,12.30734,12.17542,12.36476
Anode Overhang (All) (mm),LH1T-478,2811,2/7/2024 8:42,0.557,0.574,0.3608,0.7715
Cathode Width (mm),LH1T-478,2811,2/7/2024 8:42,64.03,64.0421,63.878,64.1407
Core Area (mm²),LH1T-479,2812,2/7/2024 8:51,12.287,12.29793,12.19209,12.3571
Anode Overhang (All) (mm),LH1T-479,2812,2/7/2024 8:51,0.562,0.55856,0.3608,0.7715
Cathode Width (mm),LH1T-479,2812,2/7/2024 8:51,64.045,64.05865,63.8944,64.1897
Core Area (mm²),LH1T-480,2814,2/7/2024 9:01,12.291,12.30129,12.18833,12.34621
Anode Overhang (All) (mm),LH1T-480,2814,2/7/2024 9:01,0.579,0.57423,0.4592,0.70596
Cathode Width (mm),LH1T-480,2814,2/7/2024 9:01,64.087,64.10761,63.89441,64.22243
Core Area (mm²),LH1T-481,2815,2/7/2024 9:10,12.272,12.27103,12.22773,12.30667
Anode Overhang (All) (mm),LH1T-481,2815,2/7/2024 9:10,0.549,0.54219,0.41521,0.6742
Cathode Width (mm),LH1T-481,2815,2/7/2024 9:10,64.037,64.05853,63.89445,64.17341
Core Area (mm²),LH1T-482,2816,2/7/2024 9:20,12.422,12.42958,12.26041,12.63547
Anode Overhang (All) (mm),LH1T-482,2816,2/7/2024 9:20,0.567,0.55784,0.2952,0.85296
Cathode Width (mm),LH1T-482,2816,2/7/2024 9:20,64.031,64.05848,63.87836,64.1569
Core Area (mm²),LH1T-483,2817,2/7/2024 9:29,12.408,12.40968,12.35387,12.47046
Anode Overhang (All) (mm),LH1T-483,2817,2/7/2024 9:29,0.588,0.59063,0.47673,0.69192
Cathode Width (mm),LH1T-483,2817,2/7/2024 9:29,64.031,64.05848,63.8616,64.14075
Core Area (mm²),LH1T-484,2818,2/7/2024 9:38,12.303,12.30855,12.24145,12.34567
Anode Overhang (All) (mm),LH1T-484,2818,2/7/2024 9:38,0.561,0.55784,0.43756,0.68958
Cathode Width (mm),LH1T-484,2818,2/7/2024 9:38,64.038,64.05845,63.8616,64.1733
Core Area (mm²),LH1T-485,2819,2/7/2024 9:48,12.594,12.59499,12.54779,12.67985
Anode Overhang (All) (mm),LH1T-485,2819,2/7/2024 9:48,0.575,0.57494,0.4756,0.6732
Cathode Width (mm),LH1T-485,2819,2/7/2024 9:48,64.037,64.05841,63.8616,64.1569
Core Area (mm²),LH1T-486,2820,2/7/2024 9:57,12.389,12.39852,12.3142,12.45352
Anode Overhang (All) (mm),LH1T-486,2820,2/7/2024 9:57,0.568,0.57423,0.43187,0.68958
Cathode Width (mm),LH1T-486,2820,2/7/2024 9:57,64.038,64.05842,63.87805,64.15727
Anode Overhang (All) (mm),LH1T-487,2821,2/7/2024 10:06,0.547,0.54516,0.3772,0.72235
Cathode Width (mm),LH1T-487,2821,2/7/2024 10:06,64.036,64.05843,63.86163,64.14061
Core Area (mm²),LH1T-487,2821,2/7/2024 10:06,12.438,12.43846,12.38157,12.47907
Core Area (mm²),LH1T-488,2822,2/7/2024 10:16,12.373,12.37687,12.30774,12.4125
Anode Overhang (All) (mm),LH1T-488,2822,2/7/2024 10:16,0.562,0.57423,0.42417,0.69055
Cathode Width (mm),LH1T-488,2822,2/7/2024 10:16,64.043,64.05843,63.8944,64.17341
Core Area (mm²),LH1T-489,2823,2/7/2024 10:25,12.384,12.38588,12.29672,12.43254
Anode Overhang (All) (mm),LH1T-489,2823,2/7/2024 10:25,0.562,0.574,0.3608,0.7715
Cathode Width (mm),LH1T-489,2823,2/7/2024 10:25,64.038,64.05841,63.86161,64.15697
Core Area (mm²),LH1T-490,2824,2/7/2024 10:35,12.301,12.31743,12.1769,12.41587
Anode Overhang (All) (mm),LH1T-490,2824,2/7/2024 10:35,0.557,0.54516,0.45744,0.6726
Cathode Width (mm),LH1T-490,2824,2/7/2024 10:35,64.043,64.07483,63.8944,64.15701
Core Area (mm²),LH1T-491,2825,2/7/2024 10:44,12.342,12.35105,12.20594,12.44545
Anode Overhang (All) (mm),LH1T-491,2825,2/7/2024 10:44,0.571,0.57423,0.34596,0.78788
Cathode Width (mm),LH1T-491,2825,2/7/2024 10:44,64.038,64.0585,63.8944,64.15705
Core Area (mm²),LH1T-492,2826,2/7/2024 10:54,12.335,12.34069,12.28179,12.37619
Anode Overhang (All) (mm),LH1T-492,2826,2/7/2024 10:54,0.544,0.54145,0.4428,0.65292
Cathode Width (mm),LH1T-492,2826,2/7/2024 10:54,64.04,64.0585,63.878,64.15715
Core Area (mm²),LH1T-493,2827,2/7/2024 11:03,12.287,12.29551,12.20836,12.36476
Anode Overhang (All) (mm),LH1T-493,2827,2/7/2024 11:03,0.56,0.5636,0.42036,0.68958
Cathode Width (mm),LH1T-493,2827,2/7/2024 11:03,64.026,64.0585,63.8619,64.14045
Core Area (mm²),LH1T-494,2828,2/7/2024 11:12,12.252,12.26552,12.14623,12.34795
Anode Overhang (All) (mm),LH1T-494,2828,2/7/2024 11:12,0.567,0.57423,0.40703,0.72235
Cathode Width (mm),LH1T-494,2828,2/7/2024 11:12,64.04,64.0584,63.87801,64.17337
Anode Overhang (All) (mm),LH1T-495,2829,2/7/2024 11:22,0.565,0.57423,0.44552,0.67738
Cathode Width (mm),LH1T-495,2829,2/7/2024 11:22,64.039,64.0584,63.8616,64.15685
Core Area (mm²),LH1T-495,2829,2/7/2024 11:22,12.191,12.19465,12.08316,12.30089
Core Area (mm²),LH1T-496,2830,2/7/2024 11:31,12.445,12.46213,12.34647,12.52964
Anode Overhang (All) (mm),LH1T-496,2830,2/7/2024 11:31,0.566,0.57423,0.4756,0.64296
Cathode Width (mm),LH1T-496,2830,2/7/2024 11:31,64.054,64.0749,63.87801,64.18965
Core Area (mm²),LH1T-497,2831,2/7/2024 11:41,12.251,12.25691,12.16735,12.34231
Anode Overhang (All) (mm),LH1T-497,2831,2/7/2024 11:41,0.56,0.55784,0.40881,0.70596
Cathode Width (mm),LH1T-497,2831,2/7/2024 11:41,64.04,64.0584,63.8944,64.17333
Core Area (mm²),LH1T-498,2832,2/7/2024 11:50,12.29,12.30035,12.17273,12.41856
Anode Overhang (All) (mm),LH1T-498,2832,2/7/2024 11:50,0.557,0.5576,0.3444,0.78788
Cathode Width (mm),LH1T-498,2832,2/7/2024 11:50,64.042,64.05853,63.89441,64.17333
Core Area (mm²),LH1T-499,2833,2/7/2024 11:59,12.323,12.32913,12.26068,12.3735
Anode Overhang (All) (mm),LH1T-499,2833,2/7/2024 11:59,0.551,0.54219,0.2624,0.86982
Cathode Width (mm),LH1T-499,2833,2/7/2024 11:59,64.027,64.042,63.8616,64.14041
Core Area (mm²),LH1T-500,2834,2/7/2024 12:09,12.34,12.3415,12.29604,12.39704
Anode Overhang (All) (mm),LH1T-500,2834,2/7/2024 12:09,0.565,0.574,0.41294,0.70596
Cathode Width (mm),LH1T-500,2834,2/7/2024 12:09,64.038,64.0585,63.89448,64.15685
